[Licensing::Module] Trying to connect to existing licensing client channel...
Built from '6000.5/staging' branch; Version is '6000.5.6f1 (0e0577a1a2ac) revision 918903'; Using compiler version '194234433'; Build Type 'Release'
[Licensing::IpcConnector] Successfully connected to: "LicenseClient-moham" at "2026-09-23T01:28:21.0900861Z"
OS: 'Windows 11  (10.0.26200) CoreSingleLanguage' Language: 'en' Physical Memory: 15791 MB
BatchMode: 0, IsHumanControllingUs: 1, StartBugReporterOnCrash: 1, Is64bit: 1
System  architecture: x64
Process architecture: x64
Date: 2026-09-23T01:28:21Z
[Licensing::Client] Error: HandshakeResponse reported an error:
	ResponseCode: 505
	ResponseStatus: Unsupported protocol version '1.18.1'.
[Licensing::Module] Error: Failed to handshake to channel: "LicenseClient-moham"
[Licensing::IpcConnector] LicenseClient-moham channel disconnected successfully.
[Licensing::IpcConnector] Channel LicenseClient-moham-6000.5.6 doesn't exist
[Licensing::Module] Successfully launched the LicensingClient (PId: 21548)

COMMAND LINE ARGUMENTS:
C:\Program Files\Unity\Hub\Editor\6000.5.6f1\Editor\Unity.exe
-projectpath
D:\Private\unity projects\graduation project
-acceptSoftwareTermsForThisRunOnly
-useHub
-hubIPC
-cloudEnvironment
production
-licensingIpc
LicenseClient-moham
-hubSessionId
9280a4ae-aeb9-4e7b-b0a5-b5988ef89ce2
-accessToken
qKIf-zj8NXec__bzeUQb14gVkOLAaWBXch4xwiGibfY00af
Successfully changed project path to: D:\Private\unity projects\graduation project
D:/Private/unity projects/graduation project
[UnityMemory] Configuration Parameters - Can be set up in boot.config
    "memorysetup-temp-allocator-size-gi-baking-worker=262144"
    "memorysetup-temp-allocator-size-gi-baking-worker=262144"
    "memorysetup-temp-allocator-size-gi-baking-worker=262144"
    "memorysetup-temp-allocator-size-gi-baking-worker=262144"
    "memorysetup-temp-allocator-size-gi-baking-worker=262144"
    "memorysetup-temp-allocator-size-nav-mesh-worker=65536"
    "memorysetup-temp-allocator-size-audio-worker=65536"
    "memorysetup-temp-allocator-size-cloud-worker=32768"
    "memorysetup-temp-allocator-size-gfx=262144"
    "memorysetup-temp-allocator-size-preload-manager=33554432"
    "memorysetup-allocator-temp-initial-block-size-main=262144"
    "memorysetup-allocator-temp-initial-block-size-worker=262144"
    "memorysetup-temp-allocator-size-job-worker=262144"
    "memorysetup-temp-allocator-size-background-worker=32768"
    "memorysetup-bucket-allocator-granularity=16"
    "memorysetup-bucket-allocator-bucket-count=8"
    "memorysetup-bucket-allocator-block-size=33554432"
    "memorysetup-bucket-allocator-block-count=8"
    "memorysetup-main-allocator-block-size=16777216"
    "memorysetup-thread-allocator-block-size=16777216"
    "memorysetup-main-allocator-mimalloc-enabled=0"
    "memorysetup-gfx-main-allocator-block-size=16777216"
    "memorysetup-gfx-thread-allocator-block-size=16777216"
    "memorysetup-cache-allocator-block-size=4194304"
    "memorysetup-typetree-allocator-block-size=2097152"
    "memorysetup-profiler-bucket-allocator-granularity=16"
    "memorysetup-profiler-bucket-allocator-bucket-count=8"
    "memorysetup-profiler-bucket-allocator-block-size=33554432"
    "memorysetup-profiler-bucket-allocator-block-count=8"
    "memorysetup-profiler-allocator-block-size=16777216"
    "memorysetup-profiler-editor-allocator-block-size=1048576"
    "memorysetup-temp-allocator-size-main=16777216"
    "memorysetup-job-temp-allocator-block-size=2097152"
    "memorysetup-job-temp-allocator-block-size-background=1048576"
    "memorysetup-job-temp-allocator-reduction-small-platforms=262144"
Player connection [14256]  Target information:

Player connection [14256]  * "[IP] 192.168.1.4 [Port] 55504 [Flags] 2 [Guid] 1179674765 [EditorId] 1179674765 [Version] 1048832 [Id] WindowsEditor(7,Mohamed_El-hout) [Debug] 1 [PackageName] WindowsEditor [ProjectName] Editor" 

Player connection [14256] Host joined multi-casting on [225.0.0.222:54997]...
Player connection [14256] Host joined alternative multi-casting on [225.0.0.222:34997]...
Input System module state changed to: Initialized.
[Physics::Module] Initialized fallback backend.
[Physics::Module] Id: 0xdecafbad
[Package Manager] Connected to IPC stream "Upm-8512" after 0.3 seconds.
[Licensing::Module] Licensing is not yet initialized.
[Licensing::IpcConnector] Successfully connected to: "LicenseClient-moham-6000.5.6" at "2026-09-23T01:28:26.780303Z"
[Licensing::Client] Code 10 while verifying Licensing Client signature (process Id: 21548, path: "C:/Program Files/Unity/Hub/Editor/6000.5.6f1/Editor/Data/Resources/Licensing/Client/Unity.Licensing.Client.exe")
[Licensing::Module] LicensingClient has failed validation; ignoring
[Licensing::Client] Handshaking with LicensingClient:
  Version:                 1.18.1+9fbee8e
  Session Id:              7e0f10083ae84a4e84be7d0e3466f58d
  Correlation Id:          4dcf35a5ed40ab3a3105ce183564445b
  External correlation Id: 1358505692342307651
  Machine Id:              CggcBLhDli6xer8RWuH3wsPVpWM=
[Licensing::Module] Successfully connected to LicensingClient on channel: "LicenseClient-moham-6000.5.6" (connect: 4.37s, validation: 0.49s, handshake: 0.01s)
[Licensing::IpcConnector] Successfully connected to: "LicenseClient-moham-6000.5.6-notifications" at "2026-09-23T01:28:27.2815507Z"
[Licensing::Module] Connected to LicensingClient (PId: 21548, launch time: 0.05, total connection time: 4.87s)
[Licensing::Client] Successfully updated the access token
[Licensing::Module] Successfully updated the access token qKIf-zj8NX...
[Licensing::Client] Successfully resolved entitlement details
[Licensing::Module] License group:
  Id: 11270698284028-UnityPersXXXX
  Product: Unity Personal
  Type: Assigned
  Expiration: Unlimited
[Licensing::Client] Successfully updated license, isAsync: True, time: 0.01
[Licensing::Client] Successfully resolved entitlement details
[Licensing::Module] Licensing Background thread has ended after 6.22s
[Licensing::Module] Licensing is initialized (took 4.36s).
[Licensing::Client] Successfully resolved entitlement details
Library Redirect Path: Library/
[Physics::Module] Selected backend.
[Physics::Module] Name: PhysX
[Physics::Module] Id: 0xf2b8ea05
[Physics::Module] SDK Version: 4.1.2
[Physics::Module] Integration Version: 1.0.0
[Physics::Module] Threading Mode: Multi-Threaded
Artifact Garbage Collection - Removed 2 unused hashed content files
Initialize engine version: 6000.5.6f1 (0e0577a1a2ac)
[Subsystems] Discovering subsystems at path C:/Program Files/Unity/Hub/Editor/6000.5.6f1/Editor/Data/Resources/UnitySubsystems
[Subsystems] Discovering subsystems at path D:/Private/unity projects/graduation project/Assets
[D3D12 Device Filter] Vendor Name: NVIDIA
[D3D12 Device Filter] Device Name: NVIDIA GeForce RTX 3060 Laptop GPU
[D3D12 Device Filter] Driver Version: 32.0.15.5597
[D3D12 Device Filter] Feature Level: 12.2
[D3D12 Device Filter] Graphics Memory: 5996 MB
[D3D12 Device Filter] Processor Count: 16
[D3D12 Device Filter] Device Type: Discrete
GfxDevice: creating device client; kGfxThreadingModeSplitJobs
d3d12: failed to query info queue interface (0x80004002).
Direct3D:
    Version:         Direct3D 12 [level 12.2]
    Renderer:        NVIDIA GeForce RTX 3060 Laptop GPU (ID=0x2520)
    Vendor:          NVIDIA
    VRAM:            5996 MB
    App VRAM Budget: 5228 MB
    Driver:          32.0.15.5597
Initialize mono
Mono path[0] = 'C:/Program Files/Unity/Hub/Editor/6000.5.6f1/Editor/Data/Managed'
Mono path[1] = 'C:/Program Files/Unity/Hub/Editor/6000.5.6f1/Editor/Data/BCLExtensions/runtime/netstandard2.1'
Mono path[2] = 'C:/Program Files/Unity/Hub/Editor/6000.5.6f1/Editor/Data/MonoBleedingEdge/lib/mono/unityjit-win32'
Mono config path = 'C:/Program Files/Unity/Hub/Editor/6000.5.6f1/Editor/Data/MonoBleedingEdge/etc'
Using monoOptions --debugger-agent=transport=dt_socket,embedding=1,server=y,suspend=n,address=127.0.0.1:56512
CodeReloadManager initialized
ImportWorker Server TCP listen port: 0
AcceleratorClientConnectionCallback - disconnected - :0
Begin MonoManager ReloadAssembly
Registering precompiled unity dll's ...
Register platform support module: C:/Program Files/Unity/Hub/Editor/6000.5.6f1/Editor/Data/PlaybackEngines/WebGLSupport/UnityEditor.WebGL.Extensions.dll
Register platform support module: C:/Program Files/Unity/Hub/Editor/6000.5.6f1/Editor/Data/PlaybackEngines/WindowsStandaloneSupport/UnityEditor.WindowsStandalone.Extensions.dll
Registered in 0.005292 seconds.
Native extension for WindowsStandalone target not found
Native extension for WebGL target not found
Package Manager log level set to [2]
ScheduleIndexationOnStartup MainProcess:False IndexOnStartup:True
Mono: successfully reloaded assembly
- Finished resetting the current domain, in  0.544 seconds
Domain Reload Profiling: 1215ms
	BeginReloadAssembly (166ms)
		CreateAndSetChildDomain (8ms)
	RebuildCommonClasses (6ms)
	RebuildNativeTypeToScriptingClass (28ms)
	initialDomainReloadingComplete (95ms)
	LoadAllAssembliesAndSetupDomain (372ms)
		LoadAssemblies (155ms)
		AnalyzeDomain (277ms)
			TypeCache.Refresh (275ms)
				TypeCache.ScanAssembly (257ms)
	FinalizeReload (548ms)
		SetupLoadedEditorAssemblies (0ms)
			InitializePlatformSupportModulesInManaged (3ms)
			BeforeProcessingInitializeOnLoad (104ms)
			ProcessInitializeOnLoadAttributes (113ms)
			ProcessInitializeOnLoadMethodAttributes (232ms)
[Licensing::Client] Successfully resolved entitlement details
Application.AssetDatabase Initial Refresh Start
[Package Manager] Restoring resolved packages state from cache
[Licensing::Client] Successfully resolved entitlement details
[Package Manager] Registered 57 packages:
  Packages from [https://packages.unity.com]:
    com.unity.ai.navigation@2.0.14 (location: D:\Private\unity projects\graduation project\Library\PackageCache\com.unity.ai.navigation@134dd6a3b97b)
    com.unity.collab-proxy@2.13.3 (location: D:\Private\unity projects\graduation project\Library\PackageCache\com.unity.collab-proxy@4f3be89e8675)
    com.unity.ide.rider@3.0.38 (location: D:\Private\unity projects\graduation project\Library\PackageCache\com.unity.ide.rider@1f60b3138684)
    com.unity.ide.visualstudio@2.0.26 (location: D:\Private\unity projects\graduation project\Library\PackageCache\com.unity.ide.visualstudio@a99d56dec63f)
    com.unity.inputsystem@1.20.0 (location: D:\Private\unity projects\graduation project\Library\PackageCache\com.unity.inputsystem@7a4e1a2a8194)
    com.unity.timeline@1.8.12 (location: D:\Private\unity projects\graduation project\Library\PackageCache\com.unity.timeline@8cd8509afae5)
    com.unity.visualscripting@1.9.11 (location: D:\Private\unity projects\graduation project\Library\PackageCache\com.unity.visualscripting@8bed5ad90189)
    com.unity.searcher@4.9.4 (location: D:\Private\unity projects\graduation project\Library\PackageCache\com.unity.searcher@d45a78918735)
    com.unity.burst@1.8.29 (location: D:\Private\unity projects\graduation project\Library\PackageCache\com.unity.burst@6bb9aca3ef38)
    com.unity.nuget.mono-cecil@1.11.6 (location: D:\Private\unity projects\graduation project\Library\PackageCache\com.unity.nuget.mono-cecil@ecb9724e46ff)
    com.unity.test-framework.performance@3.5.0 (location: D:\Private\unity projects\graduation project\Library\PackageCache\com.unity.test-framework.performance@8b56083ec0f0)
  Built-in packages:
    com.unity.multiplayer.center@1.0.1 (location: D:\Private\unity projects\graduation project\Library\PackageCache\com.unity.multiplayer.center@b860850997d0)
    com.unity.render-pipelines.universal@17.5.0 (location: D:\Private\unity projects\graduation project\Library\PackageCache\com.unity.render-pipelines.universal@73b4c4ff130e)
    com.unity.test-framework@1.7.0 (location: D:\Private\unity projects\graduation project\Library\PackageCache\com.unity.test-framework@1405238725ab)
    com.unity.ugui@2.5.0 (location: D:\Private\unity projects\graduation project\Library\PackageCache\com.unity.ugui@67707a67a4ab)
    com.unity.modules.accessibility@1.0.0 (location: D:\Private\unity projects\graduation project\Library\PackageCache\com.unity.modules.accessibility)
    com.unity.modules.adaptiveperformance@1.0.0 (location: D:\Private\unity projects\graduation project\Library\PackageCache\com.unity.modules.adaptiveperformance)
    com.unity.modules.ai@1.0.0 (location: D:\Private\unity projects\graduation project\Library\PackageCache\com.unity.modules.ai)
    com.unity.modules.androidjni@1.0.0 (location: D:\Private\unity projects\graduation project\Library\PackageCache\com.unity.modules.androidjni)
    com.unity.modules.animation@1.0.0 (location: D:\Private\unity projects\graduation project\Library\PackageCache\com.unity.modules.animation)
    com.unity.modules.assetbundle@1.0.0 (location: D:\Private\unity projects\graduation project\Library\PackageCache\com.unity.modules.assetbundle)
    com.unity.modules.audio@1.0.0 (location: D:\Private\unity projects\graduation project\Library\PackageCache\com.unity.modules.audio)
    com.unity.modules.cloth@1.0.0 (location: D:\Private\unity projects\graduation project\Library\PackageCache\com.unity.modules.cloth)
    com.unity.modules.director@1.0.0 (location: D:\Private\unity projects\graduation project\Library\PackageCache\com.unity.modules.director)
    com.unity.modules.imageconversion@1.0.0 (location: D:\Private\unity projects\graduation project\Library\PackageCache\com.unity.modules.imageconversion)
    com.unity.modules.imgui@1.0.0 (location: D:\Private\unity projects\graduation project\Library\PackageCache\com.unity.modules.imgui)
    com.unity.modules.jsonserialize@1.0.0 (location: D:\Private\unity projects\graduation project\Library\PackageCache\com.unity.modules.jsonserialize)
    com.unity.modules.particlesystem@1.0.0 (location: D:\Private\unity projects\graduation project\Library\PackageCache\com.unity.modules.particlesystem)
    com.unity.modules.physics@1.0.0 (location: D:\Private\unity projects\graduation project\Library\PackageCache\com.unity.modules.physics)
    com.unity.modules.physics2d@1.0.0 (location: D:\Private\unity projects\graduation project\Library\PackageCache\com.unity.modules.physics2d)
    com.unity.modules.physicscore2d@1.0.0 (location: D:\Private\unity projects\graduation project\Library\PackageCache\com.unity.modules.physicscore2d)
    com.unity.modules.screencapture@1.0.0 (location: D:\Private\unity projects\graduation project\Library\PackageCache\com.unity.modules.screencapture)
    com.unity.modules.terrain@1.0.0 (location: D:\Private\unity projects\graduation project\Library\PackageCache\com.unity.modules.terrain)
    com.unity.modules.terrainphysics@1.0.0 (location: D:\Private\unity projects\graduation project\Library\PackageCache\com.unity.modules.terrainphysics)
    com.unity.modules.tilemap@1.0.0 (location: D:\Private\unity projects\graduation project\Library\PackageCache\com.unity.modules.tilemap)
    com.unity.modules.ui@1.0.0 (location: D:\Private\unity projects\graduation project\Library\PackageCache\com.unity.modules.ui)
    com.unity.modules.uielements@1.0.0 (location: D:\Private\unity projects\graduation project\Library\PackageCache\com.unity.modules.uielements)
    com.unity.modules.umbra@1.0.0 (location: D:\Private\unity projects\graduation project\Library\PackageCache\com.unity.modules.umbra)
    com.unity.modules.unityanalytics@1.0.0 (location: D:\Private\unity projects\graduation project\Library\PackageCache\com.unity.modules.unityanalytics)
    com.unity.modules.unitywebrequest@1.0.0 (location: D:\Private\unity projects\graduation project\Library\PackageCache\com.unity.modules.unitywebrequest)
    com.unity.modules.unitywebrequestassetbundle@1.0.0 (location: D:\Private\unity projects\graduation project\Library\PackageCache\com.unity.modules.unitywebrequestassetbundle)
    com.unity.modules.unitywebrequestaudio@1.0.0 (location: D:\Private\unity projects\graduation project\Library\PackageCache\com.unity.modules.unitywebrequestaudio)
    com.unity.modules.unitywebrequesttexture@1.0.0 (location: D:\Private\unity projects\graduation project\Library\PackageCache\com.unity.modules.unitywebrequesttexture)
    com.unity.modules.unitywebrequestwww@1.0.0 (location: D:\Private\unity projects\graduation project\Library\PackageCache\com.unity.modules.unitywebrequestwww)
    com.unity.modules.vectorgraphics@1.0.0 (location: D:\Private\unity projects\graduation project\Library\PackageCache\com.unity.modules.vectorgraphics)
    com.unity.modules.vehicles@1.0.0 (location: D:\Private\unity projects\graduation project\Library\PackageCache\com.unity.modules.vehicles)
    com.unity.modules.video@1.0.0 (location: D:\Private\unity projects\graduation project\Library\PackageCache\com.unity.modules.video)
    com.unity.modules.wind@1.0.0 (location: D:\Private\unity projects\graduation project\Library\PackageCache\com.unity.modules.wind)
    com.unity.modules.xr@1.0.0 (location: D:\Private\unity projects\graduation project\Library\PackageCache\com.unity.modules.xr)
    com.unity.modules.subsystems@1.0.0 (location: D:\Private\unity projects\graduation project\Library\PackageCache\com.unity.modules.subsystems)
    com.unity.modules.hierarchycore@1.0.0 (location: D:\Private\unity projects\graduation project\Library\PackageCache\com.unity.modules.hierarchycore)
    com.unity.ext.nunit@2.1.0 (location: D:\Private\unity projects\graduation project\Library\PackageCache\com.unity.ext.nunit@44f7d31723bd)
    com.unity.render-pipelines.core@17.5.0 (location: D:\Private\unity projects\graduation project\Library\PackageCache\com.unity.render-pipelines.core@645717f21c5f)
    com.unity.shadergraph@17.5.0 (location: D:\Private\unity projects\graduation project\Library\PackageCache\com.unity.shadergraph@8d7376ec43ee)
    com.unity.render-pipelines.universal-config@17.5.0 (location: D:\Private\unity projects\graduation project\Library\PackageCache\com.unity.render-pipelines.universal-config@fdda01c80fe3)
    com.unity.collections@6.5.0 (location: D:\Private\unity projects\graduation project\Library\PackageCache\com.unity.collections@a43cabe808ca)
    com.unity.mathematics@1.4.0 (location: D:\Private\unity projects\graduation project\Library\PackageCache\com.unity.mathematics@981956d94fb6)
[Subsystems] No new subsystems found in resolved package list.
[Package Manager] Done registering packages in 0.03 seconds
info: Microsoft.Hosting.Lifetime[14]
      Now listening on: http://localhost:80
info: Microsoft.Hosting.Lifetime[0]
      Application started. Press Ctrl+C to shut down.
info: Microsoft.Hosting.Lifetime[0]
      Hosting environment: Production
info: Microsoft.Hosting.Lifetime[0]
      Content root path: D:\Private\unity projects\graduation project
info: Microsoft.AspNetCore.Hosting.Diagnostics[1]
      Request starting HTTP/2 POST http://ilpp/UnityILPP.PostProcessing/Ping - application/grpc -
info: Microsoft.AspNetCore.Routing.EndpointMiddleware[0]
      Executing endpoint 'gRPC - /UnityILPP.PostProcessing/Ping'
info: Microsoft.AspNetCore.Routing.EndpointMiddleware[1]
      Executed endpoint 'gRPC - /UnityILPP.PostProcessing/Ping'
info: Microsoft.AspNetCore.Hosting.Diagnostics[2]
      Request finished HTTP/2 POST http://ilpp/UnityILPP.PostProcessing/Ping - 200 - application/grpc 56.4369ms
Starting: C:\Program Files\Unity\Hub\Editor\6000.5.6f1\Editor\Data\Tools\BuildPipeline\bee_backend.exe --ipc --defer-dag-verification --dagfile="Library/Bee/1900b0aE.dag" --continue-on-failure --profile="Library/Bee/backend1.traceevents" ScriptAssemblies
WorkingDir: D:/Private/unity projects/graduation project
info: Microsoft.AspNetCore.Hosting.Diagnostics[1]
      Request starting HTTP/2 POST http://ilpp/UnityILPP.PostProcessing/ConfigurePostProcessors - application/grpc -
info: Microsoft.AspNetCore.Routing.EndpointMiddleware[0]
      Executing endpoint 'gRPC - /UnityILPP.PostProcessing/ConfigurePostProcessors'
warn: Unity.ILPP.Runner.PostProcessingAssemblyLoadContext[0]
      Assembly system.runtime.interopservices.windowsruntime has duplicate hint path. Ignoring "C:\Program Files\Unity\Hub\Editor\6000.5.6f1\Editor\Data\UnityReferenceAssemblies\unity-4.8-api\Facades\System.Runtime.InteropServices.WindowsRuntime.dll" in favor of "C:\Program Files\Unity\Hub\Editor\6000.5.6f1\Editor\Data\NetStandard\Extensions\2.0.0\System.Runtime.InteropServices.WindowsRuntime.dll"
warn: Unity.ILPP.Runner.PostProcessingAssemblyLoadContext[0]
      Assembly system.componentmodel.composition has duplicate hint path. Ignoring "C:\Program Files\Unity\Hub\Editor\6000.5.6f1\Editor\Data\UnityReferenceAssemblies\unity-4.8-api\System.ComponentModel.Composition.dll" in favor of "C:\Program Files\Unity\Hub\Editor\6000.5.6f1\Editor\Data\NetStandard\compat\2.1.0\shims\netfx\System.ComponentModel.Composition.dll"
info: Unity.ILPP.Runner.PostProcessingAssemblyLoadContext[0]
      Resolved Unity.Burst.Cecil, Version=0.11.6.0, Culture=neutral, PublicKeyToken=50cebf1cceb9d05e with Library\PackageCache\com.unity.burst@6bb9aca3ef38\Unity.Burst.CodeGen\Unity.Burst.Cecil.dll
info: Unity.ILPP.Runner.PostProcessingAssemblyLoadContext[0]
      Resolved Mono.Cecil, Version=0.11.5.0, Culture=neutral, PublicKeyToken=50cebf1cceb9d05e with Library\PackageCache\com.unity.nuget.mono-cecil@ecb9724e46ff\Mono.Cecil.dll
info: Microsoft.AspNetCore.Routing.EndpointMiddleware[1]
      Executed endpoint 'gRPC - /UnityILPP.PostProcessing/ConfigurePostProcessors'
info: Microsoft.AspNetCore.Hosting.Diagnostics[2]
      Request finished HTTP/2 POST http://ilpp/UnityILPP.PostProcessing/ConfigurePostProcessors - 200 - application/grpc 80.0739ms
ExitCode: 0 Duration: 0s465ms
[738/937    0s] ILPP-Configuration Library/ilpp-configuration.nevergeneratedoutput
*** Tundra build success (0.38 seconds), 1 items updated, 937 evaluated
AssetDatabase: script compilation time: 23.065583s
Begin MonoManager ReloadAssembly
Refreshing native plugins compatible for Editor in 5.95 ms, found 4 plugins.
Native extension for WindowsStandalone target not found
Native extension for WebGL target not found
ScheduleIndexationOnStartup MainProcess:True IndexOnStartup:True
Mono: successfully reloaded assembly
- Finished resetting the current domain, in  4.023 seconds
Domain Reload Profiling: 5280ms
	BeginReloadAssembly (367ms)
		DisableScriptedObjects (32ms)
		CreateAndSetChildDomain (156ms)
	RebuildCommonClasses (10ms)
	RebuildNativeTypeToScriptingClass (20ms)
	initialDomainReloadingComplete (67ms)
	LoadAllAssembliesAndSetupDomain (793ms)
		LoadAssemblies (476ms)
		AnalyzeDomain (292ms)
			TypeCache.Refresh (202ms)
				TypeCache.ScanAssembly (189ms)
			BuildScriptInfoCaches (78ms)
			ResolveRequiredComponents (9ms)
	FinalizeReload (4024ms)
		SetupLoadedEditorAssemblies (0ms)
			BeforeProcessingInitializeOnLoad (100ms)
			ProcessInitializeOnLoadAttributes (3204ms)
			ProcessInitializeOnLoadMethodAttributes (173ms)
			AfterProcessingInitializeOnLoad (7ms)
		AwakeInstancesAfterBackupRestoration (32ms)
Starting new worker id: 0 with log in D:/Private/unity projects/graduation project/Logs/AssetImportWorkerHW0.log

Asset Pipeline Refresh (id=99a9758f3b6f1d54babdc48cf09d0d8a): Total: 29.327 seconds - Initiated by InitialRefreshV2(ForceSynchronousImport)
	(Values over 0.05ms)
	Summary:
		Imports: total=0 (actual=0, local cache=0, cache server=0)
		Asset DB Process Time: managed=0 ms, native=4799 ms
		Asset DB Callback time: managed=44 ms, native=29 ms
		Scripting: domain reloads=1, domain reload time=1325 ms, compile time=23067 ms, other=61 ms
		Project Asset Count: scripts=1362, non-scripts=2318
		Asset File Changes: new=0, changed=0, moved=0, deleted=0
		Scan Filter Count: 0
	InvokePackagesCallback: 31.600ms
	ApplyChangesToAssetFolders: 0.787ms
	Scan: 241.475ms
	Collect global state as custom dependencies: 21.719ms
	CategorizeScriptCompilationAssets: 86.084ms
	ProcessAssetsWithTransientArtifactChanges: 91.797ms
	CategorizeAssets: 57.187ms
	CompileScripts: 23067.372ms
	ImportOutOfDateAssets: 4105.560ms (4047.285ms without children)
		UnloadImportedAssets: 0.972ms
		EnsureUptoDateAssetsAreRegisteredWithGuidPM: 0.758ms
		ImportSchedulerStart: 56.497ms
	PostProcessAllAssets: 44.532ms
		MonoPostProcessAllAssets: 44.457ms
			UniversalRenderPipelineGlobalSettingsPostprocessor.OnPostprocessAllAssets 13.497ms
			SyncVS.PostprocessSyncProject 6.268ms
			WindowAssetPostprocessingWatcher.OnPostprocessAllAssets 2.989ms
			SpeedTree9Postprocessor.OnPostprocessAllAssets 2.430ms
			EditModeScopePostprocessor.OnPostprocessAllAssets 1.602ms
			RenderPipelineGlobalSettingsPostprocessor.OnPostprocessAllAssets 0.895ms
			ReferencedClipsPostProcessor.OnPostprocessAllAssets 0.482ms
			ShaderReflectionAssetPostProcessor.OnPostprocessAllAssets 0.433ms
			InputActionAssetPostprocessor.OnPostprocessAllAssets 0.411ms
			TerrainToolbarOverlayPostProcessor.OnPostprocessAllAssets 0.283ms
			ProjectSettingsPostprocessor.OnPostprocessAllAssets 0.253ms
			AssetDatabaseCallbacks.OnPostprocessAllAssets 0.225ms
	UnloadStreamsBegin: 3.547ms
	PersistCurrentRevisions: 0.189ms
	GenerateScriptTypeHashes: 1.724ms
	GenerateScriptTypeSerializationHashes: 3.001ms
	Untracked: 1569.866ms

Application.AssetDatabase Initial Refresh End
Launched and connected shader compiler UnityShaderCompiler.exe after 0.02 seconds
Scanning for USB devices : 3.415ms
Initializing Unity extensions:
[MODES] ModeService[none].Initialize
[MODES] ModeService[none].LoadModes
[MODES] Loading mode Default (0) for mode-current-id-graduation project
Unloading 24 Unused Serialized files (Serialized files now loaded: 0)
Loaded scene 'Assets/Scenes/SampleScene.unity'
	Deserialize:            23.553 ms
	Integration:            297.828 ms
	Integration of assets:  0.037 ms
	Thread Wait Time:       -0.009 ms
	Total Operation Time:   321.408 ms
Unloading 6638 unused Assets / (7.2 MB). Loaded Objects now: 7669.
Memory consumption went from 421.3 MB to 414.1 MB.
Total: 21.357600 ms (FindLiveObjects: 1.320200 ms CreateObjectMapping: 3.004600 ms MarkObjects: 8.480600 ms  DeleteObjects: 8.547100 ms)

[LAYOUT] About to load UserSettings\Layouts\default-6000.dwlt, keepMainWindow=False
Worker ready: AssetImportWorkerHW0 0
[LAYOUT] About to save layout D:\Private\unity projects\graduation project\UserSettings\Layouts\default-6000.dwlt
[LAYOUT] About to save layout C:/Users/moham/AppData/Roaming/Unity/Editor-5.x/Preferences\Layouts\current\default-6000.dwlt
[MODES] ModeService[default].InitializeCurrentMode
[MODES] ModeService[default].RaiseModeChanged(default, default)
<RI> Initializing input.
Using Windows.Gaming.Input
[Project] Loading completed in 54.140 seconds
	Project init time: 				41.350 seconds
		Template init time: 		0.000 seconds
		Package Manager init time: 		4.610 seconds
		Asset Database init time: 		0.789 seconds
		Global illumination init time: 	0.037 seconds
		Assemblies load time: 			1.330 seconds
		Unity extensions init time: 	0.045 seconds
		Asset Database refresh time: 	29.327 seconds
	Scene opening time: 			12.451 seconds
##utp:{"type":"ProjectInfo","version":2,"phase":"Immediate","time":1790126955218,"processId":8512,"projectLoad":54.139946099999999,"projectInit":41.3495804,"templateInit":0.0,"packageManagerInit":4.6101025,"assetDatabaseInit":0.7893685,"globalIlluminationInit":0.0367011,"assembliesLoad":1.3300127,"unityExtensionsInit":0.0453152,"assetDatabaseRefresh":29.3273962,"sceneOpening":12.450651}
##utp:{"type":"EditorInfo","version":2,"phase":"Immediate","time":1790126955218,"processId":8512,"editorVersion":"6000.5.6f1 (0e0577a1a2ac)","branch":"6000.5/staging","buildType":"Release","platform":"Windows"}
[Licensing::Client] Successfully resolved entitlement details
Asset Pipeline Refresh (id=4749d806f3dd7734dab76327be4d36f1): Total: 0.101 seconds - Initiated by RefreshV2(AllowForceSynchronousImport)
[Licensing::Client] Successfully resolved entitlement details
Start Indexing on Editor startup
[Indexing] Starting Initial Indexing for Assets
Created GICache directory at C:/Users/moham/AppData/LocalLow/Unity/Caches/GiCache. Took: 0.027s, timestamps: [66.841 - 66.868]
[Licensing::Client] Successfully resolved entitlement details
[Licensing::Client] Successfully resolved entitlement details
[Licensing::Client] Successfully resolved entitlement details
[Licensing::Client] Successfully resolved entitlement details
[Licensing::Client] Successfully updated the access token
[Licensing::Module] Successfully updated access token: "qKIf-zj8"... (expires: 2026-09-23T03:23:46Z)
Starting new worker id: 1 with log in D:/Private/unity projects/graduation project/Logs/AssetImportWorkerHW1.log
[Worker0] Imported GUID: 99c9720ab356a0642a771bea13969a05 - Path: Assets/Scenes/SampleScene.unity - Importer: ScriptedImporter/UnityEditor.QuickSearchModule:UnityEditor.Search:ASIAI0B -> (ImportResultId: 'c67b25ed9042446896f3c67a4fdf9354') in 0.109177 seconds
[Worker0] Imported GUID: fa69697be3070b04a893666f5947f18c - Path: Packages/com.unity.render-pipelines.core/Runtime/Debugging/Runtime UI Resources/RuntimeDebugWindow_PanelSettings.asset - Importer: ScriptedImporter/UnityEditor.QuickSearchModule:UnityEditor.Search:ASIAI0B -> (ImportResultId: 'b11ae78a4de53d127272bcc8567881bd') in 0.0953971 seconds
[Worker0] Imported GUID: f53adee2f85fb7449b31aacea1c4dae7 - Path: Assets/Scripts/RISController.cs - Importer: ScriptedImporter/UnityEditor.QuickSearchModule:UnityEditor.Search:ASIAI0B -> (ImportResultId: 'cbf7981a77f89897d97a2ca4fc2474f9') in 0.0286254 seconds
UPID Received '291acd71-118b-40ac-89d3-7ffcec4a79ac'.
Worker ready: AssetImportWorkerHW1 1
[Licensing::Client] Successfully resolved entitlement details
Request Asset Garbage Collect because used heap size increased from 414.5 MB to 0.65 GB, exceeding the threshold of 256.0 MB.
Unloading 4 Unused Serialized files (Serialized files now loaded: 0)
Unloading 42 unused Assets / (4.0 KB). Loaded Objects now: 8946.
Memory consumption went from 0.65 GB to 0.65 GB.
Total: 22.125100 ms (FindLiveObjects: 0.956700 ms CreateObjectMapping: 1.376300 ms MarkObjects: 18.761300 ms  DeleteObjects: 1.028500 ms)

TrimDiskCacheJob: Current cache size 0mb
Asset Pipeline Refresh (id=f90bc4f1758d92b48ac9e2e94ee87725): Total: 0.014 seconds - Initiated by RefreshV2(AllowForceSynchronousImport)
Asset Pipeline Refresh (id=5b48173f35ab9b149a7f4c1b076ea2aa): Total: 0.004 seconds - Initiated by RefreshV2(AllowForceSynchronousImport)
Importing 'GUID: 99c9720ab356a0642a771bea13969a05 - Path: Assets/Scenes/SampleScene.unity' with importer (DefaultImporter)
Imported 'GUID: 99c9720ab356a0642a771bea13969a05' -> (Import Result ID: '3ff6b65115f85fbca1c16578604ca36f') in 0.006 seconds [static dependencies only]. Details - ImportResultOutputID=378ca25c6c95e370f41ed482e616ed68 DependenciesID=05f86b737fec9f5971435a268d30e5de StaticDependenciesID=84dc4087e3f36ab40b8a0507c1ae477f 
Asset Pipeline Refresh (id=6ec0f53507828b247abfc18323d61f1b): Total: 0.143 seconds - Initiated by StopAssetImportingV2(NoUpdateAssetOptions)
[Worker0] Imported GUID: 99c9720ab356a0642a771bea13969a05 - Path: Assets/Scenes/SampleScene.unity - Importer: ScriptedImporter/UnityEditor.QuickSearchModule:UnityEditor.Search:ASIAI0B -> (ImportResultId: '31d1e440fc8b2fde6b3cb06c1119a777') in 0.0179114 seconds
Asset Pipeline Refresh (id=9e9470f9e5dbb6040987973f657091ba): Total: 0.012 seconds - Initiated by RefreshV2(AllowForceSynchronousImport)
Asset Pipeline Refresh (id=564100db591336c49a656a7582b8763b): Total: 0.005 seconds - Initiated by RefreshV2(AllowForceSynchronousImport)
Asset Pipeline Refresh (id=5ba16f455378ad64ab0babc82bd8011b): Total: 0.004 seconds - Initiated by RefreshV2(AllowForceSynchronousImport)
Asset Pipeline Refresh (id=1efad5b6a55996647ae49bb3ef340ab0): Total: 0.005 seconds - Initiated by RefreshV2(AllowForceSynchronousImport)
[Licensing::Client] Successfully resolved entitlement details
[ScriptCompilation] Requested script compilation because: AssetDatabase observed changes in script compilation related files
Refreshing native plugins compatible for Editor in 3.02 ms, found 4 plugins.
Asset Pipeline Refresh (id=43fcb40e30c25fd4ab0dd6b82d9f3f20): Total: 0.106 seconds - Initiated by RefreshV2(NoUpdateAssetOptions)
[Worker0] Imported GUID: f53adee2f85fb7449b31aacea1c4dae7 - Path: Assets/Scripts/RISController.cs - Importer: PreviewImporter -> (ImportResultId: 'fd53970ee54ebf821087724e99781890') in 0.0158819 seconds
[Worker0] Imported GUID: f53adee2f85fb7449b31aacea1c4dae7 - Path: Assets/Scripts/RISController.cs - Importer: ScriptedImporter/UnityEditor.QuickSearchModule:UnityEditor.Search:ASIAI0B -> (ImportResultId: 'a462594a867da419ed83d58019f783d3') in 0.0196861 seconds
[Licensing::Client] Successfully resolved entitlement details
info: Microsoft.AspNetCore.Hosting.Diagnostics[1]
      Request starting HTTP/2 POST http://ilpp/UnityILPP.PostProcessing/Ping - application/grpc -
info: Microsoft.AspNetCore.Routing.EndpointMiddleware[0]
      Executing endpoint 'gRPC - /UnityILPP.PostProcessing/Ping'
info: Microsoft.AspNetCore.Routing.EndpointMiddleware[1]
      Executed endpoint 'gRPC - /UnityILPP.PostProcessing/Ping'
info: Microsoft.AspNetCore.Hosting.Diagnostics[2]
      Request finished HTTP/2 POST http://ilpp/UnityILPP.PostProcessing/Ping - 200 - application/grpc 0.7086ms
Starting: C:\Program Files\Unity\Hub\Editor\6000.5.6f1\Editor\Data\Tools\BuildPipeline\bee_backend.exe --ipc --defer-dag-verification --dagfile="Library/Bee/1900b0aE.dag" --continue-on-failure --profile="Library/Bee/backend1.traceevents" ScriptAssemblies
WorkingDir: D:/Private/unity projects/graduation project
info: Microsoft.AspNetCore.Hosting.Diagnostics[1]
      Request starting HTTP/2 POST http://ilpp/UnityILPP.PostProcessing/ConfigurePostProcessors - application/grpc -
info: Microsoft.AspNetCore.Routing.EndpointMiddleware[0]
      Executing endpoint 'gRPC - /UnityILPP.PostProcessing/ConfigurePostProcessors'
info: Unity.ILPP.Runner.PostProcessingAssemblyLoadContext[0]
      Current configuration matches the requested one, skipping
info: Microsoft.AspNetCore.Routing.EndpointMiddleware[1]
      Executed endpoint 'gRPC - /UnityILPP.PostProcessing/ConfigurePostProcessors'
info: Microsoft.AspNetCore.Hosting.Diagnostics[2]
      Request finished HTTP/2 POST http://ilpp/UnityILPP.PostProcessing/ConfigurePostProcessors - 200 - application/grpc 1.4933ms
info: Microsoft.AspNetCore.Hosting.Diagnostics[1]
      Request starting HTTP/2 POST http://ilpp/UnityILPP.PostProcessing/PostProcessAssembly - application/grpc -
info: Microsoft.AspNetCore.Routing.EndpointMiddleware[0]
      Executing endpoint 'gRPC - /UnityILPP.PostProcessing/PostProcessAssembly'
info: Unity.ILPP.Runner.PostProcessingPipeline[0]
      Processing assembly Library/Bee/artifacts/1900b0aE.dag/Assembly-CSharp.dll, with 142 defines and 339 references
info: Unity.ILPP.Runner.PostProcessingPipeline[0]
      processors: Unity.Jobs.CodeGen.JobsILPostProcessor, zzzUnity.Burst.CodeGen.BurstILPostProcessor
info: Unity.ILPP.Runner.PostProcessingPipeline[0]
      running Unity.Jobs.CodeGen.JobsILPostProcessor
info: Unity.ILPP.Runner.PostProcessingAssemblyLoadContext[0]
      Resolved Unity.Collections, Version=0.0.0.0, Culture=neutral, PublicKeyToken=null with Library\Bee\artifacts\1900b0aE.dag\Unity.Collections.dll
info: Unity.ILPP.Runner.PostProcessingAssemblyLoadContext[0]
      Resolved UnityEditor.CoreModule, Version=0.0.0.0, Culture=neutral, PublicKeyToken=null with C:\Program Files\Unity\Hub\Editor\6000.5.6f1\Editor\Data\Managed\UnityEngine\UnityEditor.CoreModule.dll
info: Unity.ILPP.Runner.PostProcessingAssemblyLoadContext[0]
      Resolved UnityEngine.CoreModule, Version=0.0.0.0, Culture=neutral, PublicKeyToken=null with C:\Program Files\Unity\Hub\Editor\6000.5.6f1\Editor\Data\Managed\UnityEngine\UnityEngine.CoreModule.dll
info: Unity.ILPP.Runner.PostProcessingAssemblyLoadContext[0]
      Resolved Unity.Scripting, Version=0.0.0.0, Culture=neutral, PublicKeyToken=null with C:\Program Files\Unity\Hub\Editor\6000.5.6f1\Editor\Data\Managed\UnityEngine\Unity.Scripting.dll
info: Unity.ILPP.Runner.PostProcessingPipeline[0]
      running zzzUnity.Burst.CodeGen.BurstILPostProcessor
info: Unity.ILPP.Runner.PostProcessingAssemblyLoadContext[0]
      Resolved Unity.Burst.Cecil.Rocks, Version=0.11.6.0, Culture=neutral, PublicKeyToken=50cebf1cceb9d05e with Library\PackageCache\com.unity.burst@6bb9aca3ef38\Unity.Burst.CodeGen\Unity.Burst.Cecil.Rocks.dll
info: Microsoft.AspNetCore.Routing.EndpointMiddleware[1]
      Executed endpoint 'gRPC - /UnityILPP.PostProcessing/PostProcessAssembly'
info: Microsoft.AspNetCore.Hosting.Diagnostics[2]
      Request finished HTTP/2 POST http://ilpp/UnityILPP.PostProcessing/PostProcessAssembly - 200 - application/grpc 369.3587ms
info: Microsoft.AspNetCore.Hosting.Diagnostics[1]
      Request starting HTTP/2 POST http://ilpp/UnityILPP.PostProcessing/PostProcessAssembly - application/grpc -
info: Microsoft.AspNetCore.Routing.EndpointMiddleware[0]
      Executing endpoint 'gRPC - /UnityILPP.PostProcessing/PostProcessAssembly'
info: Unity.ILPP.Runner.PostProcessingPipeline[0]
      Processing assembly Library/Bee/artifacts/1900b0aE.dag/Assembly-CSharp-Editor.dll, with 140 defines and 362 references
info: Unity.ILPP.Runner.PostProcessingPipeline[0]
      processors: Unity.Jobs.CodeGen.JobsILPostProcessor, zzzUnity.Burst.CodeGen.BurstILPostProcessor
info: Unity.ILPP.Runner.PostProcessingPipeline[0]
      running Unity.Jobs.CodeGen.JobsILPostProcessor
info: Unity.ILPP.Runner.PostProcessingPipeline[0]
      running zzzUnity.Burst.CodeGen.BurstILPostProcessor
info: Microsoft.AspNetCore.Routing.EndpointMiddleware[1]
      Executed endpoint 'gRPC - /UnityILPP.PostProcessing/PostProcessAssembly'
info: Microsoft.AspNetCore.Hosting.Diagnostics[2]
      Request finished HTTP/2 POST http://ilpp/UnityILPP.PostProcessing/PostProcessAssembly - 200 - application/grpc 39.4399ms
ExitCode: 0 Duration: 4s28ms
[736/937    0s] ILPP-Configuration Library/ilpp-configuration.nevergeneratedoutput
[929/937    3s] Csc Library/Bee/artifacts/1900b0aE.dag/Assembly-CSharp.dll (+2 others)
[930/937    0s] Csc Library/Bee/artifacts/1900b0aE.dag/Assembly-CSharp-Editor.dll (+2 others)
[931/937    0s] ILPostProcess Library/Bee/artifacts/1900b0aE.dag/post-processed/Assembly-CSharp.dll (+pdb)
Processing assembly Library/Bee/artifacts/1900b0aE.dag/Assembly-CSharp.dll, with 142 defines and 339 references

processors: Unity.Jobs.CodeGen.JobsILPostProcessor, zzzUnity.Burst.CodeGen.BurstILPostProcessor

running Unity.Jobs.CodeGen.JobsILPostProcessor

running zzzUnity.Burst.CodeGen.BurstILPostProcessor
[932/937    0s] CopyFiles Library/ScriptAssemblies/Assembly-CSharp.dll
[933/937    0s] CopyFiles Library/ScriptAssemblies/Assembly-CSharp.pdb
[934/937    0s] ILPostProcess Library/Bee/artifacts/1900b0aE.dag/post-processed/Assembly-CSharp-Editor.dll (+pdb)
Processing assembly Library/Bee/artifacts/1900b0aE.dag/Assembly-CSharp-Editor.dll, with 140 defines and 362 references

processors: Unity.Jobs.CodeGen.JobsILPostProcessor, zzzUnity.Burst.CodeGen.BurstILPostProcessor

running Unity.Jobs.CodeGen.JobsILPostProcessor

running zzzUnity.Burst.CodeGen.BurstILPostProcessor
[935/937    0s] CopyFiles Library/ScriptAssemblies/Assembly-CSharp-Editor.pdb
[936/937    0s] CopyFiles Library/ScriptAssemblies/Assembly-CSharp-Editor.dll
*** Tundra build success (3.99 seconds), 9 items updated, 937 evaluated
Reloading assemblies after forced synchronous recompile.
Begin MonoManager ReloadAssembly
Native extension for WindowsStandalone target not found
Native extension for WebGL target not found
[MODES] ModeService[none].Initialize
[MODES] ModeService[none].LoadModes
ScheduleIndexationOnStartup MainProcess:True IndexOnStartup:True
Mono: successfully reloaded assembly
- Finished resetting the current domain, in  2.403 seconds
Domain Reload Profiling: 4096ms
	BeginReloadAssembly (1167ms)
		DisableScriptedObjects (234ms)
		CreateAndSetChildDomain (563ms)
	RebuildCommonClasses (12ms)
	RebuildNativeTypeToScriptingClass (20ms)
	initialDomainReloadingComplete (70ms)
	LoadAllAssembliesAndSetupDomain (423ms)
		LoadAssemblies (159ms)
		AnalyzeDomain (250ms)
			TypeCache.Refresh (10ms)
			BuildScriptInfoCaches (210ms)
			ResolveRequiredComponents (28ms)
	FinalizeReload (2404ms)
		SetupLoadedEditorAssemblies (0ms)
			InitializePlatformSupportModulesInManaged (3ms)
			BeforeProcessingInitializeOnLoad (220ms)
			ProcessInitializeOnLoadAttributes (521ms)
			ProcessInitializeOnLoadMethodAttributes (174ms)
			AfterProcessingInitializeOnLoad (7ms)
		AwakeInstancesAfterBackupRestoration (795ms)

Asset Pipeline Refresh (id=d659bb77e1e6d3b47b306420046d1a48): Total: 8.620 seconds - Initiated by RefreshV2(AllowForceSynchronousImport)
	(Values over 0.05ms)
	Summary:
		Imports: total=0 (actual=0, local cache=0, cache server=0)
		Asset DB Process Time: managed=0 ms, native=2579 ms
		Asset DB Callback time: managed=34 ms, native=0 ms
		Scripting: domain reloads=1, domain reload time=1788 ms, compile time=4217 ms, other=0 ms
		Project Asset Count: scripts=1362, non-scripts=2318
		Asset File Changes: new=0, changed=0, moved=0, deleted=0
		Scan Filter Count: 0
	InvokePackagesCallback: 2.373ms
	ApplyChangesToAssetFolders: 0.406ms
	Scan: 3.496ms
	Collect global state as custom dependencies: 3.281ms
	ProcessAssetsWithTransientArtifactChanges: 6.547ms
	CategorizeAssets: 54.251ms
	CompileScripts: 4216.588ms
	ImportOutOfDateAssets: 2456.631ms (2417.767ms without children)
		CollectScriptTypesHashes: 6.487ms
		ReloadNativeAssets: 1.234ms
		UnloadImportedAssets: 2.112ms
		EnsureUptoDateAssetsAreRegisteredWithGuidPM: 0.872ms
		ImportSchedulerStart: 34.620ms
	PostProcessAllAssets: 34.659ms
		MonoPostProcessAllAssets: 34.654ms
			UniversalRenderPipelineGlobalSettingsPostprocessor.OnPostprocessAllAssets 11.755ms
			AssetPostprocessor.OnPostprocessAllAssets 4.231ms
			SyncVS.PostprocessSyncProject 3.444ms
			WindowAssetPostprocessingWatcher.OnPostprocessAllAssets 2.530ms
			SpeedTree9Postprocessor.OnPostprocessAllAssets 2.116ms
			EditModeScopePostprocessor.OnPostprocessAllAssets 1.044ms
			RenderPipelineGlobalSettingsPostprocessor.OnPostprocessAllAssets 0.838ms
			ProjectSettingsPostprocessor.OnPostprocessAllAssets 0.819ms
			ShaderReflectionAssetPostProcessor.OnPostprocessAllAssets 0.433ms
			ReferencedClipsPostProcessor.OnPostprocessAllAssets 0.334ms
			InputActionAssetPostprocessor.OnPostprocessAllAssets 0.321ms
			AssetDatabaseCallbacks.OnPostprocessAllAssets 0.178ms
			TerrainToolbarOverlayPostProcessor.OnPostprocessAllAssets 0.162ms
			AssetChangedListener.OnPostprocessAllAssets 0.090ms
			ShaderGraphAssetPostProcessor.OnPostprocessAllAssets 0.086ms
	GatherAllCurrentPrimaryImportResultRevisions: 0.190ms
	PersistCurrentRevisions: 0.113ms
	GenerateScriptTypeHashes: 6.633ms
	GenerateScriptTypeSerializationHashes: 9.719ms
	Untracked: 1831.400ms

[Licensing::Client] Successfully resolved entitlement details
[Licensing::Client] Successfully resolved entitlement details
[Licensing::Client] Successfully resolved entitlement details
Reloading assemblies for play mode.
Reloading assemblies after forced synchronous recompile.
Begin MonoManager ReloadAssembly
Native extension for WindowsStandalone target not found
Native extension for WebGL target not found
ScheduleIndexationOnStartup MainProcess:True IndexOnStartup:True
[MODES] ModeService[none].Initialize
[MODES] ModeService[none].LoadModes
Mono: successfully reloaded assembly
- Finished resetting the current domain, in  2.414 seconds
Domain Reload Profiling: 3550ms
	BeginReloadAssembly (830ms)
		DisableScriptedObjects (106ms)
		CreateAndSetChildDomain (514ms)
	RebuildCommonClasses (12ms)
	RebuildNativeTypeToScriptingClass (20ms)
	initialDomainReloadingComplete (68ms)
	LoadAllAssembliesAndSetupDomain (205ms)
		LoadAssemblies (152ms)
		AnalyzeDomain (41ms)
			TypeCache.Refresh (7ms)
			ResolveRequiredComponents (29ms)
	FinalizeReload (2415ms)
		SetupLoadedEditorAssemblies (0ms)
			BeforeProcessingInitializeOnLoad (100ms)
			ProcessInitializeOnLoadAttributes (519ms)
			ProcessInitializeOnLoadMethodAttributes (176ms)
			AfterProcessingInitializeOnLoad (7ms)
		AwakeInstancesAfterBackupRestoration (880ms)

Asset Pipeline Refresh (id=5d7e36c4a524476438769ef4273d820f): Total: 3.789 seconds - Initiated by StopAssetImportingV2(ForceSynchronousImport | ForceDomainReload)
	(Values over 0.05ms)
	Summary:
		Imports: total=0 (actual=0, local cache=0, cache server=0)
		Asset DB Process Time: managed=0 ms, native=2565 ms
		Asset DB Callback time: managed=33 ms, native=0 ms
		Scripting: domain reloads=1, domain reload time=1188 ms, compile time=1 ms, other=0 ms
		Project Asset Count: scripts=1362, non-scripts=2318
		Asset File Changes: new=0, changed=0, moved=0, deleted=0
		Scan Filter Count: 0
	InvokePackagesCallback: 1.873ms
	ApplyChangesToAssetFolders: 0.387ms
	Collect global state as custom dependencies: 2.896ms
	ProcessAssetsWithTransientArtifactChanges: 0.296ms
	CategorizeAssets: 55.462ms
	CompileScripts: 1.477ms
	ImportOutOfDateAssets: 2465.043ms (2429.040ms without children)
		CollectScriptTypesHashes: 0.973ms
		ReloadNativeAssets: 1.799ms
		UnloadImportedAssets: 0.258ms
		EnsureUptoDateAssetsAreRegisteredWithGuidPM: 0.845ms
		ImportSchedulerStart: 33.070ms
	PostProcessAllAssets: 33.274ms
		MonoPostProcessAllAssets: 33.269ms
			UniversalRenderPipelineGlobalSettingsPostprocessor.OnPostprocessAllAssets 11.129ms
			AssetPostprocessor.OnPostprocessAllAssets 4.231ms
			SyncVS.PostprocessSyncProject 3.323ms
			SpeedTree9Postprocessor.OnPostprocessAllAssets 2.148ms
			WindowAssetPostprocessingWatcher.OnPostprocessAllAssets 2.127ms
			ProjectSettingsPostprocessor.OnPostprocessAllAssets 0.821ms
			RenderPipelineGlobalSettingsPostprocessor.OnPostprocessAllAssets 0.767ms
			ShaderReflectionAssetPostProcessor.OnPostprocessAllAssets 0.449ms
			EditModeScopePostprocessor.OnPostprocessAllAssets 0.363ms
			InputActionAssetPostprocessor.OnPostprocessAllAssets 0.327ms
			ReferencedClipsPostProcessor.OnPostprocessAllAssets 0.309ms
			AssetDatabaseCallbacks.OnPostprocessAllAssets 0.237ms
			TerrainToolbarOverlayPostProcessor.OnPostprocessAllAssets 0.168ms
			AssetChangedListener.OnPostprocessAllAssets 0.090ms
			ShaderGraphAssetPostProcessor.OnPostprocessAllAssets 0.086ms
	GatherAllCurrentPrimaryImportResultRevisions: 0.152ms
	UnloadStreamsBegin: 2.001ms
	PersistCurrentRevisions: 0.115ms
	GenerateScriptTypeHashes: 3.115ms
	GenerateScriptTypeSerializationHashes: 5.051ms
	Untracked: 1221.098ms

Loaded scene 'Temp/__Backupscenes/0.backup'
	Deserialize:            2.329 ms
	Integration:            380.046 ms
	Integration of assets:  0.003 ms
	Thread Wait Time:       0.007 ms
	Total Operation Time:   382.385 ms
RIS Controller Started
UnityEngine.Debug:ExtractStackTraceNoAlloc (byte*,int,string)
UnityEngine.StackTraceUtility:ExtractStackTrace ()
UnityEngine.DebugLogHandler:Internal_Log (UnityEngine.LogType,UnityEngine.LogOption,string,UnityEngine.Object)
UnityEngine.DebugLogHandler:LogFormat (UnityEngine.LogType,UnityEngine.Object,string,object[])
UnityEngine.Logger:Log (UnityEngine.LogType,object)
UnityEngine.Debug:Log (object)
RISController:Start () (at Assets/Scripts/RISController.cs:12)

(Filename: Assets/Scripts/RISController.cs Line: 12)

Number of RIS Elements: 16
UnityEngine.Debug:ExtractStackTraceNoAlloc (byte*,int,string)
UnityEngine.StackTraceUtility:ExtractStackTrace ()
UnityEngine.DebugLogHandler:Internal_Log (UnityEngine.LogType,UnityEngine.LogOption,string,UnityEngine.Object)
UnityEngine.DebugLogHandler:LogFormat (UnityEngine.LogType,UnityEngine.Object,string,object[])
UnityEngine.Logger:Log (UnityEngine.LogType,object)
UnityEngine.Debug:Log (object)
RISController:Start () (at Assets/Scripts/RISController.cs:13)

(Filename: Assets/Scripts/RISController.cs Line: 13)

RIS Matrix: 4 x 4
UnityEngine.Debug:ExtractStackTraceNoAlloc (byte*,int,string)
UnityEngine.StackTraceUtility:ExtractStackTrace ()
UnityEngine.DebugLogHandler:Internal_Log (UnityEngine.LogType,UnityEngine.LogOption,string,UnityEngine.Object)
UnityEngine.DebugLogHandler:LogFormat (UnityEngine.LogType,UnityEngine.Object,string,object[])
UnityEngine.Logger:Log (UnityEngine.LogType,object)
UnityEngine.Debug:Log (object)
RISController:Start () (at Assets/Scripts/RISController.cs:21)

(Filename: Assets/Scripts/RISController.cs Line: 21)

[Licensing::Client] Successfully resolved entitlement details
[Licensing::Client] Successfully resolved entitlement details
[Licensing::Client] Successfully resolved entitlement details
Asset Pipeline Refresh (id=089225f1fb427de4dabce0b64135932d): Total: 0.015 seconds - Initiated by RefreshV2(NoUpdateAssetOptions)
Asset Pipeline Refresh (id=6b619c4aff4771a4998bbae85004be89): Total: 0.005 seconds - Initiated by RefreshV2(NoUpdateAssetOptions)
Unloading 0 Unused Serialized files (Serialized files now loaded: 0)
Loaded scene 'Temp/__Backupscenes/0.backup'
	Deserialize:            1.531 ms
	Integration:            271.317 ms
	Integration of assets:  0.003 ms
	Thread Wait Time:       0.012 ms
	Total Operation Time:   272.864 ms
Unloading 223 unused Assets / (18.5 MB). Loaded Objects now: 8833.
Memory consumption went from 0.66 GB to 0.64 GB.
Total: 26.765100 ms (FindLiveObjects: 0.622000 ms CreateObjectMapping: 0.998800 ms MarkObjects: 16.006800 ms  DeleteObjects: 9.135900 ms)

[Licensing::Client] Successfully resolved entitlement details
[ScriptCompilation] Requested script compilation because: AssetDatabase observed changes in script compilation related files
Asset Pipeline Refresh (id=8061d6a97c3c2544c9779fe052a2286e): Total: 0.138 seconds - Initiated by RefreshV2(NoUpdateAssetOptions)
info: Microsoft.AspNetCore.Hosting.Diagnostics[1]
      Request starting HTTP/2 POST http://ilpp/UnityILPP.PostProcessing/Ping - application/grpc -
info: Microsoft.AspNetCore.Routing.EndpointMiddleware[0]
      Executing endpoint 'gRPC - /UnityILPP.PostProcessing/Ping'
info: Microsoft.AspNetCore.Routing.EndpointMiddleware[1]
      Executed endpoint 'gRPC - /UnityILPP.PostProcessing/Ping'
info: Microsoft.AspNetCore.Hosting.Diagnostics[2]
      Request finished HTTP/2 POST http://ilpp/UnityILPP.PostProcessing/Ping - 200 - application/grpc 0.3307ms
Starting: C:\Program Files\Unity\Hub\Editor\6000.5.6f1\Editor\Data\Tools\BuildPipeline\bee_backend.exe --ipc --defer-dag-verification --dagfile="Library/Bee/1900b0aE.dag" --continue-on-failure --profile="Library/Bee/backend1.traceevents" ScriptAssemblies
WorkingDir: D:/Private/unity projects/graduation project
[Worker0] Imported GUID: f53adee2f85fb7449b31aacea1c4dae7 - Path: Assets/Scripts/RISController.cs - Importer: PreviewImporter -> (ImportResultId: '148bc570455661e8573914bac1f62f28') in 0.0164472 seconds
info: Microsoft.AspNetCore.Hosting.Diagnostics[1]
      Request starting HTTP/2 POST http://ilpp/UnityILPP.PostProcessing/ConfigurePostProcessors - application/grpc -
info: Microsoft.AspNetCore.Routing.EndpointMiddleware[0]
      Executing endpoint 'gRPC - /UnityILPP.PostProcessing/ConfigurePostProcessors'
info: Unity.ILPP.Runner.PostProcessingAssemblyLoadContext[0]
      Current configuration matches the requested one, skipping
info: Microsoft.AspNetCore.Routing.EndpointMiddleware[1]
      Executed endpoint 'gRPC - /UnityILPP.PostProcessing/ConfigurePostProcessors'
info: Microsoft.AspNetCore.Hosting.Diagnostics[2]
      Request finished HTTP/2 POST http://ilpp/UnityILPP.PostProcessing/ConfigurePostProcessors - 200 - application/grpc 4.1766ms
info: Microsoft.AspNetCore.Hosting.Diagnostics[1]
      Request starting HTTP/2 POST http://ilpp/UnityILPP.PostProcessing/PostProcessAssembly - application/grpc -
info: Microsoft.AspNetCore.Hosting.Diagnostics[1]
      Request starting HTTP/2 POST http://ilpp/UnityILPP.PostProcessing/PostProcessAssembly - application/grpc -
info: Microsoft.AspNetCore.Routing.EndpointMiddleware[0]
      Executing endpoint 'gRPC - /UnityILPP.PostProcessing/PostProcessAssembly'
info: Microsoft.AspNetCore.Routing.EndpointMiddleware[0]
      Executing endpoint 'gRPC - /UnityILPP.PostProcessing/PostProcessAssembly'
info: Unity.ILPP.Runner.PostProcessingPipeline[0]
      Processing assembly Library/Bee/artifacts/1900b0aE.dag/Assembly-CSharp.dll, with 142 defines and 339 references
info: Unity.ILPP.Runner.PostProcessingPipeline[0]
      processors: Unity.Jobs.CodeGen.JobsILPostProcessor, zzzUnity.Burst.CodeGen.BurstILPostProcessor
info: Unity.ILPP.Runner.PostProcessingPipeline[0]
      Processing assembly Library/Bee/artifacts/1900b0aE.dag/Assembly-CSharp-Editor.dll, with 140 defines and 362 references
info: Unity.ILPP.Runner.PostProcessingPipeline[0]
      processors: Unity.Jobs.CodeGen.JobsILPostProcessor, zzzUnity.Burst.CodeGen.BurstILPostProcessor
info: Unity.ILPP.Runner.PostProcessingPipeline[0]
      running Unity.Jobs.CodeGen.JobsILPostProcessor
info: Unity.ILPP.Runner.PostProcessingPipeline[0]
      running Unity.Jobs.CodeGen.JobsILPostProcessor
info: Unity.ILPP.Runner.PostProcessingPipeline[0]
      running zzzUnity.Burst.CodeGen.BurstILPostProcessor
info: Unity.ILPP.Runner.PostProcessingPipeline[0]
      running zzzUnity.Burst.CodeGen.BurstILPostProcessor
info: Microsoft.AspNetCore.Routing.EndpointMiddleware[1]
      Executed endpoint 'gRPC - /UnityILPP.PostProcessing/PostProcessAssembly'
info: Microsoft.AspNetCore.Routing.EndpointMiddleware[1]
      Executed endpoint 'gRPC - /UnityILPP.PostProcessing/PostProcessAssembly'
info: Microsoft.AspNetCore.Hosting.Diagnostics[2]
      Request finished HTTP/2 POST http://ilpp/UnityILPP.PostProcessing/PostProcessAssembly - 200 - application/grpc 24.8349ms
info: Microsoft.AspNetCore.Hosting.Diagnostics[2]
      Request finished HTTP/2 POST http://ilpp/UnityILPP.PostProcessing/PostProcessAssembly - 200 - application/grpc 24.8738ms
ExitCode: 0 Duration: 0s563ms
[736/937    0s] ILPP-Configuration Library/ilpp-configuration.nevergeneratedoutput
[929/937    0s] Csc Library/Bee/artifacts/1900b0aE.dag/Assembly-CSharp.dll (+2 others)
[931/937    0s] ILPostProcess Library/Bee/artifacts/1900b0aE.dag/post-processed/Assembly-CSharp-Editor.dll (+pdb)
Processing assembly Library/Bee/artifacts/1900b0aE.dag/Assembly-CSharp-Editor.dll, with 140 defines and 362 references

processors: Unity.Jobs.CodeGen.JobsILPostProcessor, zzzUnity.Burst.CodeGen.BurstILPostProcessor

running Unity.Jobs.CodeGen.JobsILPostProcessor

running zzzUnity.Burst.CodeGen.BurstILPostProcessor
[932/937    0s] ILPostProcess Library/Bee/artifacts/1900b0aE.dag/post-processed/Assembly-CSharp.dll (+pdb)
Processing assembly Library/Bee/artifacts/1900b0aE.dag/Assembly-CSharp.dll, with 142 defines and 339 references

processors: Unity.Jobs.CodeGen.JobsILPostProcessor, zzzUnity.Burst.CodeGen.BurstILPostProcessor

running Unity.Jobs.CodeGen.JobsILPostProcessor

running zzzUnity.Burst.CodeGen.BurstILPostProcessor
[935/937    0s] CopyFiles Library/ScriptAssemblies/Assembly-CSharp.dll
[936/937    0s] CopyFiles Library/ScriptAssemblies/Assembly-CSharp.pdb
*** Tundra build success (0.52 seconds), 6 items updated, 937 evaluated
Reloading assemblies after finishing script compilation.
Reloading assemblies after forced synchronous recompile.
Begin MonoManager ReloadAssembly
Native extension for WindowsStandalone target not found
Native extension for WebGL target not found
[MODES] ModeService[none].Initialize
[MODES] ModeService[none].LoadModes
ScheduleIndexationOnStartup MainProcess:True IndexOnStartup:True
Mono: successfully reloaded assembly
- Finished resetting the current domain, in  2.443 seconds
Domain Reload Profiling: 4175ms
	BeginReloadAssembly (1204ms)
		DisableScriptedObjects (247ms)
		CreateAndSetChildDomain (561ms)
	RebuildCommonClasses (12ms)
	RebuildNativeTypeToScriptingClass (20ms)
	initialDomainReloadingComplete (70ms)
	LoadAllAssembliesAndSetupDomain (424ms)
		LoadAssemblies (160ms)
		AnalyzeDomain (260ms)
			TypeCache.Refresh (11ms)
			BuildScriptInfoCaches (218ms)
			ResolveRequiredComponents (29ms)
	FinalizeReload (2444ms)
		SetupLoadedEditorAssemblies (0ms)
			InitializePlatformSupportModulesInManaged (3ms)
			BeforeProcessingInitializeOnLoad (223ms)
			ProcessInitializeOnLoadAttributes (529ms)
			ProcessInitializeOnLoadMethodAttributes (178ms)
			AfterProcessingInitializeOnLoad (7ms)
		AwakeInstancesAfterBackupRestoration (817ms)

Asset Pipeline Refresh (id=2248d0d04ae396c4eb9621209500aef2): Total: 4.458 seconds - Initiated by StopAssetImportingV2(ForceSynchronousImport | ForceDomainReload)
	(Values over 0.05ms)
	Summary:
		Imports: total=0 (actual=0, local cache=0, cache server=0)
		Asset DB Process Time: managed=0 ms, native=2601 ms
		Asset DB Callback time: managed=39 ms, native=0 ms
		Scripting: domain reloads=1, domain reload time=1814 ms, compile time=1 ms, other=0 ms
		Project Asset Count: scripts=1362, non-scripts=2318
		Asset File Changes: new=0, changed=0, moved=0, deleted=0
		Scan Filter Count: 0
	InvokePackagesCallback: 2.120ms
	ApplyChangesToAssetFolders: 0.425ms
	Collect global state as custom dependencies: 3.483ms
	ProcessAssetsWithTransientArtifactChanges: 6.549ms
	CategorizeAssets: 54.285ms
	CompileScripts: 1.494ms
	ImportOutOfDateAssets: 2497.406ms (2458.459ms without children)
		CollectScriptTypesHashes: 1.264ms
		ReloadNativeAssets: 1.200ms
		UnloadImportedAssets: 0.319ms
		EnsureUptoDateAssetsAreRegisteredWithGuidPM: 0.778ms
		ImportSchedulerStart: 36.617ms
	PostProcessAllAssets: 39.314ms
		MonoPostProcessAllAssets: 39.309ms
			UniversalRenderPipelineGlobalSettingsPostprocessor.OnPostprocessAllAssets 12.908ms
			BuilderAssetPostprocessor.OnPostprocessAllAssets 6.888ms
			AssetChangedListener.OnPostprocessAllAssets 5.807ms
			AssetPostprocessor.OnPostprocessAllAssets 4.603ms
			SyncVS.PostprocessSyncProject 3.706ms
			WindowAssetPostprocessingWatcher.OnPostprocessAllAssets 2.668ms
			SpeedTree9Postprocessor.OnPostprocessAllAssets 2.455ms
			ShaderGraphAssetPostProcessor.OnPostprocessAllAssets 1.925ms
			EditModeScopePostprocessor.OnPostprocessAllAssets 1.435ms
			RetainedModeAssetPostprocessor.OnPostprocessAllAssets 1.203ms
			ProjectSettingsPostprocessor.OnPostprocessAllAssets 0.959ms
			RenderPipelineGlobalSettingsPostprocessor.OnPostprocessAllAssets 0.836ms
			TMPro_TexturePostProcessor.OnPostprocessAllAssets 0.676ms
			ArtifactBrowserPostProcessor.OnPostprocessAllAssets 0.631ms
			MaterialPostprocessor.OnPostprocessAllAssets 0.620ms
			InputActionAssetPostprocessor.OnPostprocessAllAssets 0.481ms
			AudioMixerPostprocessor.OnPostprocessAllAssets 0.472ms
			TextAssetPostProcessor.OnPostprocessAllAssets 0.450ms
			TerrainToolbarOverlayPostProcessor.OnPostprocessAllAssets 0.448ms
			ShaderReflectionAssetPostProcessor.OnPostprocessAllAssets 0.432ms
			UVCSAssetPostprocessor.OnPostprocessAllAssets 0.430ms
			InputActionJsonNameModifierAssetProcessor.OnPostprocessAllAssets 0.340ms
			SampleDependencyImporterPostProcessor.OnPostprocessAllAssets 0.328ms
			ReferencedClipsPostProcessor.OnPostprocessAllAssets 0.325ms
			AssetEvents.OnPostprocessAllAssets 0.273ms
			PostProcessor.OnPostprocessAllAssets 0.272ms
			StyleCatalogPostProcessor.OnPostprocessAllAssets 0.235ms
			SpeedTreePostProcessor.OnPostprocessAllAssets 0.199ms
			AssetDatabaseCallbacks.OnPostprocessAllAssets 0.174ms
			SamplePostprocessor.OnPostprocessAllAssets 0.167ms
			ScenarioDriftAssetsTracker.OnPostprocessAllAssets 0.165ms
			ConfigAssetsTracker.OnPostprocessAllAssets 0.157ms
			AssetReloadNotifier.OnPostprocessAllAssets 0.156ms
			AudioContainerPostProcessor.OnPostprocessAllAssets 0.140ms
	GatherAllCurrentPrimaryImportResultRevisions: 0.233ms
	PersistCurrentRevisions: 0.114ms
	GenerateScriptTypeHashes: 2.641ms
	GenerateScriptTypeSerializationHashes: 4.431ms
	Untracked: 1848.206ms

[Licensing::Client] Successfully resolved entitlement details
[Licensing::Client] Successfully resolved entitlement details
[Licensing::Client] Successfully resolved entitlement details
Asset Pipeline Refresh (id=56b550851869016419f930091b2c3887): Total: 0.013 seconds - Initiated by RefreshV2(AllowForceSynchronousImport)
Asset Pipeline Refresh (id=97bb18e0e571f4747a2795fea5c9a670): Total: 0.011 seconds - Initiated by RefreshV2(NoUpdateAssetOptions)
Asset Pipeline Refresh (id=fb68ae85538031848b088d01acbd78b4): Total: 0.004 seconds - Initiated by RefreshV2(AllowForceSynchronousImport)
Reloading assemblies for play mode.
Reloading assemblies after forced synchronous recompile.
[Licensing::Client] Successfully resolved entitlement details
Begin MonoManager ReloadAssembly
Native extension for WindowsStandalone target not found
Native extension for WebGL target not found
ScheduleIndexationOnStartup MainProcess:True IndexOnStartup:True
[MODES] ModeService[none].Initialize
[MODES] ModeService[none].LoadModes
Mono: successfully reloaded assembly
- Finished resetting the current domain, in  2.437 seconds
Domain Reload Profiling: 3606ms
	BeginReloadAssembly (855ms)
		DisableScriptedObjects (112ms)
		CreateAndSetChildDomain (527ms)
	RebuildCommonClasses (13ms)
	RebuildNativeTypeToScriptingClass (20ms)
	initialDomainReloadingComplete (70ms)
	LoadAllAssembliesAndSetupDomain (209ms)
		LoadAssemblies (154ms)
		AnalyzeDomain (41ms)
			TypeCache.Refresh (7ms)
			ResolveRequiredComponents (29ms)
	FinalizeReload (2438ms)
		SetupLoadedEditorAssemblies (0ms)
			InitializePlatformSupportModulesInManaged (3ms)
			BeforeProcessingInitializeOnLoad (103ms)
			ProcessInitializeOnLoadAttributes (521ms)
			ProcessInitializeOnLoadMethodAttributes (180ms)
			AfterProcessingInitializeOnLoad (7ms)
		AwakeInstancesAfterBackupRestoration (889ms)

Asset Pipeline Refresh (id=5c96aebb12347a94c90bede1fdee2c35): Total: 3.854 seconds - Initiated by StopAssetImportingV2(ForceSynchronousImport | ForceDomainReload)
	(Values over 0.05ms)
	Summary:
		Imports: total=0 (actual=0, local cache=0, cache server=0)
		Asset DB Process Time: managed=0 ms, native=2589 ms
		Asset DB Callback time: managed=38 ms, native=0 ms
		Scripting: domain reloads=1, domain reload time=1225 ms, compile time=1 ms, other=0 ms
		Project Asset Count: scripts=1362, non-scripts=2318
		Asset File Changes: new=0, changed=0, moved=0, deleted=0
		Scan Filter Count: 0
	InvokePackagesCallback: 1.877ms
	ApplyChangesToAssetFolders: 0.371ms
	Collect global state as custom dependencies: 2.987ms
	ProcessAssetsWithTransientArtifactChanges: 0.245ms
	CategorizeAssets: 56.743ms
	CompileScripts: 1.477ms
	ImportOutOfDateAssets: 2486.616ms (2451.609ms without children)
		CollectScriptTypesHashes: 0.953ms
		ReloadNativeAssets: 1.194ms
		UnloadImportedAssets: 0.261ms
		EnsureUptoDateAssetsAreRegisteredWithGuidPM: 0.808ms
		ImportSchedulerStart: 32.710ms
	PostProcessAllAssets: 38.112ms
		MonoPostProcessAllAssets: 38.107ms
			UniversalRenderPipelineGlobalSettingsPostprocessor.OnPostprocessAllAssets 13.575ms
			BuilderAssetPostprocessor.OnPostprocessAllAssets 6.888ms
			AssetChangedListener.OnPostprocessAllAssets 5.807ms
			AssetPostprocessor.OnPostprocessAllAssets 4.603ms
			SyncVS.PostprocessSyncProject 3.600ms
			SpeedTree9Postprocessor.OnPostprocessAllAssets 2.774ms
			WindowAssetPostprocessingWatcher.OnPostprocessAllAssets 2.454ms
			ShaderGraphAssetPostProcessor.OnPostprocessAllAssets 1.925ms
			RetainedModeAssetPostprocessor.OnPostprocessAllAssets 1.203ms
			ProjectSettingsPostprocessor.OnPostprocessAllAssets 0.942ms
			RenderPipelineGlobalSettingsPostprocessor.OnPostprocessAllAssets 0.878ms
			TMPro_TexturePostProcessor.OnPostprocessAllAssets 0.676ms
			ArtifactBrowserPostProcessor.OnPostprocessAllAssets 0.631ms
			MaterialPostprocessor.OnPostprocessAllAssets 0.620ms
			ShaderReflectionAssetPostProcessor.OnPostprocessAllAssets 0.551ms
			AudioMixerPostprocessor.OnPostprocessAllAssets 0.472ms
			ReferencedClipsPostProcessor.OnPostprocessAllAssets 0.456ms
			TextAssetPostProcessor.OnPostprocessAllAssets 0.450ms
			UVCSAssetPostprocessor.OnPostprocessAllAssets 0.430ms
			InputActionAssetPostprocessor.OnPostprocessAllAssets 0.354ms
			EditModeScopePostprocessor.OnPostprocessAllAssets 0.348ms
			InputActionJsonNameModifierAssetProcessor.OnPostprocessAllAssets 0.340ms
			SampleDependencyImporterPostProcessor.OnPostprocessAllAssets 0.328ms
			AssetEvents.OnPostprocessAllAssets 0.273ms
			PostProcessor.OnPostprocessAllAssets 0.272ms
			StyleCatalogPostProcessor.OnPostprocessAllAssets 0.235ms
			SpeedTreePostProcessor.OnPostprocessAllAssets 0.199ms
			TerrainToolbarOverlayPostProcessor.OnPostprocessAllAssets 0.198ms
			AssetDatabaseCallbacks.OnPostprocessAllAssets 0.181ms
			SamplePostprocessor.OnPostprocessAllAssets 0.167ms
			ScenarioDriftAssetsTracker.OnPostprocessAllAssets 0.165ms
			ConfigAssetsTracker.OnPostprocessAllAssets 0.157ms
			AssetReloadNotifier.OnPostprocessAllAssets 0.156ms
			AudioContainerPostProcessor.OnPostprocessAllAssets 0.140ms
	GatherAllCurrentPrimaryImportResultRevisions: 0.164ms
	PersistCurrentRevisions: 0.132ms
	GenerateScriptTypeHashes: 2.772ms
	GenerateScriptTypeSerializationHashes: 4.671ms
	Untracked: 1260.457ms

Loaded scene 'Temp/__Backupscenes/0.backup'
	Deserialize:            1.859 ms
	Integration:            358.266 ms
	Integration of assets:  0.003 ms
	Thread Wait Time:       0.022 ms
	Total Operation Time:   360.149 ms
RIS Controller Started
UnityEngine.Debug:ExtractStackTraceNoAlloc (byte*,int,string)
UnityEngine.StackTraceUtility:ExtractStackTrace ()
UnityEngine.DebugLogHandler:Internal_Log (UnityEngine.LogType,UnityEngine.LogOption,string,UnityEngine.Object)
UnityEngine.DebugLogHandler:LogFormat (UnityEngine.LogType,UnityEngine.Object,string,object[])
UnityEngine.Logger:Log (UnityEngine.LogType,object)
UnityEngine.Debug:Log (object)
RISController:Start () (at Assets/Scripts/RISController.cs:12)

(Filename: Assets/Scripts/RISController.cs Line: 12)

Number of RIS Elements: 16
UnityEngine.Debug:ExtractStackTraceNoAlloc (byte*,int,string)
UnityEngine.StackTraceUtility:ExtractStackTrace ()
UnityEngine.DebugLogHandler:Internal_Log (UnityEngine.LogType,UnityEngine.LogOption,string,UnityEngine.Object)
UnityEngine.DebugLogHandler:LogFormat (UnityEngine.LogType,UnityEngine.Object,string,object[])
UnityEngine.Logger:Log (UnityEngine.LogType,object)
UnityEngine.Debug:Log (object)
RISController:Start () (at Assets/Scripts/RISController.cs:13)

(Filename: Assets/Scripts/RISController.cs Line: 13)

RIS Matrix: 4 x 4
UnityEngine.Debug:ExtractStackTraceNoAlloc (byte*,int,string)
UnityEngine.StackTraceUtility:ExtractStackTrace ()
UnityEngine.DebugLogHandler:Internal_Log (UnityEngine.LogType,UnityEngine.LogOption,string,UnityEngine.Object)
UnityEngine.DebugLogHandler:LogFormat (UnityEngine.LogType,UnityEngine.Object,string,object[])
UnityEngine.Logger:Log (UnityEngine.LogType,object)
UnityEngine.Debug:Log (object)
RISController:Start () (at Assets/Scripts/RISController.cs:21)

(Filename: Assets/Scripts/RISController.cs Line: 21)

Row 1 Column 1 → Element-01
UnityEngine.Debug:ExtractStackTraceNoAlloc (byte*,int,string)
UnityEngine.StackTraceUtility:ExtractStackTrace ()
UnityEngine.DebugLogHandler:Internal_Log (UnityEngine.LogType,UnityEngine.LogOption,string,UnityEngine.Object)
UnityEngine.DebugLogHandler:LogFormat (UnityEngine.LogType,UnityEngine.Object,string,object[])
UnityEngine.Logger:Log (UnityEngine.LogType,object)
UnityEngine.Debug:Log (object)
RISController:Start () (at Assets/Scripts/RISController.cs:30)

(Filename: Assets/Scripts/RISController.cs Line: 30)

Row 1 Column 2 → Element-02
UnityEngine.Debug:ExtractStackTraceNoAlloc (byte*,int,string)
UnityEngine.StackTraceUtility:ExtractStackTrace ()
UnityEngine.DebugLogHandler:Internal_Log (UnityEngine.LogType,UnityEngine.LogOption,string,UnityEngine.Object)
UnityEngine.DebugLogHandler:LogFormat (UnityEngine.LogType,UnityEngine.Object,string,object[])
UnityEngine.Logger:Log (UnityEngine.LogType,object)
UnityEngine.Debug:Log (object)
RISController:Start () (at Assets/Scripts/RISController.cs:30)

(Filename: Assets/Scripts/RISController.cs Line: 30)

Row 1 Column 3 → Element-03
UnityEngine.Debug:ExtractStackTraceNoAlloc (byte*,int,string)
UnityEngine.StackTraceUtility:ExtractStackTrace ()
UnityEngine.DebugLogHandler:Internal_Log (UnityEngine.LogType,UnityEngine.LogOption,string,UnityEngine.Object)
UnityEngine.DebugLogHandler:LogFormat (UnityEngine.LogType,UnityEngine.Object,string,object[])
UnityEngine.Logger:Log (UnityEngine.LogType,object)
UnityEngine.Debug:Log (object)
RISController:Start () (at Assets/Scripts/RISController.cs:30)

(Filename: Assets/Scripts/RISController.cs Line: 30)

Row 1 Column 4 → Element-04
UnityEngine.Debug:ExtractStackTraceNoAlloc (byte*,int,string)
UnityEngine.StackTraceUtility:ExtractStackTrace ()
UnityEngine.DebugLogHandler:Internal_Log (UnityEngine.LogType,UnityEngine.LogOption,string,UnityEngine.Object)
UnityEngine.DebugLogHandler:LogFormat (UnityEngine.LogType,UnityEngine.Object,string,object[])
UnityEngine.Logger:Log (UnityEngine.LogType,object)
UnityEngine.Debug:Log (object)
RISController:Start () (at Assets/Scripts/RISController.cs:30)

(Filename: Assets/Scripts/RISController.cs Line: 30)

Row 2 Column 1 → Element-05
UnityEngine.Debug:ExtractStackTraceNoAlloc (byte*,int,string)
UnityEngine.StackTraceUtility:ExtractStackTrace ()
UnityEngine.DebugLogHandler:Internal_Log (UnityEngine.LogType,UnityEngine.LogOption,string,UnityEngine.Object)
UnityEngine.DebugLogHandler:LogFormat (UnityEngine.LogType,UnityEngine.Object,string,object[])
UnityEngine.Logger:Log (UnityEngine.LogType,object)
UnityEngine.Debug:Log (object)
RISController:Start () (at Assets/Scripts/RISController.cs:30)

(Filename: Assets/Scripts/RISController.cs Line: 30)

Row 2 Column 2 → Element-06
UnityEngine.Debug:ExtractStackTraceNoAlloc (byte*,int,string)
UnityEngine.StackTraceUtility:ExtractStackTrace ()
UnityEngine.DebugLogHandler:Internal_Log (UnityEngine.LogType,UnityEngine.LogOption,string,UnityEngine.Object)
UnityEngine.DebugLogHandler:LogFormat (UnityEngine.LogType,UnityEngine.Object,string,object[])
UnityEngine.Logger:Log (UnityEngine.LogType,object)
UnityEngine.Debug:Log (object)
RISController:Start () (at Assets/Scripts/RISController.cs:30)

(Filename: Assets/Scripts/RISController.cs Line: 30)

Row 2 Column 3 → Element-07
UnityEngine.Debug:ExtractStackTraceNoAlloc (byte*,int,string)
UnityEngine.StackTraceUtility:ExtractStackTrace ()
UnityEngine.DebugLogHandler:Internal_Log (UnityEngine.LogType,UnityEngine.LogOption,string,UnityEngine.Object)
UnityEngine.DebugLogHandler:LogFormat (UnityEngine.LogType,UnityEngine.Object,string,object[])
UnityEngine.Logger:Log (UnityEngine.LogType,object)
UnityEngine.Debug:Log (object)
RISController:Start () (at Assets/Scripts/RISController.cs:30)

(Filename: Assets/Scripts/RISController.cs Line: 30)

Row 2 Column 4 → Element-08
UnityEngine.Debug:ExtractStackTraceNoAlloc (byte*,int,string)
UnityEngine.StackTraceUtility:ExtractStackTrace ()
UnityEngine.DebugLogHandler:Internal_Log (UnityEngine.LogType,UnityEngine.LogOption,string,UnityEngine.Object)
UnityEngine.DebugLogHandler:LogFormat (UnityEngine.LogType,UnityEngine.Object,string,object[])
UnityEngine.Logger:Log (UnityEngine.LogType,object)
UnityEngine.Debug:Log (object)
RISController:Start () (at Assets/Scripts/RISController.cs:30)

(Filename: Assets/Scripts/RISController.cs Line: 30)

Row 3 Column 1 → Element-09
UnityEngine.Debug:ExtractStackTraceNoAlloc (byte*,int,string)
UnityEngine.StackTraceUtility:ExtractStackTrace ()
UnityEngine.DebugLogHandler:Internal_Log (UnityEngine.LogType,UnityEngine.LogOption,string,UnityEngine.Object)
UnityEngine.DebugLogHandler:LogFormat (UnityEngine.LogType,UnityEngine.Object,string,object[])
UnityEngine.Logger:Log (UnityEngine.LogType,object)
UnityEngine.Debug:Log (object)
RISController:Start () (at Assets/Scripts/RISController.cs:30)

(Filename: Assets/Scripts/RISController.cs Line: 30)

Row 3 Column 2 → Element-10
UnityEngine.Debug:ExtractStackTraceNoAlloc (byte*,int,string)
UnityEngine.StackTraceUtility:ExtractStackTrace ()
UnityEngine.DebugLogHandler:Internal_Log (UnityEngine.LogType,UnityEngine.LogOption,string,UnityEngine.Object)
UnityEngine.DebugLogHandler:LogFormat (UnityEngine.LogType,UnityEngine.Object,string,object[])
UnityEngine.Logger:Log (UnityEngine.LogType,object)
UnityEngine.Debug:Log (object)
RISController:Start () (at Assets/Scripts/RISController.cs:30)

(Filename: Assets/Scripts/RISController.cs Line: 30)

Row 3 Column 3 → Element-11
UnityEngine.Debug:ExtractStackTraceNoAlloc (byte*,int,string)
UnityEngine.StackTraceUtility:ExtractStackTrace ()
UnityEngine.DebugLogHandler:Internal_Log (UnityEngine.LogType,UnityEngine.LogOption,string,UnityEngine.Object)
UnityEngine.DebugLogHandler:LogFormat (UnityEngine.LogType,UnityEngine.Object,string,object[])
UnityEngine.Logger:Log (UnityEngine.LogType,object)
UnityEngine.Debug:Log (object)
RISController:Start () (at Assets/Scripts/RISController.cs:30)

(Filename: Assets/Scripts/RISController.cs Line: 30)

Row 3 Column 4 → Element-12
UnityEngine.Debug:ExtractStackTraceNoAlloc (byte*,int,string)
UnityEngine.StackTraceUtility:ExtractStackTrace ()
UnityEngine.DebugLogHandler:Internal_Log (UnityEngine.LogType,UnityEngine.LogOption,string,UnityEngine.Object)
UnityEngine.DebugLogHandler:LogFormat (UnityEngine.LogType,UnityEngine.Object,string,object[])
UnityEngine.Logger:Log (UnityEngine.LogType,object)
UnityEngine.Debug:Log (object)
RISController:Start () (at Assets/Scripts/RISController.cs:30)

(Filename: Assets/Scripts/RISController.cs Line: 30)

Row 4 Column 1 → Element-13
UnityEngine.Debug:ExtractStackTraceNoAlloc (byte*,int,string)
UnityEngine.StackTraceUtility:ExtractStackTrace ()
UnityEngine.DebugLogHandler:Internal_Log (UnityEngine.LogType,UnityEngine.LogOption,string,UnityEngine.Object)
UnityEngine.DebugLogHandler:LogFormat (UnityEngine.LogType,UnityEngine.Object,string,object[])
UnityEngine.Logger:Log (UnityEngine.LogType,object)
UnityEngine.Debug:Log (object)
RISController:Start () (at Assets/Scripts/RISController.cs:30)

(Filename: Assets/Scripts/RISController.cs Line: 30)

Row 4 Column 2 → Element-14
UnityEngine.Debug:ExtractStackTraceNoAlloc (byte*,int,string)
UnityEngine.StackTraceUtility:ExtractStackTrace ()
UnityEngine.DebugLogHandler:Internal_Log (UnityEngine.LogType,UnityEngine.LogOption,string,UnityEngine.Object)
UnityEngine.DebugLogHandler:LogFormat (UnityEngine.LogType,UnityEngine.Object,string,object[])
UnityEngine.Logger:Log (UnityEngine.LogType,object)
UnityEngine.Debug:Log (object)
RISController:Start () (at Assets/Scripts/RISController.cs:30)

(Filename: Assets/Scripts/RISController.cs Line: 30)

Row 4 Column 3 → Element-15
UnityEngine.Debug:ExtractStackTraceNoAlloc (byte*,int,string)
UnityEngine.StackTraceUtility:ExtractStackTrace ()
UnityEngine.DebugLogHandler:Internal_Log (UnityEngine.LogType,UnityEngine.LogOption,string,UnityEngine.Object)
UnityEngine.DebugLogHandler:LogFormat (UnityEngine.LogType,UnityEngine.Object,string,object[])
UnityEngine.Logger:Log (UnityEngine.LogType,object)
UnityEngine.Debug:Log (object)
RISController:Start () (at Assets/Scripts/RISController.cs:30)

(Filename: Assets/Scripts/RISController.cs Line: 30)

Row 4 Column 4 → Element-16
UnityEngine.Debug:ExtractStackTraceNoAlloc (byte*,int,string)
UnityEngine.StackTraceUtility:ExtractStackTrace ()
UnityEngine.DebugLogHandler:Internal_Log (UnityEngine.LogType,UnityEngine.LogOption,string,UnityEngine.Object)
UnityEngine.DebugLogHandler:LogFormat (UnityEngine.LogType,UnityEngine.Object,string,object[])
UnityEngine.Logger:Log (UnityEngine.LogType,object)
UnityEngine.Debug:Log (object)
RISController:Start () (at Assets/Scripts/RISController.cs:30)

(Filename: Assets/Scripts/RISController.cs Line: 30)

[Licensing::Client] Successfully resolved entitlement details
[Licensing::Client] Successfully resolved entitlement details
[Licensing::Client] Successfully resolved entitlement details
Asset Pipeline Refresh (id=f6eba923960b3524aa4a5b081635ad48): Total: 0.016 seconds - Initiated by RefreshV2(NoUpdateAssetOptions)
Asset Pipeline Refresh (id=6486e0cad1dddc64d92c8a4263ffd20e): Total: 0.004 seconds - Initiated by RefreshV2(NoUpdateAssetOptions)
Asset Pipeline Refresh (id=a0b976f3ab5660043a32bf853bd738a7): Total: 0.004 seconds - Initiated by RefreshV2(NoUpdateAssetOptions)
Unloading 0 Unused Serialized files (Serialized files now loaded: 0)
Loaded scene 'Temp/__Backupscenes/0.backup'
	Deserialize:            1.304 ms
	Integration:            267.065 ms
	Integration of assets:  0.002 ms
	Thread Wait Time:       0.010 ms
	Total Operation Time:   268.382 ms
Unloading 13 unused Assets / (291.5 KB). Loaded Objects now: 8839.
Memory consumption went from 0.66 GB to 0.66 GB.
Total: 18.654700 ms (FindLiveObjects: 0.620700 ms CreateObjectMapping: 0.811400 ms MarkObjects: 17.109900 ms  DeleteObjects: 0.110900 ms)

[Licensing::Client] Successfully resolved entitlement details
[ScriptCompilation] Requested script compilation because: AssetDatabase observed changes in script compilation related files
Asset Pipeline Refresh (id=4b05bf960c02aac42b4480c46ce60706): Total: 0.146 seconds - Initiated by RefreshV2(NoUpdateAssetOptions)
[Licensing::Client] Successfully resolved entitlement details
info: Microsoft.AspNetCore.Hosting.Diagnostics[1]
      Request starting HTTP/2 POST http://ilpp/UnityILPP.PostProcessing/Ping - application/grpc -
info: Microsoft.AspNetCore.Routing.EndpointMiddleware[0]
      Executing endpoint 'gRPC - /UnityILPP.PostProcessing/Ping'
info: Microsoft.AspNetCore.Routing.EndpointMiddleware[1]
      Executed endpoint 'gRPC - /UnityILPP.PostProcessing/Ping'
info: Microsoft.AspNetCore.Hosting.Diagnostics[2]
      Request finished HTTP/2 POST http://ilpp/UnityILPP.PostProcessing/Ping - 200 - application/grpc 0.3883ms
Starting: C:\Program Files\Unity\Hub\Editor\6000.5.6f1\Editor\Data\Tools\BuildPipeline\bee_backend.exe --ipc --defer-dag-verification --dagfile="Library/Bee/1900b0aE.dag" --continue-on-failure --profile="Library/Bee/backend1.traceevents" ScriptAssemblies
WorkingDir: D:/Private/unity projects/graduation project
[Worker0] Imported GUID: f53adee2f85fb7449b31aacea1c4dae7 - Path: Assets/Scripts/RISController.cs - Importer: PreviewImporter -> (ImportResultId: '6fd4ecef8e4c6a4f6e24b6311bb7de60') in 0.0247306 seconds
info: Microsoft.AspNetCore.Hosting.Diagnostics[1]
      Request starting HTTP/2 POST http://ilpp/UnityILPP.PostProcessing/ConfigurePostProcessors - application/grpc -
info: Microsoft.AspNetCore.Routing.EndpointMiddleware[0]
      Executing endpoint 'gRPC - /UnityILPP.PostProcessing/ConfigurePostProcessors'
info: Unity.ILPP.Runner.PostProcessingAssemblyLoadContext[0]
      Current configuration matches the requested one, skipping
info: Microsoft.AspNetCore.Routing.EndpointMiddleware[1]
      Executed endpoint 'gRPC - /UnityILPP.PostProcessing/ConfigurePostProcessors'
info: Microsoft.AspNetCore.Hosting.Diagnostics[2]
      Request finished HTTP/2 POST http://ilpp/UnityILPP.PostProcessing/ConfigurePostProcessors - 200 - application/grpc 1.2693ms
info: Microsoft.AspNetCore.Hosting.Diagnostics[1]
      Request starting HTTP/2 POST http://ilpp/UnityILPP.PostProcessing/PostProcessAssembly - application/grpc -
info: Microsoft.AspNetCore.Routing.EndpointMiddleware[0]
      Executing endpoint 'gRPC - /UnityILPP.PostProcessing/PostProcessAssembly'
info: Unity.ILPP.Runner.PostProcessingPipeline[0]
      Processing assembly Library/Bee/artifacts/1900b0aE.dag/Assembly-CSharp.dll, with 142 defines and 339 references
info: Unity.ILPP.Runner.PostProcessingPipeline[0]
      processors: Unity.Jobs.CodeGen.JobsILPostProcessor, zzzUnity.Burst.CodeGen.BurstILPostProcessor
info: Unity.ILPP.Runner.PostProcessingPipeline[0]
      running Unity.Jobs.CodeGen.JobsILPostProcessor
info: Unity.ILPP.Runner.PostProcessingPipeline[0]
      running zzzUnity.Burst.CodeGen.BurstILPostProcessor
info: Microsoft.AspNetCore.Routing.EndpointMiddleware[1]
      Executed endpoint 'gRPC - /UnityILPP.PostProcessing/PostProcessAssembly'
info: Microsoft.AspNetCore.Hosting.Diagnostics[2]
      Request finished HTTP/2 POST http://ilpp/UnityILPP.PostProcessing/PostProcessAssembly - 200 - application/grpc 20.8529ms
info: Microsoft.AspNetCore.Hosting.Diagnostics[1]
      Request starting HTTP/2 POST http://ilpp/UnityILPP.PostProcessing/PostProcessAssembly - application/grpc -
info: Microsoft.AspNetCore.Routing.EndpointMiddleware[0]
      Executing endpoint 'gRPC - /UnityILPP.PostProcessing/PostProcessAssembly'
info: Unity.ILPP.Runner.PostProcessingPipeline[0]
      Processing assembly Library/Bee/artifacts/1900b0aE.dag/Assembly-CSharp-Editor.dll, with 140 defines and 362 references
info: Unity.ILPP.Runner.PostProcessingPipeline[0]
      processors: Unity.Jobs.CodeGen.JobsILPostProcessor, zzzUnity.Burst.CodeGen.BurstILPostProcessor
info: Unity.ILPP.Runner.PostProcessingPipeline[0]
      running Unity.Jobs.CodeGen.JobsILPostProcessor
info: Unity.ILPP.Runner.PostProcessingPipeline[0]
      running zzzUnity.Burst.CodeGen.BurstILPostProcessor
info: Microsoft.AspNetCore.Routing.EndpointMiddleware[1]
      Executed endpoint 'gRPC - /UnityILPP.PostProcessing/PostProcessAssembly'
info: Microsoft.AspNetCore.Hosting.Diagnostics[2]
      Request finished HTTP/2 POST http://ilpp/UnityILPP.PostProcessing/PostProcessAssembly - 200 - application/grpc 18.7117ms
ExitCode: 0 Duration: 0s735ms
[736/937    0s] ILPP-Configuration Library/ilpp-configuration.nevergeneratedoutput
[929/937    0s] Csc Library/Bee/artifacts/1900b0aE.dag/Assembly-CSharp.dll (+2 others)
[930/937    0s] ILPostProcess Library/Bee/artifacts/1900b0aE.dag/post-processed/Assembly-CSharp.dll (+pdb)
Processing assembly Library/Bee/artifacts/1900b0aE.dag/Assembly-CSharp.dll, with 142 defines and 339 references

processors: Unity.Jobs.CodeGen.JobsILPostProcessor, zzzUnity.Burst.CodeGen.BurstILPostProcessor

running Unity.Jobs.CodeGen.JobsILPostProcessor

running zzzUnity.Burst.CodeGen.BurstILPostProcessor
[931/937    0s] CopyFiles Library/ScriptAssemblies/Assembly-CSharp.dll
[932/937    0s] CopyFiles Library/ScriptAssemblies/Assembly-CSharp.pdb
[933/937    0s] Csc Library/Bee/artifacts/1900b0aE.dag/Assembly-CSharp-Editor.dll (+2 others)
[934/937    0s] ILPostProcess Library/Bee/artifacts/1900b0aE.dag/post-processed/Assembly-CSharp-Editor.dll (+pdb)
Processing assembly Library/Bee/artifacts/1900b0aE.dag/Assembly-CSharp-Editor.dll, with 140 defines and 362 references

processors: Unity.Jobs.CodeGen.JobsILPostProcessor, zzzUnity.Burst.CodeGen.BurstILPostProcessor

running Unity.Jobs.CodeGen.JobsILPostProcessor

running zzzUnity.Burst.CodeGen.BurstILPostProcessor
[935/937    0s] CopyFiles Library/ScriptAssemblies/Assembly-CSharp-Editor.pdb
[936/937    0s] CopyFiles Library/ScriptAssemblies/Assembly-CSharp-Editor.dll
*** Tundra build success (0.70 seconds), 9 items updated, 937 evaluated
Reloading assemblies after finishing script compilation.
Reloading assemblies after forced synchronous recompile.
Begin MonoManager ReloadAssembly
Total cache size 267245200
Total cache size after purge 267245200, took 00:00:00.6612315
Native extension for WindowsStandalone target not found
Native extension for WebGL target not found
[MODES] ModeService[none].Initialize
[MODES] ModeService[none].LoadModes
ScheduleIndexationOnStartup MainProcess:True IndexOnStartup:True
Mono: successfully reloaded assembly
- Finished resetting the current domain, in  2.553 seconds
Domain Reload Profiling: 4410ms
	BeginReloadAssembly (1306ms)
		DisableScriptedObjects (208ms)
		CreateAndSetChildDomain (593ms)
	RebuildCommonClasses (13ms)
	RebuildNativeTypeToScriptingClass (21ms)
	initialDomainReloadingComplete (74ms)
	LoadAllAssembliesAndSetupDomain (442ms)
		LoadAssemblies (168ms)
		AnalyzeDomain (268ms)
			TypeCache.Refresh (11ms)
			BuildScriptInfoCaches (226ms)
			ResolveRequiredComponents (29ms)
	FinalizeReload (2554ms)
		SetupLoadedEditorAssemblies (0ms)
			InitializePlatformSupportModulesInManaged (3ms)
			BeforeProcessingInitializeOnLoad (228ms)
			ProcessInitializeOnLoadAttributes (563ms)
			ProcessInitializeOnLoadMethodAttributes (211ms)
			AfterProcessingInitializeOnLoad (7ms)
		AwakeInstancesAfterBackupRestoration (846ms)

Asset Pipeline Refresh (id=c8dd082552d524442b12c2432fc9a5e9): Total: 4.695 seconds - Initiated by StopAssetImportingV2(ForceSynchronousImport | ForceDomainReload)
	(Values over 0.05ms)
	Summary:
		Imports: total=0 (actual=0, local cache=0, cache server=0)
		Asset DB Process Time: managed=0 ms, native=2714 ms
		Asset DB Callback time: managed=37 ms, native=0 ms
		Scripting: domain reloads=1, domain reload time=1941 ms, compile time=2 ms, other=0 ms
		Project Asset Count: scripts=1362, non-scripts=2318
		Asset File Changes: new=0, changed=0, moved=0, deleted=0
		Scan Filter Count: 0
	InvokePackagesCallback: 1.880ms
	ApplyChangesToAssetFolders: 0.410ms
	Collect global state as custom dependencies: 3.389ms
	ProcessAssetsWithTransientArtifactChanges: 6.608ms
	CategorizeAssets: 57.154ms
	CompileScripts: 1.558ms
	ImportOutOfDateAssets: 2606.555ms (2568.294ms without children)
		CollectScriptTypesHashes: 1.433ms
		ReloadNativeAssets: 1.204ms
		UnloadImportedAssets: 0.326ms
		EnsureUptoDateAssetsAreRegisteredWithGuidPM: 0.773ms
		ImportSchedulerStart: 35.928ms
	PostProcessAllAssets: 37.007ms
		MonoPostProcessAllAssets: 37.002ms
			UniversalRenderPipelineGlobalSettingsPostprocessor.OnPostprocessAllAssets 12.189ms
			AssetChangedListener.OnPostprocessAllAssets 9.253ms
			BuilderAssetPostprocessor.OnPostprocessAllAssets 7.229ms
			AssetPostprocessor.OnPostprocessAllAssets 6.236ms
			SyncVS.PostprocessSyncProject 3.573ms
			WindowAssetPostprocessingWatcher.OnPostprocessAllAssets 2.689ms
			ShaderGraphAssetPostProcessor.OnPostprocessAllAssets 2.458ms
			SpeedTree9Postprocessor.OnPostprocessAllAssets 2.420ms
			RetainedModeAssetPostprocessor.OnPostprocessAllAssets 1.750ms
			EditModeScopePostprocessor.OnPostprocessAllAssets 1.170ms
			ProjectSettingsPostprocessor.OnPostprocessAllAssets 0.896ms
			ArtifactBrowserPostProcessor.OnPostprocessAllAssets 0.848ms
			RenderPipelineGlobalSettingsPostprocessor.OnPostprocessAllAssets 0.820ms
			MaterialPostprocessor.OnPostprocessAllAssets 0.747ms
			TMPro_TexturePostProcessor.OnPostprocessAllAssets 0.696ms
			AudioMixerPostprocessor.OnPostprocessAllAssets 0.622ms
			ShaderReflectionAssetPostProcessor.OnPostprocessAllAssets 0.555ms
			TextAssetPostProcessor.OnPostprocessAllAssets 0.547ms
			InputActionJsonNameModifierAssetProcessor.OnPostprocessAllAssets 0.423ms
			UVCSAssetPostprocessor.OnPostprocessAllAssets 0.392ms
			PostProcessor.OnPostprocessAllAssets 0.375ms
			InputActionAssetPostprocessor.OnPostprocessAllAssets 0.361ms
			AssetEvents.OnPostprocessAllAssets 0.355ms
			StyleCatalogPostProcessor.OnPostprocessAllAssets 0.342ms
			SampleDependencyImporterPostProcessor.OnPostprocessAllAssets 0.333ms
			ReferencedClipsPostProcessor.OnPostprocessAllAssets 0.325ms
			SpeedTreePostProcessor.OnPostprocessAllAssets 0.248ms
			SamplePostprocessor.OnPostprocessAllAssets 0.220ms
			AssetDatabaseCallbacks.OnPostprocessAllAssets 0.176ms
			TerrainToolbarOverlayPostProcessor.OnPostprocessAllAssets 0.174ms
			ScenarioDriftAssetsTracker.OnPostprocessAllAssets 0.156ms
			ConfigAssetsTracker.OnPostprocessAllAssets 0.150ms
			AssetReloadNotifier.OnPostprocessAllAssets 0.144ms
			AudioContainerPostProcessor.OnPostprocessAllAssets 0.143ms
	GatherAllCurrentPrimaryImportResultRevisions: 0.174ms
	PersistCurrentRevisions: 0.097ms
	GenerateScriptTypeHashes: 2.665ms
	GenerateScriptTypeSerializationHashes: 4.524ms
	Untracked: 1975.315ms

[Licensing::Client] Successfully resolved entitlement details
[Licensing::Client] Successfully resolved entitlement details
Asset Pipeline Refresh (id=e7bddbadc23a14c4da24d66b13ac8492): Total: 0.010 seconds - Initiated by RefreshV2(AllowForceSynchronousImport)
[Licensing::Client] Successfully resolved entitlement details
Reloading assemblies for play mode.
Reloading assemblies after forced synchronous recompile.
Begin MonoManager ReloadAssembly
Native extension for WindowsStandalone target not found
Native extension for WebGL target not found
ScheduleIndexationOnStartup MainProcess:True IndexOnStartup:True
[MODES] ModeService[none].Initialize
[MODES] ModeService[none].LoadModes
Mono: successfully reloaded assembly
- Finished resetting the current domain, in  2.483 seconds
Domain Reload Profiling: 3791ms
	BeginReloadAssembly (957ms)
		DisableScriptedObjects (135ms)
		CreateAndSetChildDomain (594ms)
	RebuildCommonClasses (15ms)
	RebuildNativeTypeToScriptingClass (22ms)
	initialDomainReloadingComplete (74ms)
	LoadAllAssembliesAndSetupDomain (240ms)
		LoadAssemblies (169ms)
		AnalyzeDomain (48ms)
			TypeCache.Refresh (9ms)
			ResolveRequiredComponents (34ms)
	FinalizeReload (2484ms)
		SetupLoadedEditorAssemblies (0ms)
			InitializePlatformSupportModulesInManaged (3ms)
			BeforeProcessingInitializeOnLoad (106ms)
			ProcessInitializeOnLoadAttributes (530ms)
			ProcessInitializeOnLoadMethodAttributes (186ms)
			AfterProcessingInitializeOnLoad (8ms)
		AwakeInstancesAfterBackupRestoration (878ms)

Asset Pipeline Refresh (id=7beb90d9e5c087f4795b7db0fa5e65b4): Total: 4.055 seconds - Initiated by StopAssetImportingV2(ForceSynchronousImport | ForceDomainReload)
	(Values over 0.05ms)
	Summary:
		Imports: total=0 (actual=0, local cache=0, cache server=0)
		Asset DB Process Time: managed=0 ms, native=2647 ms
		Asset DB Callback time: managed=36 ms, native=0 ms
		Scripting: domain reloads=1, domain reload time=1369 ms, compile time=2 ms, other=0 ms
		Project Asset Count: scripts=1362, non-scripts=2318
		Asset File Changes: new=0, changed=0, moved=0, deleted=0
		Scan Filter Count: 0
	InvokePackagesCallback: 2.006ms
	ApplyChangesToAssetFolders: 0.432ms
	Collect global state as custom dependencies: 3.184ms
	ProcessAssetsWithTransientArtifactChanges: 0.279ms
	CategorizeAssets: 57.613ms
	CompileScripts: 1.683ms
	ImportOutOfDateAssets: 2535.632ms (2498.509ms without children)
		CollectScriptTypesHashes: 1.078ms
		ReloadNativeAssets: 1.663ms
		UnloadImportedAssets: 0.273ms
		EnsureUptoDateAssetsAreRegisteredWithGuidPM: 0.911ms
		ImportSchedulerStart: 34.245ms
	PostProcessAllAssets: 36.910ms
		MonoPostProcessAllAssets: 36.904ms
			UniversalRenderPipelineGlobalSettingsPostprocessor.OnPostprocessAllAssets 12.409ms
			AssetChangedListener.OnPostprocessAllAssets 9.253ms
			BuilderAssetPostprocessor.OnPostprocessAllAssets 7.229ms
			AssetPostprocessor.OnPostprocessAllAssets 6.236ms
			SyncVS.PostprocessSyncProject 3.825ms
			SpeedTree9Postprocessor.OnPostprocessAllAssets 2.481ms
			ShaderGraphAssetPostProcessor.OnPostprocessAllAssets 2.458ms
			WindowAssetPostprocessingWatcher.OnPostprocessAllAssets 2.354ms
			RetainedModeAssetPostprocessor.OnPostprocessAllAssets 1.750ms
			RenderPipelineGlobalSettingsPostprocessor.OnPostprocessAllAssets 1.077ms
			ProjectSettingsPostprocessor.OnPostprocessAllAssets 0.923ms
			ArtifactBrowserPostProcessor.OnPostprocessAllAssets 0.848ms
			MaterialPostprocessor.OnPostprocessAllAssets 0.747ms
			TMPro_TexturePostProcessor.OnPostprocessAllAssets 0.696ms
			AudioMixerPostprocessor.OnPostprocessAllAssets 0.622ms
			TextAssetPostProcessor.OnPostprocessAllAssets 0.547ms
			ShaderReflectionAssetPostProcessor.OnPostprocessAllAssets 0.431ms
			InputActionJsonNameModifierAssetProcessor.OnPostprocessAllAssets 0.423ms
			InputActionAssetPostprocessor.OnPostprocessAllAssets 0.411ms
			UVCSAssetPostprocessor.OnPostprocessAllAssets 0.392ms
			PostProcessor.OnPostprocessAllAssets 0.375ms
			AssetEvents.OnPostprocessAllAssets 0.355ms
			EditModeScopePostprocessor.OnPostprocessAllAssets 0.349ms
			StyleCatalogPostProcessor.OnPostprocessAllAssets 0.342ms
			SampleDependencyImporterPostProcessor.OnPostprocessAllAssets 0.333ms
			ReferencedClipsPostProcessor.OnPostprocessAllAssets 0.325ms
			SpeedTreePostProcessor.OnPostprocessAllAssets 0.248ms
			SamplePostprocessor.OnPostprocessAllAssets 0.220ms
			AssetDatabaseCallbacks.OnPostprocessAllAssets 0.184ms
			TerrainToolbarOverlayPostProcessor.OnPostprocessAllAssets 0.166ms
			ScenarioDriftAssetsTracker.OnPostprocessAllAssets 0.156ms
			ConfigAssetsTracker.OnPostprocessAllAssets 0.150ms
			AssetReloadNotifier.OnPostprocessAllAssets 0.144ms
			AudioContainerPostProcessor.OnPostprocessAllAssets 0.143ms
	GatherAllCurrentPrimaryImportResultRevisions: 0.154ms
	UnloadStreamsBegin: 2.151ms
	PersistCurrentRevisions: 0.178ms
	GenerateScriptTypeHashes: 3.104ms
	GenerateScriptTypeSerializationHashes: 5.088ms
	Untracked: 1405.836ms

Loaded scene 'Temp/__Backupscenes/0.backup'
	Deserialize:            1.600 ms
	Integration:            424.557 ms
	Integration of assets:  0.002 ms
	Thread Wait Time:       0.011 ms
	Total Operation Time:   426.169 ms
RIS Controller Started
UnityEngine.Debug:ExtractStackTraceNoAlloc (byte*,int,string)
UnityEngine.StackTraceUtility:ExtractStackTrace ()
UnityEngine.DebugLogHandler:Internal_Log (UnityEngine.LogType,UnityEngine.LogOption,string,UnityEngine.Object)
UnityEngine.DebugLogHandler:LogFormat (UnityEngine.LogType,UnityEngine.Object,string,object[])
UnityEngine.Logger:Log (UnityEngine.LogType,object)
UnityEngine.Debug:Log (object)
RISController:Start () (at Assets/Scripts/RISController.cs:15)

(Filename: Assets/Scripts/RISController.cs Line: 15)

Number of RIS Elements: 16
UnityEngine.Debug:ExtractStackTraceNoAlloc (byte*,int,string)
UnityEngine.StackTraceUtility:ExtractStackTrace ()
UnityEngine.DebugLogHandler:Internal_Log (UnityEngine.LogType,UnityEngine.LogOption,string,UnityEngine.Object)
UnityEngine.DebugLogHandler:LogFormat (UnityEngine.LogType,UnityEngine.Object,string,object[])
UnityEngine.Logger:Log (UnityEngine.LogType,object)
UnityEngine.Debug:Log (object)
RISController:Start () (at Assets/Scripts/RISController.cs:16)

(Filename: Assets/Scripts/RISController.cs Line: 16)

RIS Matrix: 4 x 4
UnityEngine.Debug:ExtractStackTraceNoAlloc (byte*,int,string)
UnityEngine.StackTraceUtility:ExtractStackTrace ()
UnityEngine.DebugLogHandler:Internal_Log (UnityEngine.LogType,UnityEngine.LogOption,string,UnityEngine.Object)
UnityEngine.DebugLogHandler:LogFormat (UnityEngine.LogType,UnityEngine.Object,string,object[])
UnityEngine.Logger:Log (UnityEngine.LogType,object)
UnityEngine.Debug:Log (object)
RISController:Start () (at Assets/Scripts/RISController.cs:28)

(Filename: Assets/Scripts/RISController.cs Line: 28)

Row 1 Column 1 → Element-01
UnityEngine.Debug:ExtractStackTraceNoAlloc (byte*,int,string)
UnityEngine.StackTraceUtility:ExtractStackTrace ()
UnityEngine.DebugLogHandler:Internal_Log (UnityEngine.LogType,UnityEngine.LogOption,string,UnityEngine.Object)
UnityEngine.DebugLogHandler:LogFormat (UnityEngine.LogType,UnityEngine.Object,string,object[])
UnityEngine.Logger:Log (UnityEngine.LogType,object)
UnityEngine.Debug:Log (object)
RISController:Start () (at Assets/Scripts/RISController.cs:36)

(Filename: Assets/Scripts/RISController.cs Line: 36)

Row 1 Column 2 → Element-02
UnityEngine.Debug:ExtractStackTraceNoAlloc (byte*,int,string)
UnityEngine.StackTraceUtility:ExtractStackTrace ()
UnityEngine.DebugLogHandler:Internal_Log (UnityEngine.LogType,UnityEngine.LogOption,string,UnityEngine.Object)
UnityEngine.DebugLogHandler:LogFormat (UnityEngine.LogType,UnityEngine.Object,string,object[])
UnityEngine.Logger:Log (UnityEngine.LogType,object)
UnityEngine.Debug:Log (object)
RISController:Start () (at Assets/Scripts/RISController.cs:36)

(Filename: Assets/Scripts/RISController.cs Line: 36)

Row 1 Column 3 → Element-03
UnityEngine.Debug:ExtractStackTraceNoAlloc (byte*,int,string)
UnityEngine.StackTraceUtility:ExtractStackTrace ()
UnityEngine.DebugLogHandler:Internal_Log (UnityEngine.LogType,UnityEngine.LogOption,string,UnityEngine.Object)
UnityEngine.DebugLogHandler:LogFormat (UnityEngine.LogType,UnityEngine.Object,string,object[])
UnityEngine.Logger:Log (UnityEngine.LogType,object)
UnityEngine.Debug:Log (object)
RISController:Start () (at Assets/Scripts/RISController.cs:36)

(Filename: Assets/Scripts/RISController.cs Line: 36)

Row 1 Column 4 → Element-04
UnityEngine.Debug:ExtractStackTraceNoAlloc (byte*,int,string)
UnityEngine.StackTraceUtility:ExtractStackTrace ()
UnityEngine.DebugLogHandler:Internal_Log (UnityEngine.LogType,UnityEngine.LogOption,string,UnityEngine.Object)
UnityEngine.DebugLogHandler:LogFormat (UnityEngine.LogType,UnityEngine.Object,string,object[])
UnityEngine.Logger:Log (UnityEngine.LogType,object)
UnityEngine.Debug:Log (object)
RISController:Start () (at Assets/Scripts/RISController.cs:36)

(Filename: Assets/Scripts/RISController.cs Line: 36)

Row 2 Column 1 → Element-05
UnityEngine.Debug:ExtractStackTraceNoAlloc (byte*,int,string)
UnityEngine.StackTraceUtility:ExtractStackTrace ()
UnityEngine.DebugLogHandler:Internal_Log (UnityEngine.LogType,UnityEngine.LogOption,string,UnityEngine.Object)
UnityEngine.DebugLogHandler:LogFormat (UnityEngine.LogType,UnityEngine.Object,string,object[])
UnityEngine.Logger:Log (UnityEngine.LogType,object)
UnityEngine.Debug:Log (object)
RISController:Start () (at Assets/Scripts/RISController.cs:36)

(Filename: Assets/Scripts/RISController.cs Line: 36)

Row 2 Column 2 → Element-06
UnityEngine.Debug:ExtractStackTraceNoAlloc (byte*,int,string)
UnityEngine.StackTraceUtility:ExtractStackTrace ()
UnityEngine.DebugLogHandler:Internal_Log (UnityEngine.LogType,UnityEngine.LogOption,string,UnityEngine.Object)
UnityEngine.DebugLogHandler:LogFormat (UnityEngine.LogType,UnityEngine.Object,string,object[])
UnityEngine.Logger:Log (UnityEngine.LogType,object)
UnityEngine.Debug:Log (object)
RISController:Start () (at Assets/Scripts/RISController.cs:36)

(Filename: Assets/Scripts/RISController.cs Line: 36)

Row 2 Column 3 → Element-07
UnityEngine.Debug:ExtractStackTraceNoAlloc (byte*,int,string)
UnityEngine.StackTraceUtility:ExtractStackTrace ()
UnityEngine.DebugLogHandler:Internal_Log (UnityEngine.LogType,UnityEngine.LogOption,string,UnityEngine.Object)
UnityEngine.DebugLogHandler:LogFormat (UnityEngine.LogType,UnityEngine.Object,string,object[])
UnityEngine.Logger:Log (UnityEngine.LogType,object)
UnityEngine.Debug:Log (object)
RISController:Start () (at Assets/Scripts/RISController.cs:36)

(Filename: Assets/Scripts/RISController.cs Line: 36)

Row 2 Column 4 → Element-08
UnityEngine.Debug:ExtractStackTraceNoAlloc (byte*,int,string)
UnityEngine.StackTraceUtility:ExtractStackTrace ()
UnityEngine.DebugLogHandler:Internal_Log (UnityEngine.LogType,UnityEngine.LogOption,string,UnityEngine.Object)
UnityEngine.DebugLogHandler:LogFormat (UnityEngine.LogType,UnityEngine.Object,string,object[])
UnityEngine.Logger:Log (UnityEngine.LogType,object)
UnityEngine.Debug:Log (object)
RISController:Start () (at Assets/Scripts/RISController.cs:36)

(Filename: Assets/Scripts/RISController.cs Line: 36)

Row 3 Column 1 → Element-09
UnityEngine.Debug:ExtractStackTraceNoAlloc (byte*,int,string)
UnityEngine.StackTraceUtility:ExtractStackTrace ()
UnityEngine.DebugLogHandler:Internal_Log (UnityEngine.LogType,UnityEngine.LogOption,string,UnityEngine.Object)
UnityEngine.DebugLogHandler:LogFormat (UnityEngine.LogType,UnityEngine.Object,string,object[])
UnityEngine.Logger:Log (UnityEngine.LogType,object)
UnityEngine.Debug:Log (object)
RISController:Start () (at Assets/Scripts/RISController.cs:36)

(Filename: Assets/Scripts/RISController.cs Line: 36)

Row 3 Column 2 → Element-10
UnityEngine.Debug:ExtractStackTraceNoAlloc (byte*,int,string)
UnityEngine.StackTraceUtility:ExtractStackTrace ()
UnityEngine.DebugLogHandler:Internal_Log (UnityEngine.LogType,UnityEngine.LogOption,string,UnityEngine.Object)
UnityEngine.DebugLogHandler:LogFormat (UnityEngine.LogType,UnityEngine.Object,string,object[])
UnityEngine.Logger:Log (UnityEngine.LogType,object)
UnityEngine.Debug:Log (object)
RISController:Start () (at Assets/Scripts/RISController.cs:36)

(Filename: Assets/Scripts/RISController.cs Line: 36)

Row 3 Column 3 → Element-11
UnityEngine.Debug:ExtractStackTraceNoAlloc (byte*,int,string)
UnityEngine.StackTraceUtility:ExtractStackTrace ()
UnityEngine.DebugLogHandler:Internal_Log (UnityEngine.LogType,UnityEngine.LogOption,string,UnityEngine.Object)
UnityEngine.DebugLogHandler:LogFormat (UnityEngine.LogType,UnityEngine.Object,string,object[])
UnityEngine.Logger:Log (UnityEngine.LogType,object)
UnityEngine.Debug:Log (object)
RISController:Start () (at Assets/Scripts/RISController.cs:36)

(Filename: Assets/Scripts/RISController.cs Line: 36)

Row 3 Column 4 → Element-12
UnityEngine.Debug:ExtractStackTraceNoAlloc (byte*,int,string)
UnityEngine.StackTraceUtility:ExtractStackTrace ()
UnityEngine.DebugLogHandler:Internal_Log (UnityEngine.LogType,UnityEngine.LogOption,string,UnityEngine.Object)
UnityEngine.DebugLogHandler:LogFormat (UnityEngine.LogType,UnityEngine.Object,string,object[])
UnityEngine.Logger:Log (UnityEngine.LogType,object)
UnityEngine.Debug:Log (object)
RISController:Start () (at Assets/Scripts/RISController.cs:36)

(Filename: Assets/Scripts/RISController.cs Line: 36)

Row 4 Column 1 → Element-13
UnityEngine.Debug:ExtractStackTraceNoAlloc (byte*,int,string)
UnityEngine.StackTraceUtility:ExtractStackTrace ()
UnityEngine.DebugLogHandler:Internal_Log (UnityEngine.LogType,UnityEngine.LogOption,string,UnityEngine.Object)
UnityEngine.DebugLogHandler:LogFormat (UnityEngine.LogType,UnityEngine.Object,string,object[])
UnityEngine.Logger:Log (UnityEngine.LogType,object)
UnityEngine.Debug:Log (object)
RISController:Start () (at Assets/Scripts/RISController.cs:36)

(Filename: Assets/Scripts/RISController.cs Line: 36)

Row 4 Column 2 → Element-14
UnityEngine.Debug:ExtractStackTraceNoAlloc (byte*,int,string)
UnityEngine.StackTraceUtility:ExtractStackTrace ()
UnityEngine.DebugLogHandler:Internal_Log (UnityEngine.LogType,UnityEngine.LogOption,string,UnityEngine.Object)
UnityEngine.DebugLogHandler:LogFormat (UnityEngine.LogType,UnityEngine.Object,string,object[])
UnityEngine.Logger:Log (UnityEngine.LogType,object)
UnityEngine.Debug:Log (object)
RISController:Start () (at Assets/Scripts/RISController.cs:36)

(Filename: Assets/Scripts/RISController.cs Line: 36)

Row 4 Column 3 → Element-15
UnityEngine.Debug:ExtractStackTraceNoAlloc (byte*,int,string)
UnityEngine.StackTraceUtility:ExtractStackTrace ()
UnityEngine.DebugLogHandler:Internal_Log (UnityEngine.LogType,UnityEngine.LogOption,string,UnityEngine.Object)
UnityEngine.DebugLogHandler:LogFormat (UnityEngine.LogType,UnityEngine.Object,string,object[])
UnityEngine.Logger:Log (UnityEngine.LogType,object)
UnityEngine.Debug:Log (object)
RISController:Start () (at Assets/Scripts/RISController.cs:36)

(Filename: Assets/Scripts/RISController.cs Line: 36)

Row 4 Column 4 → Element-16
UnityEngine.Debug:ExtractStackTraceNoAlloc (byte*,int,string)
UnityEngine.StackTraceUtility:ExtractStackTrace ()
UnityEngine.DebugLogHandler:Internal_Log (UnityEngine.LogType,UnityEngine.LogOption,string,UnityEngine.Object)
UnityEngine.DebugLogHandler:LogFormat (UnityEngine.LogType,UnityEngine.Object,string,object[])
UnityEngine.Logger:Log (UnityEngine.LogType,object)
UnityEngine.Debug:Log (object)
RISController:Start () (at Assets/Scripts/RISController.cs:36)

(Filename: Assets/Scripts/RISController.cs Line: 36)

[Licensing::Client] Successfully resolved entitlement details
[Licensing::Client] Successfully resolved entitlement details
[Licensing::Client] Successfully resolved entitlement details
Asset Pipeline Refresh (id=cc34fb8acb7c0194b8717303f7639aaf): Total: 0.014 seconds - Initiated by RefreshV2(NoUpdateAssetOptions)
Unloading 0 Unused Serialized files (Serialized files now loaded: 0)
Loaded scene 'Temp/__Backupscenes/0.backup'
	Deserialize:            1.398 ms
	Integration:            288.158 ms
	Integration of assets:  0.004 ms
	Thread Wait Time:       0.014 ms
	Total Operation Time:   289.574 ms
Unloading 14 unused Assets / (391.7 KB). Loaded Objects now: 8850.
Memory consumption went from 0.69 GB to 0.69 GB.
Total: 20.750200 ms (FindLiveObjects: 0.649900 ms CreateObjectMapping: 1.196700 ms MarkObjects: 18.707100 ms  DeleteObjects: 0.194500 ms)

[Licensing::Client] Successfully resolved entitlement details
Asset Pipeline Refresh (id=bf74d47aae5ce5f428e0b3139015088a): Total: 0.008 seconds - Initiated by RefreshV2(AllowForceSynchronousImport)
[ScriptCompilation] Requested script compilation because: AssetDatabase observed changes in script compilation related files
Refreshing native plugins compatible for Editor in 2.24 ms, found 4 plugins.
Asset Pipeline Refresh (id=0fdd325edec24d04393f70a9fe0bf336): Total: 0.122 seconds - Initiated by RefreshV2(NoUpdateAssetOptions)
[Licensing::Client] Successfully resolved entitlement details
info: Microsoft.AspNetCore.Hosting.Diagnostics[1]
      Request starting HTTP/2 POST http://ilpp/UnityILPP.PostProcessing/Ping - application/grpc -
info: Microsoft.AspNetCore.Routing.EndpointMiddleware[0]
      Executing endpoint 'gRPC - /UnityILPP.PostProcessing/Ping'
info: Microsoft.AspNetCore.Routing.EndpointMiddleware[1]
      Executed endpoint 'gRPC - /UnityILPP.PostProcessing/Ping'
info: Microsoft.AspNetCore.Hosting.Diagnostics[2]
      Request finished HTTP/2 POST http://ilpp/UnityILPP.PostProcessing/Ping - 200 - application/grpc 0.1926ms
Starting: C:\Program Files\Unity\Hub\Editor\6000.5.6f1\Editor\Data\Tools\BuildPipeline\bee_backend.exe --ipc --defer-dag-verification --dagfile="Library/Bee/1900b0aE.dag" --continue-on-failure --profile="Library/Bee/backend1.traceevents" ScriptAssemblies
WorkingDir: D:/Private/unity projects/graduation project
info: Microsoft.AspNetCore.Hosting.Diagnostics[1]
      Request starting HTTP/2 POST http://ilpp/UnityILPP.PostProcessing/ConfigurePostProcessors - application/grpc -
info: Microsoft.AspNetCore.Routing.EndpointMiddleware[0]
      Executing endpoint 'gRPC - /UnityILPP.PostProcessing/ConfigurePostProcessors'
info: Unity.ILPP.Runner.PostProcessingAssemblyLoadContext[0]
      Current configuration matches the requested one, skipping
info: Microsoft.AspNetCore.Routing.EndpointMiddleware[1]
      Executed endpoint 'gRPC - /UnityILPP.PostProcessing/ConfigurePostProcessors'
info: Microsoft.AspNetCore.Hosting.Diagnostics[2]
      Request finished HTTP/2 POST http://ilpp/UnityILPP.PostProcessing/ConfigurePostProcessors - 200 - application/grpc 1.1938ms
info: Microsoft.AspNetCore.Hosting.Diagnostics[1]
      Request starting HTTP/2 POST http://ilpp/UnityILPP.PostProcessing/PostProcessAssembly - application/grpc -
info: Microsoft.AspNetCore.Routing.EndpointMiddleware[0]
      Executing endpoint 'gRPC - /UnityILPP.PostProcessing/PostProcessAssembly'
info: Unity.ILPP.Runner.PostProcessingPipeline[0]
      Processing assembly Library/Bee/artifacts/1900b0aE.dag/Assembly-CSharp.dll, with 142 defines and 339 references
info: Unity.ILPP.Runner.PostProcessingPipeline[0]
      processors: Unity.Jobs.CodeGen.JobsILPostProcessor, zzzUnity.Burst.CodeGen.BurstILPostProcessor
info: Unity.ILPP.Runner.PostProcessingPipeline[0]
      running Unity.Jobs.CodeGen.JobsILPostProcessor
info: Unity.ILPP.Runner.PostProcessingPipeline[0]
      running zzzUnity.Burst.CodeGen.BurstILPostProcessor
info: Microsoft.AspNetCore.Routing.EndpointMiddleware[1]
      Executed endpoint 'gRPC - /UnityILPP.PostProcessing/PostProcessAssembly'
info: Microsoft.AspNetCore.Hosting.Diagnostics[2]
      Request finished HTTP/2 POST http://ilpp/UnityILPP.PostProcessing/PostProcessAssembly - 200 - application/grpc 19.2315ms
info: Microsoft.AspNetCore.Hosting.Diagnostics[1]
      Request starting HTTP/2 POST http://ilpp/UnityILPP.PostProcessing/PostProcessAssembly - application/grpc -
info: Microsoft.AspNetCore.Routing.EndpointMiddleware[0]
      Executing endpoint 'gRPC - /UnityILPP.PostProcessing/PostProcessAssembly'
info: Unity.ILPP.Runner.PostProcessingPipeline[0]
      Processing assembly Library/Bee/artifacts/1900b0aE.dag/Assembly-CSharp-Editor.dll, with 140 defines and 362 references
info: Unity.ILPP.Runner.PostProcessingPipeline[0]
      processors: Unity.Jobs.CodeGen.JobsILPostProcessor, zzzUnity.Burst.CodeGen.BurstILPostProcessor
info: Unity.ILPP.Runner.PostProcessingPipeline[0]
      running Unity.Jobs.CodeGen.JobsILPostProcessor
info: Unity.ILPP.Runner.PostProcessingPipeline[0]
      running zzzUnity.Burst.CodeGen.BurstILPostProcessor
info: Microsoft.AspNetCore.Routing.EndpointMiddleware[1]
      Executed endpoint 'gRPC - /UnityILPP.PostProcessing/PostProcessAssembly'
info: Microsoft.AspNetCore.Hosting.Diagnostics[2]
      Request finished HTTP/2 POST http://ilpp/UnityILPP.PostProcessing/PostProcessAssembly - 200 - application/grpc 15.2209ms
ExitCode: 0 Duration: 0s678ms
[736/937    0s] ILPP-Configuration Library/ilpp-configuration.nevergeneratedoutput
[929/937    0s] Csc Library/Bee/artifacts/1900b0aE.dag/Assembly-CSharp.dll (+2 others)
[930/937    0s] ILPostProcess Library/Bee/artifacts/1900b0aE.dag/post-processed/Assembly-CSharp.dll (+pdb)
Processing assembly Library/Bee/artifacts/1900b0aE.dag/Assembly-CSharp.dll, with 142 defines and 339 references

processors: Unity.Jobs.CodeGen.JobsILPostProcessor, zzzUnity.Burst.CodeGen.BurstILPostProcessor

running Unity.Jobs.CodeGen.JobsILPostProcessor

running zzzUnity.Burst.CodeGen.BurstILPostProcessor
[931/937    0s] CopyFiles Library/ScriptAssemblies/Assembly-CSharp.dll
[932/937    0s] CopyFiles Library/ScriptAssemblies/Assembly-CSharp.pdb
[933/937    0s] Csc Library/Bee/artifacts/1900b0aE.dag/Assembly-CSharp-Editor.dll (+2 others)
[934/937    0s] ILPostProcess Library/Bee/artifacts/1900b0aE.dag/post-processed/Assembly-CSharp-Editor.dll (+pdb)
Processing assembly Library/Bee/artifacts/1900b0aE.dag/Assembly-CSharp-Editor.dll, with 140 defines and 362 references

processors: Unity.Jobs.CodeGen.JobsILPostProcessor, zzzUnity.Burst.CodeGen.BurstILPostProcessor

running Unity.Jobs.CodeGen.JobsILPostProcessor

running zzzUnity.Burst.CodeGen.BurstILPostProcessor
[935/937    0s] CopyFiles Library/ScriptAssemblies/Assembly-CSharp-Editor.pdb
[936/937    0s] CopyFiles Library/ScriptAssemblies/Assembly-CSharp-Editor.dll
*** Tundra build success (0.64 seconds), 9 items updated, 937 evaluated
Reloading assemblies after finishing script compilation.
Reloading assemblies after forced synchronous recompile.
Begin MonoManager ReloadAssembly
Total cache size 267245200
Total cache size after purge 267245200, took 00:00:00.5888503
Native extension for WindowsStandalone target not found
Native extension for WebGL target not found
[MODES] ModeService[none].Initialize
[MODES] ModeService[none].LoadModes
ScheduleIndexationOnStartup MainProcess:True IndexOnStartup:True
Mono: successfully reloaded assembly
- Finished resetting the current domain, in  2.548 seconds
Domain Reload Profiling: 4437ms
	BeginReloadAssembly (1298ms)
		DisableScriptedObjects (284ms)
		CreateAndSetChildDomain (594ms)
	RebuildCommonClasses (21ms)
	RebuildNativeTypeToScriptingClass (31ms)
	initialDomainReloadingComplete (89ms)
	LoadAllAssembliesAndSetupDomain (449ms)
		LoadAssemblies (190ms)
		AnalyzeDomain (274ms)
			TypeCache.Refresh (11ms)
			BuildScriptInfoCaches (231ms)
			ResolveRequiredComponents (29ms)
	FinalizeReload (2549ms)
		SetupLoadedEditorAssemblies (0ms)
			InitializePlatformSupportModulesInManaged (3ms)
			BeforeProcessingInitializeOnLoad (230ms)
			ProcessInitializeOnLoadAttributes (558ms)
			ProcessInitializeOnLoadMethodAttributes (200ms)
			AfterProcessingInitializeOnLoad (9ms)
		AwakeInstancesAfterBackupRestoration (838ms)

Asset Pipeline Refresh (id=21c90671cc841614ba7c94df7e024972): Total: 4.735 seconds - Initiated by StopAssetImportingV2(ForceSynchronousImport | ForceDomainReload)
	(Values over 0.05ms)
	Summary:
		Imports: total=0 (actual=0, local cache=0, cache server=0)
		Asset DB Process Time: managed=0 ms, native=2710 ms
		Asset DB Callback time: managed=47 ms, native=0 ms
		Scripting: domain reloads=1, domain reload time=1975 ms, compile time=2 ms, other=0 ms
		Project Asset Count: scripts=1362, non-scripts=2318
		Asset File Changes: new=0, changed=0, moved=0, deleted=0
		Scan Filter Count: 0
	InvokePackagesCallback: 2.283ms
	ApplyChangesToAssetFolders: 0.459ms
	Collect global state as custom dependencies: 3.790ms
	ProcessAssetsWithTransientArtifactChanges: 7.391ms
	CategorizeAssets: 56.496ms
	CompileScripts: 1.522ms
	ImportOutOfDateAssets: 2601.530ms (2562.625ms without children)
		CollectScriptTypesHashes: 1.520ms
		ReloadNativeAssets: 1.203ms
		UnloadImportedAssets: 0.344ms
		EnsureUptoDateAssetsAreRegisteredWithGuidPM: 0.833ms
		ImportSchedulerStart: 36.492ms
	PostProcessAllAssets: 47.155ms
		MonoPostProcessAllAssets: 47.150ms
			UniversalRenderPipelineGlobalSettingsPostprocessor.OnPostprocessAllAssets 13.620ms
			AssetChangedListener.OnPostprocessAllAssets 7.390ms
			BuilderAssetPostprocessor.OnPostprocessAllAssets 6.698ms
			AssetPostprocessor.OnPostprocessAllAssets 4.478ms
			SyncVS.PostprocessSyncProject 3.999ms
			WindowAssetPostprocessingWatcher.OnPostprocessAllAssets 3.390ms
			ShaderGraphAssetPostProcessor.OnPostprocessAllAssets 2.780ms
			SpeedTree9Postprocessor.OnPostprocessAllAssets 2.329ms
			EditModeScopePostprocessor.OnPostprocessAllAssets 2.023ms
			RetainedModeAssetPostprocessor.OnPostprocessAllAssets 1.336ms
			RenderPipelineGlobalSettingsPostprocessor.OnPostprocessAllAssets 0.963ms
			ProjectSettingsPostprocessor.OnPostprocessAllAssets 0.950ms
			MaterialPostprocessor.OnPostprocessAllAssets 0.833ms
			TMPro_TexturePostProcessor.OnPostprocessAllAssets 0.746ms
			ArtifactBrowserPostProcessor.OnPostprocessAllAssets 0.666ms
			TextAssetPostProcessor.OnPostprocessAllAssets 0.605ms
			UVCSAssetPostprocessor.OnPostprocessAllAssets 0.512ms
			ShaderReflectionAssetPostProcessor.OnPostprocessAllAssets 0.482ms
			InputActionJsonNameModifierAssetProcessor.OnPostprocessAllAssets 0.441ms
			SpeedTreePostProcessor.OnPostprocessAllAssets 0.430ms
			AudioMixerPostprocessor.OnPostprocessAllAssets 0.394ms
			PostProcessor.OnPostprocessAllAssets 0.385ms
			InputActionAssetPostprocessor.OnPostprocessAllAssets 0.378ms
			ReferencedClipsPostProcessor.OnPostprocessAllAssets 0.335ms
			SampleDependencyImporterPostProcessor.OnPostprocessAllAssets 0.332ms
			SamplePostprocessor.OnPostprocessAllAssets 0.271ms
			AssetEvents.OnPostprocessAllAssets 0.241ms
			StyleCatalogPostProcessor.OnPostprocessAllAssets 0.231ms
			AssetDatabaseCallbacks.OnPostprocessAllAssets 0.202ms
			TerrainToolbarOverlayPostProcessor.OnPostprocessAllAssets 0.199ms
			ScenarioDriftAssetsTracker.OnPostprocessAllAssets 0.151ms
			ConfigAssetsTracker.OnPostprocessAllAssets 0.142ms
			AssetReloadNotifier.OnPostprocessAllAssets 0.142ms
			AudioContainerPostProcessor.OnPostprocessAllAssets 0.086ms
	GatherAllCurrentPrimaryImportResultRevisions: 0.165ms
	PersistCurrentRevisions: 0.123ms
	GenerateScriptTypeHashes: 2.651ms
	GenerateScriptTypeSerializationHashes: 4.424ms
	Untracked: 2009.217ms

[Licensing::Client] Successfully resolved entitlement details
[Licensing::Client] Successfully resolved entitlement details
Asset Pipeline Refresh (id=2843212d63f425c43aca77095ff9614c): Total: 0.011 seconds - Initiated by RefreshV2(AllowForceSynchronousImport)
[Licensing::Client] Successfully resolved entitlement details
Asset Pipeline Refresh (id=18e0654e7a082a741a5c5a8f27d6fc10): Total: 0.004 seconds - Initiated by RefreshV2(AllowForceSynchronousImport)
Asset Pipeline Refresh (id=7f56c3e6555ad094083eeed324e6397e): Total: 0.005 seconds - Initiated by RefreshV2(AllowForceSynchronousImport)
Reloading assemblies for play mode.
Reloading assemblies after forced synchronous recompile.
Begin MonoManager ReloadAssembly
Native extension for WindowsStandalone target not found
Native extension for WebGL target not found
ScheduleIndexationOnStartup MainProcess:True IndexOnStartup:True
[MODES] ModeService[none].Initialize
[MODES] ModeService[none].LoadModes
Mono: successfully reloaded assembly
- Finished resetting the current domain, in  2.494 seconds
Domain Reload Profiling: 3714ms
	BeginReloadAssembly (898ms)
		DisableScriptedObjects (134ms)
		CreateAndSetChildDomain (545ms)
	RebuildCommonClasses (14ms)
	RebuildNativeTypeToScriptingClass (22ms)
	initialDomainReloadingComplete (68ms)
	LoadAllAssembliesAndSetupDomain (218ms)
		LoadAssemblies (159ms)
		AnalyzeDomain (43ms)
			TypeCache.Refresh (8ms)
			ResolveRequiredComponents (29ms)
	FinalizeReload (2495ms)
		SetupLoadedEditorAssemblies (0ms)
			InitializePlatformSupportModulesInManaged (3ms)
			BeforeProcessingInitializeOnLoad (108ms)
			ProcessInitializeOnLoadAttributes (533ms)
			ProcessInitializeOnLoadMethodAttributes (183ms)
			AfterProcessingInitializeOnLoad (7ms)
		AwakeInstancesAfterBackupRestoration (895ms)

Asset Pipeline Refresh (id=eba6b642e76d3ea45a8b74c1d5b1ceed): Total: 3.961 seconds - Initiated by StopAssetImportingV2(ForceSynchronousImport | ForceDomainReload)
	(Values over 0.05ms)
	Summary:
		Imports: total=0 (actual=0, local cache=0, cache server=0)
		Asset DB Process Time: managed=0 ms, native=2647 ms
		Asset DB Callback time: managed=36 ms, native=0 ms
		Scripting: domain reloads=1, domain reload time=1275 ms, compile time=2 ms, other=0 ms
		Project Asset Count: scripts=1362, non-scripts=2318
		Asset File Changes: new=0, changed=0, moved=0, deleted=0
		Scan Filter Count: 0
	InvokePackagesCallback: 2.097ms
	ApplyChangesToAssetFolders: 0.397ms
	Collect global state as custom dependencies: 2.989ms
	ProcessAssetsWithTransientArtifactChanges: 0.267ms
	CategorizeAssets: 55.680ms
	CompileScripts: 1.508ms
	ImportOutOfDateAssets: 2545.612ms (2509.472ms without children)
		CollectScriptTypesHashes: 1.278ms
		ReloadNativeAssets: 1.634ms
		UnloadImportedAssets: 0.259ms
		EnsureUptoDateAssetsAreRegisteredWithGuidPM: 0.840ms
		ImportSchedulerStart: 33.376ms
	PostProcessAllAssets: 36.715ms
		MonoPostProcessAllAssets: 36.709ms
			UniversalRenderPipelineGlobalSettingsPostprocessor.OnPostprocessAllAssets 12.452ms
			AssetChangedListener.OnPostprocessAllAssets 7.390ms
			BuilderAssetPostprocessor.OnPostprocessAllAssets 6.698ms
			AssetPostprocessor.OnPostprocessAllAssets 4.478ms
			SyncVS.PostprocessSyncProject 3.732ms
			ShaderGraphAssetPostProcessor.OnPostprocessAllAssets 2.780ms
			WindowAssetPostprocessingWatcher.OnPostprocessAllAssets 2.567ms
			SpeedTree9Postprocessor.OnPostprocessAllAssets 2.344ms
			RetainedModeAssetPostprocessor.OnPostprocessAllAssets 1.336ms
			ProjectSettingsPostprocessor.OnPostprocessAllAssets 0.953ms
			MaterialPostprocessor.OnPostprocessAllAssets 0.833ms
			RenderPipelineGlobalSettingsPostprocessor.OnPostprocessAllAssets 0.816ms
			TMPro_TexturePostProcessor.OnPostprocessAllAssets 0.746ms
			ArtifactBrowserPostProcessor.OnPostprocessAllAssets 0.666ms
			TextAssetPostProcessor.OnPostprocessAllAssets 0.605ms
			UVCSAssetPostprocessor.OnPostprocessAllAssets 0.512ms
			ShaderReflectionAssetPostProcessor.OnPostprocessAllAssets 0.506ms
			InputActionJsonNameModifierAssetProcessor.OnPostprocessAllAssets 0.441ms
			SpeedTreePostProcessor.OnPostprocessAllAssets 0.430ms
			AudioMixerPostprocessor.OnPostprocessAllAssets 0.394ms
			PostProcessor.OnPostprocessAllAssets 0.385ms
			InputActionAssetPostprocessor.OnPostprocessAllAssets 0.339ms
			EditModeScopePostprocessor.OnPostprocessAllAssets 0.336ms
			SampleDependencyImporterPostProcessor.OnPostprocessAllAssets 0.332ms
			ReferencedClipsPostProcessor.OnPostprocessAllAssets 0.327ms
			SamplePostprocessor.OnPostprocessAllAssets 0.271ms
			AssetEvents.OnPostprocessAllAssets 0.241ms
			StyleCatalogPostProcessor.OnPostprocessAllAssets 0.231ms
			AssetDatabaseCallbacks.OnPostprocessAllAssets 0.192ms
			TerrainToolbarOverlayPostProcessor.OnPostprocessAllAssets 0.184ms
			ScenarioDriftAssetsTracker.OnPostprocessAllAssets 0.151ms
			ConfigAssetsTracker.OnPostprocessAllAssets 0.142ms
			AssetReloadNotifier.OnPostprocessAllAssets 0.142ms
			AudioContainerPostProcessor.OnPostprocessAllAssets 0.086ms
	GatherAllCurrentPrimaryImportResultRevisions: 0.145ms
	PersistCurrentRevisions: 0.110ms
	GenerateScriptTypeHashes: 3.044ms
	GenerateScriptTypeSerializationHashes: 4.954ms
	Untracked: 1309.520ms

Loaded scene 'Temp/__Backupscenes/0.backup'
	Deserialize:            1.563 ms
	Integration:            387.689 ms
	Integration of assets:  0.002 ms
	Thread Wait Time:       0.008 ms
	Total Operation Time:   389.261 ms
RIS Controller Started
UnityEngine.Debug:ExtractStackTraceNoAlloc (byte*,int,string)
UnityEngine.StackTraceUtility:ExtractStackTrace ()
UnityEngine.DebugLogHandler:Internal_Log (UnityEngine.LogType,UnityEngine.LogOption,string,UnityEngine.Object)
UnityEngine.DebugLogHandler:LogFormat (UnityEngine.LogType,UnityEngine.Object,string,object[])
UnityEngine.Logger:Log (UnityEngine.LogType,object)
UnityEngine.Debug:Log (object)
RISController:Start () (at Assets/Scripts/RISController.cs:15)

(Filename: Assets/Scripts/RISController.cs Line: 15)

Number of RIS Elements: 16
UnityEngine.Debug:ExtractStackTraceNoAlloc (byte*,int,string)
UnityEngine.StackTraceUtility:ExtractStackTrace ()
UnityEngine.DebugLogHandler:Internal_Log (UnityEngine.LogType,UnityEngine.LogOption,string,UnityEngine.Object)
UnityEngine.DebugLogHandler:LogFormat (UnityEngine.LogType,UnityEngine.Object,string,object[])
UnityEngine.Logger:Log (UnityEngine.LogType,object)
UnityEngine.Debug:Log (object)
RISController:Start () (at Assets/Scripts/RISController.cs:16)

(Filename: Assets/Scripts/RISController.cs Line: 16)

RIS Phase System Ready
UnityEngine.Debug:ExtractStackTraceNoAlloc (byte*,int,string)
UnityEngine.StackTraceUtility:ExtractStackTrace ()
UnityEngine.DebugLogHandler:Internal_Log (UnityEngine.LogType,UnityEngine.LogOption,string,UnityEngine.Object)
UnityEngine.DebugLogHandler:LogFormat (UnityEngine.LogType,UnityEngine.Object,string,object[])
UnityEngine.Logger:Log (UnityEngine.LogType,object)
UnityEngine.Debug:Log (object)
RISController:Start () (at Assets/Scripts/RISController.cs:33)

(Filename: Assets/Scripts/RISController.cs Line: 33)

[Licensing::Client] Successfully resolved entitlement details
[Licensing::Client] Successfully resolved entitlement details
[Licensing::Client] Successfully resolved entitlement details
[ScriptCompilation] Requested script compilation because: AssetDatabase observed changes in script compilation related files
Asset Pipeline Refresh (id=235a0d6ebac09684289bdc6a29c093ec): Total: 0.119 seconds - Initiated by RefreshV2(NoUpdateAssetOptions)
[Licensing::Client] Successfully resolved entitlement details
info: Microsoft.AspNetCore.Hosting.Diagnostics[1]
      Request starting HTTP/2 POST http://ilpp/UnityILPP.PostProcessing/Ping - application/grpc -
info: Microsoft.AspNetCore.Routing.EndpointMiddleware[0]
      Executing endpoint 'gRPC - /UnityILPP.PostProcessing/Ping'
info: Microsoft.AspNetCore.Routing.EndpointMiddleware[1]
      Executed endpoint 'gRPC - /UnityILPP.PostProcessing/Ping'
info: Microsoft.AspNetCore.Hosting.Diagnostics[2]
      Request finished HTTP/2 POST http://ilpp/UnityILPP.PostProcessing/Ping - 200 - application/grpc 0.3195ms
Starting: C:\Program Files\Unity\Hub\Editor\6000.5.6f1\Editor\Data\Tools\BuildPipeline\bee_backend.exe --ipc --defer-dag-verification --dagfile="Library/Bee/1900b0aE.dag" --continue-on-failure --profile="Library/Bee/backend1.traceevents" ScriptAssemblies
WorkingDir: D:/Private/unity projects/graduation project
info: Microsoft.AspNetCore.Hosting.Diagnostics[1]
      Request starting HTTP/2 POST http://ilpp/UnityILPP.PostProcessing/ConfigurePostProcessors - application/grpc -
info: Microsoft.AspNetCore.Routing.EndpointMiddleware[0]
      Executing endpoint 'gRPC - /UnityILPP.PostProcessing/ConfigurePostProcessors'
info: Unity.ILPP.Runner.PostProcessingAssemblyLoadContext[0]
      Current configuration matches the requested one, skipping
info: Microsoft.AspNetCore.Routing.EndpointMiddleware[1]
      Executed endpoint 'gRPC - /UnityILPP.PostProcessing/ConfigurePostProcessors'
info: Microsoft.AspNetCore.Hosting.Diagnostics[2]
      Request finished HTTP/2 POST http://ilpp/UnityILPP.PostProcessing/ConfigurePostProcessors - 200 - application/grpc 1.2365ms
info: Microsoft.AspNetCore.Hosting.Diagnostics[1]
      Request starting HTTP/2 POST http://ilpp/UnityILPP.PostProcessing/PostProcessAssembly - application/grpc -
info: Microsoft.AspNetCore.Hosting.Diagnostics[1]
      Request starting HTTP/2 POST http://ilpp/UnityILPP.PostProcessing/PostProcessAssembly - application/grpc -
info: Microsoft.AspNetCore.Routing.EndpointMiddleware[0]
      Executing endpoint 'gRPC - /UnityILPP.PostProcessing/PostProcessAssembly'
info: Microsoft.AspNetCore.Routing.EndpointMiddleware[0]
      Executing endpoint 'gRPC - /UnityILPP.PostProcessing/PostProcessAssembly'
info: Unity.ILPP.Runner.PostProcessingPipeline[0]
      Processing assembly Library/Bee/artifacts/1900b0aE.dag/Assembly-CSharp.dll, with 142 defines and 339 references
info: Unity.ILPP.Runner.PostProcessingPipeline[0]
      processors: Unity.Jobs.CodeGen.JobsILPostProcessor, zzzUnity.Burst.CodeGen.BurstILPostProcessor
info: Unity.ILPP.Runner.PostProcessingPipeline[0]
      Processing assembly Library/Bee/artifacts/1900b0aE.dag/Assembly-CSharp-Editor.dll, with 140 defines and 362 references
info: Unity.ILPP.Runner.PostProcessingPipeline[0]
      processors: Unity.Jobs.CodeGen.JobsILPostProcessor, zzzUnity.Burst.CodeGen.BurstILPostProcessor
info: Unity.ILPP.Runner.PostProcessingPipeline[0]
      running Unity.Jobs.CodeGen.JobsILPostProcessor
info: Unity.ILPP.Runner.PostProcessingPipeline[0]
      running Unity.Jobs.CodeGen.JobsILPostProcessor
info: Unity.ILPP.Runner.PostProcessingPipeline[0]
      running zzzUnity.Burst.CodeGen.BurstILPostProcessor
info: Unity.ILPP.Runner.PostProcessingPipeline[0]
      running zzzUnity.Burst.CodeGen.BurstILPostProcessor
info: Microsoft.AspNetCore.Routing.EndpointMiddleware[1]
      Executed endpoint 'gRPC - /UnityILPP.PostProcessing/PostProcessAssembly'
info: Microsoft.AspNetCore.Hosting.Diagnostics[2]
      Request finished HTTP/2 POST http://ilpp/UnityILPP.PostProcessing/PostProcessAssembly - 200 - application/grpc 20.2409ms
info: Microsoft.AspNetCore.Routing.EndpointMiddleware[1]
      Executed endpoint 'gRPC - /UnityILPP.PostProcessing/PostProcessAssembly'
info: Microsoft.AspNetCore.Hosting.Diagnostics[2]
      Request finished HTTP/2 POST http://ilpp/UnityILPP.PostProcessing/PostProcessAssembly - 200 - application/grpc 34.7614ms
ExitCode: 0 Duration: 0s459ms
[736/937    0s] ILPP-Configuration Library/ilpp-configuration.nevergeneratedoutput
[929/937    0s] Csc Library/Bee/artifacts/1900b0aE.dag/Assembly-CSharp.dll (+2 others)
[931/937    0s] ILPostProcess Library/Bee/artifacts/1900b0aE.dag/post-processed/Assembly-CSharp-Editor.dll (+pdb)
Processing assembly Library/Bee/artifacts/1900b0aE.dag/Assembly-CSharp-Editor.dll, with 140 defines and 362 references

processors: Unity.Jobs.CodeGen.JobsILPostProcessor, zzzUnity.Burst.CodeGen.BurstILPostProcessor

running Unity.Jobs.CodeGen.JobsILPostProcessor

running zzzUnity.Burst.CodeGen.BurstILPostProcessor
[932/937    0s] ILPostProcess Library/Bee/artifacts/1900b0aE.dag/post-processed/Assembly-CSharp.dll (+pdb)
Processing assembly Library/Bee/artifacts/1900b0aE.dag/Assembly-CSharp.dll, with 142 defines and 339 references

processors: Unity.Jobs.CodeGen.JobsILPostProcessor, zzzUnity.Burst.CodeGen.BurstILPostProcessor

running Unity.Jobs.CodeGen.JobsILPostProcessor

running zzzUnity.Burst.CodeGen.BurstILPostProcessor
[935/937    0s] CopyFiles Library/ScriptAssemblies/Assembly-CSharp.pdb
[936/937    0s] CopyFiles Library/ScriptAssemblies/Assembly-CSharp.dll
*** Tundra build success (0.42 seconds), 6 items updated, 937 evaluated
Reloading assemblies after finishing script compilation.
Reloading assemblies after forced synchronous recompile.
Begin MonoManager ReloadAssembly
Total cache size 267245200
Total cache size after purge 267245200, took 00:00:00.5514344
Native extension for WindowsStandalone target not found
Native extension for WebGL target not found
[MODES] ModeService[none].Initialize
[MODES] ModeService[none].LoadModes
ScheduleIndexationOnStartup MainProcess:True IndexOnStartup:True
Mono: successfully reloaded assembly
- Finished resetting the current domain, in  3.047 seconds
Domain Reload Profiling: 5216ms
	BeginReloadAssembly (1624ms)
		DisableScriptedObjects (246ms)
		CreateAndSetChildDomain (566ms)
	RebuildCommonClasses (14ms)
	RebuildNativeTypeToScriptingClass (21ms)
	initialDomainReloadingComplete (68ms)
	LoadAllAssembliesAndSetupDomain (440ms)
		LoadAssemblies (160ms)
		AnalyzeDomain (269ms)
			TypeCache.Refresh (11ms)
			BuildScriptInfoCaches (228ms)
			ResolveRequiredComponents (29ms)
	FinalizeReload (3048ms)
		SetupLoadedEditorAssemblies (0ms)
			InitializePlatformSupportModulesInManaged (3ms)
			BeforeProcessingInitializeOnLoad (227ms)
			ProcessInitializeOnLoadAttributes (546ms)
			ProcessInitializeOnLoadMethodAttributes (196ms)
			AfterProcessingInitializeOnLoad (7ms)
		AwakeInstancesAfterBackupRestoration (811ms)

Asset Pipeline Refresh (id=8cdee7c0a151416408fee45ad8a6b826): Total: 5.506 seconds - Initiated by StopAssetImportingV2(ForceSynchronousImport | ForceDomainReload)
	(Values over 0.05ms)
	Summary:
		Imports: total=0 (actual=0, local cache=0, cache server=0)
		Asset DB Process Time: managed=0 ms, native=3203 ms
		Asset DB Callback time: managed=51 ms, native=0 ms
		Scripting: domain reloads=1, domain reload time=2248 ms, compile time=2 ms, other=0 ms
		Project Asset Count: scripts=1362, non-scripts=2318
		Asset File Changes: new=0, changed=0, moved=0, deleted=0
		Scan Filter Count: 0
	InvokePackagesCallback: 1.977ms
	ApplyChangesToAssetFolders: 0.438ms
	Collect global state as custom dependencies: 3.276ms
	ProcessAssetsWithTransientArtifactChanges: 6.830ms
	CategorizeAssets: 55.233ms
	CompileScripts: 1.514ms
	ImportOutOfDateAssets: 3098.504ms (3061.519ms without children)
		CollectScriptTypesHashes: 1.348ms
		ReloadNativeAssets: 1.207ms
		UnloadImportedAssets: 0.268ms
		EnsureUptoDateAssetsAreRegisteredWithGuidPM: 0.805ms
		ImportSchedulerStart: 34.670ms
	PostProcessAllAssets: 51.953ms
		MonoPostProcessAllAssets: 51.947ms
			UniversalRenderPipelineGlobalSettingsPostprocessor.OnPostprocessAllAssets 19.487ms
			AssetChangedListener.OnPostprocessAllAssets 7.077ms
			BuilderAssetPostprocessor.OnPostprocessAllAssets 7.038ms
			SyncVS.PostprocessSyncProject 6.100ms
			AssetPostprocessor.OnPostprocessAllAssets 4.953ms
			WindowAssetPostprocessingWatcher.OnPostprocessAllAssets 3.132ms
			SpeedTree9Postprocessor.OnPostprocessAllAssets 2.555ms
			ShaderGraphAssetPostProcessor.OnPostprocessAllAssets 2.084ms
			RenderPipelineGlobalSettingsPostprocessor.OnPostprocessAllAssets 1.570ms
			RetainedModeAssetPostprocessor.OnPostprocessAllAssets 1.447ms
			ArtifactBrowserPostProcessor.OnPostprocessAllAssets 0.738ms
			TMPro_TexturePostProcessor.OnPostprocessAllAssets 0.719ms
			MaterialPostprocessor.OnPostprocessAllAssets 0.578ms
			EditModeScopePostprocessor.OnPostprocessAllAssets 0.555ms
			ReferencedClipsPostProcessor.OnPostprocessAllAssets 0.455ms
			AudioMixerPostprocessor.OnPostprocessAllAssets 0.423ms
			ShaderReflectionAssetPostProcessor.OnPostprocessAllAssets 0.408ms
			AssetDatabaseCallbacks.OnPostprocessAllAssets 0.393ms
			TextAssetPostProcessor.OnPostprocessAllAssets 0.392ms
			UVCSAssetPostprocessor.OnPostprocessAllAssets 0.390ms
			InputActionJsonNameModifierAssetProcessor.OnPostprocessAllAssets 0.341ms
			AssetEvents.OnPostprocessAllAssets 0.335ms
			InputActionAssetPostprocessor.OnPostprocessAllAssets 0.326ms
			SampleDependencyImporterPostProcessor.OnPostprocessAllAssets 0.312ms
			PostProcessor.OnPostprocessAllAssets 0.306ms
			SpeedTreePostProcessor.OnPostprocessAllAssets 0.302ms
			StyleCatalogPostProcessor.OnPostprocessAllAssets 0.294ms
			ProjectSettingsPostprocessor.OnPostprocessAllAssets 0.258ms
			SamplePostprocessor.OnPostprocessAllAssets 0.229ms
			TerrainToolbarOverlayPostProcessor.OnPostprocessAllAssets 0.183ms
			ScenarioDriftAssetsTracker.OnPostprocessAllAssets 0.152ms
			ConfigAssetsTracker.OnPostprocessAllAssets 0.146ms
			AssetReloadNotifier.OnPostprocessAllAssets 0.141ms
			AudioContainerPostProcessor.OnPostprocessAllAssets 0.096ms
	GatherAllCurrentPrimaryImportResultRevisions: 0.199ms
	PersistCurrentRevisions: 0.195ms
	GenerateScriptTypeHashes: 2.522ms
	GenerateScriptTypeSerializationHashes: 4.196ms
	Untracked: 2282.134ms

[Licensing::Client] Successfully resolved entitlement details
[Licensing::Client] Successfully resolved entitlement details
Asset Pipeline Refresh (id=914899bf638bb0046a9ebe41496b9327): Total: 0.011 seconds - Initiated by RefreshV2(NoUpdateAssetOptions)
[Licensing::Client] Successfully resolved entitlement details
Asset Pipeline Refresh (id=ed6c8ccc69746d94095a5c56560fe2b6): Total: 0.004 seconds - Initiated by RefreshV2(NoUpdateAssetOptions)
Unloading 0 Unused Serialized files (Serialized files now loaded: 0)
Loaded scene 'Temp/__Backupscenes/0.backup'
	Deserialize:            1.533 ms
	Integration:            272.411 ms
	Integration of assets:  0.002 ms
	Thread Wait Time:       0.024 ms
	Total Operation Time:   273.970 ms
Unloading 14 unused Assets / (378.8 KB). Loaded Objects now: 8862.
Memory consumption went from 0.72 GB to 0.72 GB.
Total: 28.357600 ms (FindLiveObjects: 0.734500 ms CreateObjectMapping: 0.886100 ms MarkObjects: 26.435400 ms  DeleteObjects: 0.298800 ms)

[Licensing::Client] Successfully resolved entitlement details
Reloading assemblies for play mode.
Reloading assemblies after forced synchronous recompile.
Begin MonoManager ReloadAssembly
Native extension for WindowsStandalone target not found
Native extension for WebGL target not found
ScheduleIndexationOnStartup MainProcess:True IndexOnStartup:True
[MODES] ModeService[none].Initialize
[MODES] ModeService[none].LoadModes
Mono: successfully reloaded assembly
- Finished resetting the current domain, in  2.485 seconds
Domain Reload Profiling: 3700ms
	BeginReloadAssembly (882ms)
		DisableScriptedObjects (99ms)
		CreateAndSetChildDomain (567ms)
	RebuildCommonClasses (14ms)
	RebuildNativeTypeToScriptingClass (21ms)
	initialDomainReloadingComplete (67ms)
	LoadAllAssembliesAndSetupDomain (229ms)
		LoadAssemblies (156ms)
		AnalyzeDomain (45ms)
			TypeCache.Refresh (9ms)
			ResolveRequiredComponents (31ms)
	FinalizeReload (2486ms)
		SetupLoadedEditorAssemblies (0ms)
			InitializePlatformSupportModulesInManaged (3ms)
			BeforeProcessingInitializeOnLoad (105ms)
			ProcessInitializeOnLoadAttributes (536ms)
			ProcessInitializeOnLoadMethodAttributes (185ms)
			AfterProcessingInitializeOnLoad (7ms)
		AwakeInstancesAfterBackupRestoration (882ms)

Asset Pipeline Refresh (id=3aa52a5a6e25ad24da0a04ced054ab97): Total: 3.954 seconds - Initiated by StopAssetImportingV2(ForceSynchronousImport | ForceDomainReload)
	(Values over 0.05ms)
	Summary:
		Imports: total=0 (actual=0, local cache=0, cache server=0)
		Asset DB Process Time: managed=0 ms, native=2645 ms
		Asset DB Callback time: managed=37 ms, native=0 ms
		Scripting: domain reloads=1, domain reload time=1268 ms, compile time=2 ms, other=0 ms
		Project Asset Count: scripts=1362, non-scripts=2318
		Asset File Changes: new=0, changed=0, moved=0, deleted=0
		Scan Filter Count: 0
	InvokePackagesCallback: 1.989ms
	ApplyChangesToAssetFolders: 0.462ms
	Collect global state as custom dependencies: 3.838ms
	ProcessAssetsWithTransientArtifactChanges: 0.270ms
	CategorizeAssets: 56.946ms
	CompileScripts: 1.575ms
	ImportOutOfDateAssets: 2539.438ms (2501.605ms without children)
		CollectScriptTypesHashes: 0.963ms
		ReloadNativeAssets: 2.543ms
		UnloadImportedAssets: 0.378ms
		EnsureUptoDateAssetsAreRegisteredWithGuidPM: 0.879ms
		ImportSchedulerStart: 34.003ms
	PostProcessAllAssets: 37.815ms
		MonoPostProcessAllAssets: 37.809ms
			UniversalRenderPipelineGlobalSettingsPostprocessor.OnPostprocessAllAssets 13.185ms
			AssetChangedListener.OnPostprocessAllAssets 7.077ms
			BuilderAssetPostprocessor.OnPostprocessAllAssets 7.038ms
			AssetPostprocessor.OnPostprocessAllAssets 4.953ms
			SyncVS.PostprocessSyncProject 3.768ms
			SpeedTree9Postprocessor.OnPostprocessAllAssets 2.779ms
			WindowAssetPostprocessingWatcher.OnPostprocessAllAssets 2.360ms
			ShaderGraphAssetPostProcessor.OnPostprocessAllAssets 2.084ms
			RetainedModeAssetPostprocessor.OnPostprocessAllAssets 1.447ms
			ProjectSettingsPostprocessor.OnPostprocessAllAssets 0.943ms
			RenderPipelineGlobalSettingsPostprocessor.OnPostprocessAllAssets 0.797ms
			ArtifactBrowserPostProcessor.OnPostprocessAllAssets 0.738ms
			TMPro_TexturePostProcessor.OnPostprocessAllAssets 0.719ms
			MaterialPostprocessor.OnPostprocessAllAssets 0.578ms
			ShaderReflectionAssetPostProcessor.OnPostprocessAllAssets 0.475ms
			AudioMixerPostprocessor.OnPostprocessAllAssets 0.423ms
			EditModeScopePostprocessor.OnPostprocessAllAssets 0.409ms
			TextAssetPostProcessor.OnPostprocessAllAssets 0.392ms
			UVCSAssetPostprocessor.OnPostprocessAllAssets 0.390ms
			ReferencedClipsPostProcessor.OnPostprocessAllAssets 0.359ms
			InputActionAssetPostprocessor.OnPostprocessAllAssets 0.352ms
			InputActionJsonNameModifierAssetProcessor.OnPostprocessAllAssets 0.341ms
			AssetEvents.OnPostprocessAllAssets 0.335ms
			SampleDependencyImporterPostProcessor.OnPostprocessAllAssets 0.312ms
			PostProcessor.OnPostprocessAllAssets 0.306ms
			SpeedTreePostProcessor.OnPostprocessAllAssets 0.302ms
			StyleCatalogPostProcessor.OnPostprocessAllAssets 0.294ms
			SamplePostprocessor.OnPostprocessAllAssets 0.229ms
			TerrainToolbarOverlayPostProcessor.OnPostprocessAllAssets 0.198ms
			AssetDatabaseCallbacks.OnPostprocessAllAssets 0.187ms
			ScenarioDriftAssetsTracker.OnPostprocessAllAssets 0.152ms
			ConfigAssetsTracker.OnPostprocessAllAssets 0.146ms
			AssetReloadNotifier.OnPostprocessAllAssets 0.141ms
			AudioContainerPostProcessor.OnPostprocessAllAssets 0.096ms
	GatherAllCurrentPrimaryImportResultRevisions: 0.194ms
	PersistCurrentRevisions: 0.107ms
	GenerateScriptTypeHashes: 3.926ms
	GenerateScriptTypeSerializationHashes: 6.194ms
	Untracked: 1304.625ms

Loaded scene 'Temp/__Backupscenes/0.backup'
	Deserialize:            1.651 ms
	Integration:            413.113 ms
	Integration of assets:  0.003 ms
	Thread Wait Time:       0.008 ms
	Total Operation Time:   414.774 ms
RIS Controller Started
UnityEngine.Debug:ExtractStackTraceNoAlloc (byte*,int,string)
UnityEngine.StackTraceUtility:ExtractStackTrace ()
UnityEngine.DebugLogHandler:Internal_Log (UnityEngine.LogType,UnityEngine.LogOption,string,UnityEngine.Object)
UnityEngine.DebugLogHandler:LogFormat (UnityEngine.LogType,UnityEngine.Object,string,object[])
UnityEngine.Logger:Log (UnityEngine.LogType,object)
UnityEngine.Debug:Log (object)
RISController:Start () (at Assets/Scripts/RISController.cs:15)

(Filename: Assets/Scripts/RISController.cs Line: 15)

Number of RIS Elements: 16
UnityEngine.Debug:ExtractStackTraceNoAlloc (byte*,int,string)
UnityEngine.StackTraceUtility:ExtractStackTrace ()
UnityEngine.DebugLogHandler:Internal_Log (UnityEngine.LogType,UnityEngine.LogOption,string,UnityEngine.Object)
UnityEngine.DebugLogHandler:LogFormat (UnityEngine.LogType,UnityEngine.Object,string,object[])
UnityEngine.Logger:Log (UnityEngine.LogType,object)
UnityEngine.Debug:Log (object)
RISController:Start () (at Assets/Scripts/RISController.cs:16)

(Filename: Assets/Scripts/RISController.cs Line: 16)

RIS Phase System Ready
UnityEngine.Debug:ExtractStackTraceNoAlloc (byte*,int,string)
UnityEngine.StackTraceUtility:ExtractStackTrace ()
UnityEngine.DebugLogHandler:Internal_Log (UnityEngine.LogType,UnityEngine.LogOption,string,UnityEngine.Object)
UnityEngine.DebugLogHandler:LogFormat (UnityEngine.LogType,UnityEngine.Object,string,object[])
UnityEngine.Logger:Log (UnityEngine.LogType,object)
UnityEngine.Debug:Log (object)
RISController:Start () (at Assets/Scripts/RISController.cs:33)

(Filename: Assets/Scripts/RISController.cs Line: 33)

Element 1 Phase = 90°
UnityEngine.Debug:ExtractStackTraceNoAlloc (byte*,int,string)
UnityEngine.StackTraceUtility:ExtractStackTrace ()
UnityEngine.DebugLogHandler:Internal_Log (UnityEngine.LogType,UnityEngine.LogOption,string,UnityEngine.Object)
UnityEngine.DebugLogHandler:LogFormat (UnityEngine.LogType,UnityEngine.Object,string,object[])
UnityEngine.Logger:Log (UnityEngine.LogType,object)
UnityEngine.Debug:Log (object)
RISController:SetPhase (int,single) (at Assets/Scripts/RISController.cs:57)
RISController:Start () (at Assets/Scripts/RISController.cs:34)

(Filename: Assets/Scripts/RISController.cs Line: 57)

[Licensing::Client] Successfully resolved entitlement details
[Licensing::Client] Successfully resolved entitlement details
[Licensing::Client] Successfully resolved entitlement details
Unloading 0 Unused Serialized files (Serialized files now loaded: 0)
Loaded scene 'Temp/__Backupscenes/0.backup'
	Deserialize:            1.459 ms
	Integration:            279.619 ms
	Integration of assets:  0.002 ms
	Thread Wait Time:       0.020 ms
	Total Operation Time:   281.100 ms
Unloading 13 unused Assets / (243.9 KB). Loaded Objects now: 8859.
Memory consumption went from 0.73 GB to 0.73 GB.
Total: 18.415700 ms (FindLiveObjects: 0.595200 ms CreateObjectMapping: 0.810200 ms MarkObjects: 16.856200 ms  DeleteObjects: 0.152400 ms)

Reloading assemblies for play mode.
Reloading assemblies after forced synchronous recompile.
[Licensing::Client] Successfully resolved entitlement details
Begin MonoManager ReloadAssembly
Native extension for WindowsStandalone target not found
Native extension for WebGL target not found
ScheduleIndexationOnStartup MainProcess:True IndexOnStartup:True
[MODES] ModeService[none].Initialize
[MODES] ModeService[none].LoadModes
Mono: successfully reloaded assembly
- Finished resetting the current domain, in  2.481 seconds
Domain Reload Profiling: 3702ms
	BeginReloadAssembly (898ms)
		DisableScriptedObjects (90ms)
		CreateAndSetChildDomain (592ms)
	RebuildCommonClasses (14ms)
	RebuildNativeTypeToScriptingClass (21ms)
	initialDomainReloadingComplete (71ms)
	LoadAllAssembliesAndSetupDomain (216ms)
		LoadAssemblies (159ms)
		AnalyzeDomain (42ms)
			TypeCache.Refresh (8ms)
			ResolveRequiredComponents (29ms)
	FinalizeReload (2482ms)
		SetupLoadedEditorAssemblies (0ms)
			BeforeProcessingInitializeOnLoad (108ms)
			ProcessInitializeOnLoadAttributes (536ms)
			ProcessInitializeOnLoadMethodAttributes (182ms)
			AfterProcessingInitializeOnLoad (7ms)
		AwakeInstancesAfterBackupRestoration (885ms)

Asset Pipeline Refresh (id=2dc20ede860ec1347b9889935bf89df7): Total: 3.984 seconds - Initiated by StopAssetImportingV2(ForceSynchronousImport | ForceDomainReload)
	(Values over 0.05ms)
	Summary:
		Imports: total=0 (actual=0, local cache=0, cache server=0)
		Asset DB Process Time: managed=0 ms, native=2641 ms
		Asset DB Callback time: managed=60 ms, native=0 ms
		Scripting: domain reloads=1, domain reload time=1280 ms, compile time=2 ms, other=0 ms
		Project Asset Count: scripts=1362, non-scripts=2318
		Asset File Changes: new=0, changed=0, moved=0, deleted=0
		Scan Filter Count: 0
	InvokePackagesCallback: 1.941ms
	ApplyChangesToAssetFolders: 0.404ms
	Collect global state as custom dependencies: 3.700ms
	ProcessAssetsWithTransientArtifactChanges: 0.300ms
	CategorizeAssets: 55.269ms
	CompileScripts: 1.507ms
	ImportOutOfDateAssets: 2536.811ms (2496.628ms without children)
		CollectScriptTypesHashes: 1.018ms
		ReloadNativeAssets: 1.229ms
		UnloadImportedAssets: 0.335ms
		EnsureUptoDateAssetsAreRegisteredWithGuidPM: 0.791ms
		ImportSchedulerStart: 37.797ms
	PostProcessAllAssets: 60.004ms
		MonoPostProcessAllAssets: 59.997ms
			UniversalRenderPipelineGlobalSettingsPostprocessor.OnPostprocessAllAssets 22.003ms
			AssetChangedListener.OnPostprocessAllAssets 7.077ms
			BuilderAssetPostprocessor.OnPostprocessAllAssets 7.038ms
			SyncVS.PostprocessSyncProject 6.889ms
			AssetPostprocessor.OnPostprocessAllAssets 4.953ms
			WindowAssetPostprocessingWatcher.OnPostprocessAllAssets 4.028ms
			SpeedTree9Postprocessor.OnPostprocessAllAssets 3.417ms
			ShaderGraphAssetPostProcessor.OnPostprocessAllAssets 2.084ms
			ProjectSettingsPostprocessor.OnPostprocessAllAssets 1.594ms
			RenderPipelineGlobalSettingsPostprocessor.OnPostprocessAllAssets 1.471ms
			RetainedModeAssetPostprocessor.OnPostprocessAllAssets 1.447ms
			InputActionAssetPostprocessor.OnPostprocessAllAssets 1.027ms
			ShaderReflectionAssetPostProcessor.OnPostprocessAllAssets 0.778ms
			ArtifactBrowserPostProcessor.OnPostprocessAllAssets 0.738ms
			TMPro_TexturePostProcessor.OnPostprocessAllAssets 0.719ms
			ReferencedClipsPostProcessor.OnPostprocessAllAssets 0.658ms
			MaterialPostprocessor.OnPostprocessAllAssets 0.578ms
			EditModeScopePostprocessor.OnPostprocessAllAssets 0.525ms
			AudioMixerPostprocessor.OnPostprocessAllAssets 0.423ms
			TextAssetPostProcessor.OnPostprocessAllAssets 0.392ms
			UVCSAssetPostprocessor.OnPostprocessAllAssets 0.390ms
			AssetDatabaseCallbacks.OnPostprocessAllAssets 0.375ms
			InputActionJsonNameModifierAssetProcessor.OnPostprocessAllAssets 0.341ms
			AssetEvents.OnPostprocessAllAssets 0.335ms
			TerrainToolbarOverlayPostProcessor.OnPostprocessAllAssets 0.316ms
			SampleDependencyImporterPostProcessor.OnPostprocessAllAssets 0.312ms
			PostProcessor.OnPostprocessAllAssets 0.306ms
			SpeedTreePostProcessor.OnPostprocessAllAssets 0.302ms
			StyleCatalogPostProcessor.OnPostprocessAllAssets 0.294ms
			SamplePostprocessor.OnPostprocessAllAssets 0.229ms
			ScenarioDriftAssetsTracker.OnPostprocessAllAssets 0.152ms
			ConfigAssetsTracker.OnPostprocessAllAssets 0.146ms
			AssetReloadNotifier.OnPostprocessAllAssets 0.141ms
			AudioContainerPostProcessor.OnPostprocessAllAssets 0.096ms
	GatherAllCurrentPrimaryImportResultRevisions: 0.176ms
	UnloadStreamsBegin: 2.268ms
	PersistCurrentRevisions: 0.114ms
	GenerateScriptTypeHashes: 2.721ms
	GenerateScriptTypeSerializationHashes: 4.515ms
	Untracked: 1313.923ms

Loaded scene 'Temp/__Backupscenes/0.backup'
	Deserialize:            1.572 ms
	Integration:            392.691 ms
	Integration of assets:  0.003 ms
	Thread Wait Time:       0.032 ms
	Total Operation Time:   394.298 ms
RIS Controller Started
UnityEngine.Debug:ExtractStackTraceNoAlloc (byte*,int,string)
UnityEngine.StackTraceUtility:ExtractStackTrace ()
UnityEngine.DebugLogHandler:Internal_Log (UnityEngine.LogType,UnityEngine.LogOption,string,UnityEngine.Object)
UnityEngine.DebugLogHandler:LogFormat (UnityEngine.LogType,UnityEngine.Object,string,object[])
UnityEngine.Logger:Log (UnityEngine.LogType,object)
UnityEngine.Debug:Log (object)
RISController:Start () (at Assets/Scripts/RISController.cs:15)

(Filename: Assets/Scripts/RISController.cs Line: 15)

Number of RIS Elements: 16
UnityEngine.Debug:ExtractStackTraceNoAlloc (byte*,int,string)
UnityEngine.StackTraceUtility:ExtractStackTrace ()
UnityEngine.DebugLogHandler:Internal_Log (UnityEngine.LogType,UnityEngine.LogOption,string,UnityEngine.Object)
UnityEngine.DebugLogHandler:LogFormat (UnityEngine.LogType,UnityEngine.Object,string,object[])
UnityEngine.Logger:Log (UnityEngine.LogType,object)
UnityEngine.Debug:Log (object)
RISController:Start () (at Assets/Scripts/RISController.cs:16)

(Filename: Assets/Scripts/RISController.cs Line: 16)

RIS Phase System Ready
UnityEngine.Debug:ExtractStackTraceNoAlloc (byte*,int,string)
UnityEngine.StackTraceUtility:ExtractStackTrace ()
UnityEngine.DebugLogHandler:Internal_Log (UnityEngine.LogType,UnityEngine.LogOption,string,UnityEngine.Object)
UnityEngine.DebugLogHandler:LogFormat (UnityEngine.LogType,UnityEngine.Object,string,object[])
UnityEngine.Logger:Log (UnityEngine.LogType,object)
UnityEngine.Debug:Log (object)
RISController:Start () (at Assets/Scripts/RISController.cs:33)

(Filename: Assets/Scripts/RISController.cs Line: 33)

Element 1 Phase = 90°
UnityEngine.Debug:ExtractStackTraceNoAlloc (byte*,int,string)
UnityEngine.StackTraceUtility:ExtractStackTrace ()
UnityEngine.DebugLogHandler:Internal_Log (UnityEngine.LogType,UnityEngine.LogOption,string,UnityEngine.Object)
UnityEngine.DebugLogHandler:LogFormat (UnityEngine.LogType,UnityEngine.Object,string,object[])
UnityEngine.Logger:Log (UnityEngine.LogType,object)
UnityEngine.Debug:Log (object)
RISController:SetPhase (int,single) (at Assets/Scripts/RISController.cs:57)
RISController:Start () (at Assets/Scripts/RISController.cs:34)

(Filename: Assets/Scripts/RISController.cs Line: 57)

[Licensing::Client] Successfully resolved entitlement details
[Licensing::Client] Successfully resolved entitlement details
[Licensing::Client] Successfully resolved entitlement details
Unloading 0 Unused Serialized files (Serialized files now loaded: 0)
Loaded scene 'Temp/__Backupscenes/0.backup'
	Deserialize:            1.348 ms
	Integration:            268.397 ms
	Integration of assets:  0.002 ms
	Thread Wait Time:       0.025 ms
	Total Operation Time:   269.772 ms
Unloading 13 unused Assets / (262.1 KB). Loaded Objects now: 8875.
Memory consumption went from 0.74 GB to 0.74 GB.
Total: 18.500200 ms (FindLiveObjects: 0.764900 ms CreateObjectMapping: 1.202400 ms MarkObjects: 16.432300 ms  DeleteObjects: 0.098800 ms)

[Licensing::Client] Successfully resolved entitlement details
[ScriptCompilation] Requested script compilation because: AssetDatabase observed changes in script compilation related files
Refreshing native plugins compatible for Editor in 2.25 ms, found 4 plugins.
Asset Pipeline Refresh (id=bd082e13b7af2f74bbc34a4dada2b885): Total: 0.141 seconds - Initiated by RefreshV2(NoUpdateAssetOptions)
[Licensing::Client] Successfully resolved entitlement details
info: Microsoft.AspNetCore.Hosting.Diagnostics[1]
      Request starting HTTP/2 POST http://ilpp/UnityILPP.PostProcessing/Ping - application/grpc -
info: Microsoft.AspNetCore.Routing.EndpointMiddleware[0]
      Executing endpoint 'gRPC - /UnityILPP.PostProcessing/Ping'
info: Microsoft.AspNetCore.Routing.EndpointMiddleware[1]
      Executed endpoint 'gRPC - /UnityILPP.PostProcessing/Ping'
info: Microsoft.AspNetCore.Hosting.Diagnostics[2]
      Request finished HTTP/2 POST http://ilpp/UnityILPP.PostProcessing/Ping - 200 - application/grpc 0.2697ms
Starting: C:\Program Files\Unity\Hub\Editor\6000.5.6f1\Editor\Data\Tools\BuildPipeline\bee_backend.exe --ipc --defer-dag-verification --dagfile="Library/Bee/1900b0aE.dag" --continue-on-failure --profile="Library/Bee/backend1.traceevents" ScriptAssemblies
WorkingDir: D:/Private/unity projects/graduation project
info: Microsoft.AspNetCore.Hosting.Diagnostics[1]
      Request starting HTTP/2 POST http://ilpp/UnityILPP.PostProcessing/ConfigurePostProcessors - application/grpc -
info: Microsoft.AspNetCore.Routing.EndpointMiddleware[0]
      Executing endpoint 'gRPC - /UnityILPP.PostProcessing/ConfigurePostProcessors'
info: Unity.ILPP.Runner.PostProcessingAssemblyLoadContext[0]
      Current configuration matches the requested one, skipping
info: Microsoft.AspNetCore.Routing.EndpointMiddleware[1]
      Executed endpoint 'gRPC - /UnityILPP.PostProcessing/ConfigurePostProcessors'
info: Microsoft.AspNetCore.Hosting.Diagnostics[2]
      Request finished HTTP/2 POST http://ilpp/UnityILPP.PostProcessing/ConfigurePostProcessors - 200 - application/grpc 0.9539ms
info: Microsoft.AspNetCore.Hosting.Diagnostics[1]
      Request starting HTTP/2 POST http://ilpp/UnityILPP.PostProcessing/PostProcessAssembly - application/grpc -
info: Microsoft.AspNetCore.Routing.EndpointMiddleware[0]
      Executing endpoint 'gRPC - /UnityILPP.PostProcessing/PostProcessAssembly'
info: Unity.ILPP.Runner.PostProcessingPipeline[0]
      Processing assembly Library/Bee/artifacts/1900b0aE.dag/Assembly-CSharp.dll, with 142 defines and 339 references
info: Unity.ILPP.Runner.PostProcessingPipeline[0]
      processors: Unity.Jobs.CodeGen.JobsILPostProcessor, zzzUnity.Burst.CodeGen.BurstILPostProcessor
info: Unity.ILPP.Runner.PostProcessingPipeline[0]
      running Unity.Jobs.CodeGen.JobsILPostProcessor
info: Unity.ILPP.Runner.PostProcessingPipeline[0]
      running zzzUnity.Burst.CodeGen.BurstILPostProcessor
info: Microsoft.AspNetCore.Routing.EndpointMiddleware[1]
      Executed endpoint 'gRPC - /UnityILPP.PostProcessing/PostProcessAssembly'
info: Microsoft.AspNetCore.Hosting.Diagnostics[2]
      Request finished HTTP/2 POST http://ilpp/UnityILPP.PostProcessing/PostProcessAssembly - 200 - application/grpc 19.9627ms
info: Microsoft.AspNetCore.Hosting.Diagnostics[1]
      Request starting HTTP/2 POST http://ilpp/UnityILPP.PostProcessing/PostProcessAssembly - application/grpc -
info: Microsoft.AspNetCore.Routing.EndpointMiddleware[0]
      Executing endpoint 'gRPC - /UnityILPP.PostProcessing/PostProcessAssembly'
info: Unity.ILPP.Runner.PostProcessingPipeline[0]
      Processing assembly Library/Bee/artifacts/1900b0aE.dag/Assembly-CSharp-Editor.dll, with 140 defines and 362 references
info: Unity.ILPP.Runner.PostProcessingPipeline[0]
      processors: Unity.Jobs.CodeGen.JobsILPostProcessor, zzzUnity.Burst.CodeGen.BurstILPostProcessor
info: Unity.ILPP.Runner.PostProcessingPipeline[0]
      running Unity.Jobs.CodeGen.JobsILPostProcessor
info: Unity.ILPP.Runner.PostProcessingPipeline[0]
      running zzzUnity.Burst.CodeGen.BurstILPostProcessor
info: Microsoft.AspNetCore.Routing.EndpointMiddleware[1]
      Executed endpoint 'gRPC - /UnityILPP.PostProcessing/PostProcessAssembly'
info: Microsoft.AspNetCore.Hosting.Diagnostics[2]
      Request finished HTTP/2 POST http://ilpp/UnityILPP.PostProcessing/PostProcessAssembly - 200 - application/grpc 13.5855ms
ExitCode: 0 Duration: 1s948ms
[736/937    0s] ILPP-Configuration Library/ilpp-configuration.nevergeneratedoutput
[929/937    1s] Csc Library/Bee/artifacts/1900b0aE.dag/Assembly-CSharp.dll (+2 others)
[930/937    0s] ILPostProcess Library/Bee/artifacts/1900b0aE.dag/post-processed/Assembly-CSharp.dll (+pdb)
Processing assembly Library/Bee/artifacts/1900b0aE.dag/Assembly-CSharp.dll, with 142 defines and 339 references

processors: Unity.Jobs.CodeGen.JobsILPostProcessor, zzzUnity.Burst.CodeGen.BurstILPostProcessor

running Unity.Jobs.CodeGen.JobsILPostProcessor

running zzzUnity.Burst.CodeGen.BurstILPostProcessor
[931/937    0s] CopyFiles Library/ScriptAssemblies/Assembly-CSharp.dll
[932/937    0s] CopyFiles Library/ScriptAssemblies/Assembly-CSharp.pdb
[933/937    0s] Csc Library/Bee/artifacts/1900b0aE.dag/Assembly-CSharp-Editor.dll (+2 others)
[934/937    0s] ILPostProcess Library/Bee/artifacts/1900b0aE.dag/post-processed/Assembly-CSharp-Editor.dll (+pdb)
Processing assembly Library/Bee/artifacts/1900b0aE.dag/Assembly-CSharp-Editor.dll, with 140 defines and 362 references

processors: Unity.Jobs.CodeGen.JobsILPostProcessor, zzzUnity.Burst.CodeGen.BurstILPostProcessor

running Unity.Jobs.CodeGen.JobsILPostProcessor

running zzzUnity.Burst.CodeGen.BurstILPostProcessor
[935/937    0s] CopyFiles Library/ScriptAssemblies/Assembly-CSharp-Editor.dll
[936/937    0s] CopyFiles Library/ScriptAssemblies/Assembly-CSharp-Editor.pdb
*** Tundra build success (1.91 seconds), 9 items updated, 937 evaluated
Reloading assemblies after forced synchronous recompile.
Begin MonoManager ReloadAssembly
Total cache size 267245200
Total cache size after purge 267245200, took 00:00:00.5246976
Native extension for WindowsStandalone target not found
Native extension for WebGL target not found
[MODES] ModeService[none].Initialize
[MODES] ModeService[none].LoadModes
ScheduleIndexationOnStartup MainProcess:True IndexOnStartup:True
Mono: successfully reloaded assembly
- Finished resetting the current domain, in  2.482 seconds
Domain Reload Profiling: 4188ms
	BeginReloadAssembly (1149ms)
		DisableScriptedObjects (190ms)
		CreateAndSetChildDomain (540ms)
	RebuildCommonClasses (14ms)
	RebuildNativeTypeToScriptingClass (22ms)
	initialDomainReloadingComplete (71ms)
	LoadAllAssembliesAndSetupDomain (449ms)
		LoadAssemblies (159ms)
		AnalyzeDomain (274ms)
			TypeCache.Refresh (11ms)
			BuildScriptInfoCaches (232ms)
			ResolveRequiredComponents (29ms)
	FinalizeReload (2483ms)
		SetupLoadedEditorAssemblies (0ms)
			InitializePlatformSupportModulesInManaged (3ms)
			BeforeProcessingInitializeOnLoad (228ms)
			ProcessInitializeOnLoadAttributes (531ms)
			ProcessInitializeOnLoadMethodAttributes (182ms)
			AfterProcessingInitializeOnLoad (7ms)
		AwakeInstancesAfterBackupRestoration (835ms)

Asset Pipeline Refresh (id=340c66fbe182043478a0c7171151b076): Total: 4.833 seconds - Initiated by RefreshV2(AllowForceSynchronousImport)
	(Values over 0.05ms)
	Summary:
		Imports: total=0 (actual=0, local cache=0, cache server=0)
		Asset DB Process Time: managed=0 ms, native=2652 ms
		Asset DB Callback time: managed=55 ms, native=0 ms
		Scripting: domain reloads=1, domain reload time=1788 ms, compile time=336 ms, other=0 ms
		Project Asset Count: scripts=1362, non-scripts=2318
		Asset File Changes: new=0, changed=0, moved=0, deleted=0
		Scan Filter Count: 0
	InvokePackagesCallback: 1.986ms
	ApplyChangesToAssetFolders: 0.472ms
	Scan: 3.478ms
	Collect global state as custom dependencies: 3.869ms
	ProcessAssetsWithTransientArtifactChanges: 6.996ms
	CategorizeAssets: 54.116ms
	CompileScripts: 335.943ms
	ImportOutOfDateAssets: 2534.759ms (2496.975ms without children)
		CollectScriptTypesHashes: 1.000ms
		ReloadNativeAssets: 1.218ms
		UnloadImportedAssets: 0.329ms
		EnsureUptoDateAssetsAreRegisteredWithGuidPM: 0.804ms
		ImportSchedulerStart: 35.402ms
	PostProcessAllAssets: 55.236ms
		MonoPostProcessAllAssets: 55.229ms
			UniversalRenderPipelineGlobalSettingsPostprocessor.OnPostprocessAllAssets 17.643ms
			AssetChangedListener.OnPostprocessAllAssets 9.400ms
			SyncVS.PostprocessSyncProject 7.047ms
			BuilderAssetPostprocessor.OnPostprocessAllAssets 6.741ms
			AssetPostprocessor.OnPostprocessAllAssets 6.635ms
			SpeedTree9Postprocessor.OnPostprocessAllAssets 4.243ms
			WindowAssetPostprocessingWatcher.OnPostprocessAllAssets 4.018ms
			ShaderGraphAssetPostProcessor.OnPostprocessAllAssets 2.728ms
			ProjectSettingsPostprocessor.OnPostprocessAllAssets 2.048ms
			EditModeScopePostprocessor.OnPostprocessAllAssets 1.932ms
			RetainedModeAssetPostprocessor.OnPostprocessAllAssets 1.906ms
			RenderPipelineGlobalSettingsPostprocessor.OnPostprocessAllAssets 1.224ms
			ArtifactBrowserPostProcessor.OnPostprocessAllAssets 0.871ms
			MaterialPostprocessor.OnPostprocessAllAssets 0.804ms
			InputActionAssetPostprocessor.OnPostprocessAllAssets 0.783ms
			TextAssetPostProcessor.OnPostprocessAllAssets 0.674ms
			TMPro_TexturePostProcessor.OnPostprocessAllAssets 0.651ms
			ShaderReflectionAssetPostProcessor.OnPostprocessAllAssets 0.577ms
			ReferencedClipsPostProcessor.OnPostprocessAllAssets 0.569ms
			AudioMixerPostprocessor.OnPostprocessAllAssets 0.562ms
			InputActionJsonNameModifierAssetProcessor.OnPostprocessAllAssets 0.474ms
			TerrainToolbarOverlayPostProcessor.OnPostprocessAllAssets 0.456ms
			PostProcessor.OnPostprocessAllAssets 0.380ms
			UVCSAssetPostprocessor.OnPostprocessAllAssets 0.369ms
			AssetEvents.OnPostprocessAllAssets 0.355ms
			StyleCatalogPostProcessor.OnPostprocessAllAssets 0.339ms
			SamplePostprocessor.OnPostprocessAllAssets 0.319ms
			SampleDependencyImporterPostProcessor.OnPostprocessAllAssets 0.314ms
			SpeedTreePostProcessor.OnPostprocessAllAssets 0.244ms
			AssetDatabaseCallbacks.OnPostprocessAllAssets 0.225ms
			ConfigAssetsTracker.OnPostprocessAllAssets 0.210ms
			ScenarioDriftAssetsTracker.OnPostprocessAllAssets 0.146ms
			AssetReloadNotifier.OnPostprocessAllAssets 0.122ms
			AudioContainerPostProcessor.OnPostprocessAllAssets 0.112ms
	GatherAllCurrentPrimaryImportResultRevisions: 0.200ms
	PersistCurrentRevisions: 0.106ms
	GenerateScriptTypeHashes: 2.605ms
	GenerateScriptTypeSerializationHashes: 4.377ms
	Untracked: 1831.199ms

[Licensing::Client] Successfully resolved entitlement details
[Licensing::Client] Successfully resolved entitlement details
[Licensing::Client] Successfully resolved entitlement details
[ScriptCompilation] Requested script compilation because: AssetDatabase observed changes in script compilation related files
Refreshing native plugins compatible for Editor in 2.11 ms, found 4 plugins.
Asset Pipeline Refresh (id=09facacca33eb1c409bcf991dcf90739): Total: 0.121 seconds - Initiated by RefreshV2(NoUpdateAssetOptions)
[Licensing::Client] Successfully resolved entitlement details
info: Microsoft.AspNetCore.Hosting.Diagnostics[1]
      Request starting HTTP/2 POST http://ilpp/UnityILPP.PostProcessing/Ping - application/grpc -
info: Microsoft.AspNetCore.Routing.EndpointMiddleware[0]
      Executing endpoint 'gRPC - /UnityILPP.PostProcessing/Ping'
info: Microsoft.AspNetCore.Routing.EndpointMiddleware[1]
      Executed endpoint 'gRPC - /UnityILPP.PostProcessing/Ping'
info: Microsoft.AspNetCore.Hosting.Diagnostics[2]
      Request finished HTTP/2 POST http://ilpp/UnityILPP.PostProcessing/Ping - 200 - application/grpc 0.1443ms
Starting: C:\Program Files\Unity\Hub\Editor\6000.5.6f1\Editor\Data\Tools\BuildPipeline\bee_backend.exe --ipc --defer-dag-verification --dagfile="Library/Bee/1900b0aE.dag" --continue-on-failure --profile="Library/Bee/backend1.traceevents" ScriptAssemblies
WorkingDir: D:/Private/unity projects/graduation project
info: Microsoft.AspNetCore.Hosting.Diagnostics[1]
      Request starting HTTP/2 POST http://ilpp/UnityILPP.PostProcessing/ConfigurePostProcessors - application/grpc -
info: Microsoft.AspNetCore.Routing.EndpointMiddleware[0]
      Executing endpoint 'gRPC - /UnityILPP.PostProcessing/ConfigurePostProcessors'
info: Unity.ILPP.Runner.PostProcessingAssemblyLoadContext[0]
      Current configuration matches the requested one, skipping
info: Microsoft.AspNetCore.Routing.EndpointMiddleware[1]
      Executed endpoint 'gRPC - /UnityILPP.PostProcessing/ConfigurePostProcessors'
info: Microsoft.AspNetCore.Hosting.Diagnostics[2]
      Request finished HTTP/2 POST http://ilpp/UnityILPP.PostProcessing/ConfigurePostProcessors - 200 - application/grpc 0.9315ms
info: Microsoft.AspNetCore.Hosting.Diagnostics[1]
      Request starting HTTP/2 POST http://ilpp/UnityILPP.PostProcessing/PostProcessAssembly - application/grpc -
info: Microsoft.AspNetCore.Routing.EndpointMiddleware[0]
      Executing endpoint 'gRPC - /UnityILPP.PostProcessing/PostProcessAssembly'
info: Unity.ILPP.Runner.PostProcessingPipeline[0]
      Processing assembly Library/Bee/artifacts/1900b0aE.dag/Assembly-CSharp.dll, with 142 defines and 339 references
info: Unity.ILPP.Runner.PostProcessingPipeline[0]
      processors: Unity.Jobs.CodeGen.JobsILPostProcessor, zzzUnity.Burst.CodeGen.BurstILPostProcessor
info: Unity.ILPP.Runner.PostProcessingPipeline[0]
      running Unity.Jobs.CodeGen.JobsILPostProcessor
info: Unity.ILPP.Runner.PostProcessingPipeline[0]
      running zzzUnity.Burst.CodeGen.BurstILPostProcessor
info: Microsoft.AspNetCore.Routing.EndpointMiddleware[1]
      Executed endpoint 'gRPC - /UnityILPP.PostProcessing/PostProcessAssembly'
info: Microsoft.AspNetCore.Hosting.Diagnostics[2]
      Request finished HTTP/2 POST http://ilpp/UnityILPP.PostProcessing/PostProcessAssembly - 200 - application/grpc 18.7957ms
info: Microsoft.AspNetCore.Hosting.Diagnostics[1]
      Request starting HTTP/2 POST http://ilpp/UnityILPP.PostProcessing/PostProcessAssembly - application/grpc -
info: Microsoft.AspNetCore.Routing.EndpointMiddleware[0]
      Executing endpoint 'gRPC - /UnityILPP.PostProcessing/PostProcessAssembly'
info: Unity.ILPP.Runner.PostProcessingPipeline[0]
      Processing assembly Library/Bee/artifacts/1900b0aE.dag/Assembly-CSharp-Editor.dll, with 140 defines and 362 references
info: Unity.ILPP.Runner.PostProcessingPipeline[0]
      processors: Unity.Jobs.CodeGen.JobsILPostProcessor, zzzUnity.Burst.CodeGen.BurstILPostProcessor
info: Unity.ILPP.Runner.PostProcessingPipeline[0]
      running Unity.Jobs.CodeGen.JobsILPostProcessor
info: Unity.ILPP.Runner.PostProcessingPipeline[0]
      running zzzUnity.Burst.CodeGen.BurstILPostProcessor
info: Microsoft.AspNetCore.Routing.EndpointMiddleware[1]
      Executed endpoint 'gRPC - /UnityILPP.PostProcessing/PostProcessAssembly'
info: Microsoft.AspNetCore.Hosting.Diagnostics[2]
      Request finished HTTP/2 POST http://ilpp/UnityILPP.PostProcessing/PostProcessAssembly - 200 - application/grpc 19.1799ms
ExitCode: 0 Duration: 0s735ms
[736/937    0s] ILPP-Configuration Library/ilpp-configuration.nevergeneratedoutput
[929/937    0s] Csc Library/Bee/artifacts/1900b0aE.dag/Assembly-CSharp.dll (+2 others)
[930/937    0s] ILPostProcess Library/Bee/artifacts/1900b0aE.dag/post-processed/Assembly-CSharp.dll (+pdb)
Processing assembly Library/Bee/artifacts/1900b0aE.dag/Assembly-CSharp.dll, with 142 defines and 339 references

processors: Unity.Jobs.CodeGen.JobsILPostProcessor, zzzUnity.Burst.CodeGen.BurstILPostProcessor

running Unity.Jobs.CodeGen.JobsILPostProcessor

running zzzUnity.Burst.CodeGen.BurstILPostProcessor
[931/937    0s] CopyFiles Library/ScriptAssemblies/Assembly-CSharp.dll
[932/937    0s] CopyFiles Library/ScriptAssemblies/Assembly-CSharp.pdb
[933/937    0s] Csc Library/Bee/artifacts/1900b0aE.dag/Assembly-CSharp-Editor.dll (+2 others)
[934/937    0s] ILPostProcess Library/Bee/artifacts/1900b0aE.dag/post-processed/Assembly-CSharp-Editor.dll (+pdb)
Processing assembly Library/Bee/artifacts/1900b0aE.dag/Assembly-CSharp-Editor.dll, with 140 defines and 362 references

processors: Unity.Jobs.CodeGen.JobsILPostProcessor, zzzUnity.Burst.CodeGen.BurstILPostProcessor

running Unity.Jobs.CodeGen.JobsILPostProcessor

running zzzUnity.Burst.CodeGen.BurstILPostProcessor
[935/937    0s] CopyFiles Library/ScriptAssemblies/Assembly-CSharp-Editor.pdb
[936/937    0s] CopyFiles Library/ScriptAssemblies/Assembly-CSharp-Editor.dll
*** Tundra build success (0.70 seconds), 9 items updated, 937 evaluated
Reloading assemblies after finishing script compilation.
Reloading assemblies after forced synchronous recompile.
Begin MonoManager ReloadAssembly
Total cache size 267245200
Total cache size after purge 267245200, took 00:00:00.5574326
Native extension for WindowsStandalone target not found
Native extension for WebGL target not found
[MODES] ModeService[none].Initialize
[MODES] ModeService[none].LoadModes
ScheduleIndexationOnStartup MainProcess:True IndexOnStartup:True
Mono: successfully reloaded assembly
- Finished resetting the current domain, in  2.633 seconds
Domain Reload Profiling: 4714ms
	BeginReloadAssembly (1407ms)
		DisableScriptedObjects (308ms)
		CreateAndSetChildDomain (695ms)
	RebuildCommonClasses (16ms)
	RebuildNativeTypeToScriptingClass (22ms)
	initialDomainReloadingComplete (101ms)
	LoadAllAssembliesAndSetupDomain (534ms)
		LoadAssemblies (228ms)
		AnalyzeDomain (320ms)
			TypeCache.Refresh (11ms)
			BuildScriptInfoCaches (272ms)
			ResolveRequiredComponents (34ms)
	FinalizeReload (2634ms)
		SetupLoadedEditorAssemblies (0ms)
			InitializePlatformSupportModulesInManaged (3ms)
			BeforeProcessingInitializeOnLoad (246ms)
			ProcessInitializeOnLoadAttributes (571ms)
			ProcessInitializeOnLoadMethodAttributes (182ms)
			AfterProcessingInitializeOnLoad (8ms)
		AwakeInstancesAfterBackupRestoration (853ms)

Asset Pipeline Refresh (id=f923cdca6dc5952468a761890f32f0e9): Total: 5.037 seconds - Initiated by StopAssetImportingV2(ForceSynchronousImport | ForceDomainReload)
	(Values over 0.05ms)
	Summary:
		Imports: total=0 (actual=0, local cache=0, cache server=0)
		Asset DB Process Time: managed=0 ms, native=2793 ms
		Asset DB Callback time: managed=42 ms, native=0 ms
		Scripting: domain reloads=1, domain reload time=2198 ms, compile time=2 ms, other=0 ms
		Project Asset Count: scripts=1362, non-scripts=2318
		Asset File Changes: new=0, changed=0, moved=0, deleted=0
		Scan Filter Count: 0
	InvokePackagesCallback: 2.219ms
	ApplyChangesToAssetFolders: 0.486ms
	Collect global state as custom dependencies: 3.329ms
	ProcessAssetsWithTransientArtifactChanges: 7.075ms
	CategorizeAssets: 55.130ms
	CompileScripts: 1.778ms
	ImportOutOfDateAssets: 2684.361ms (2647.341ms without children)
		CollectScriptTypesHashes: 2.600ms
		ReloadNativeAssets: 1.276ms
		UnloadImportedAssets: 0.271ms
		EnsureUptoDateAssetsAreRegisteredWithGuidPM: 0.797ms
		ImportSchedulerStart: 34.643ms
	PostProcessAllAssets: 42.483ms
		MonoPostProcessAllAssets: 42.478ms
			UniversalRenderPipelineGlobalSettingsPostprocessor.OnPostprocessAllAssets 13.143ms
			BuilderAssetPostprocessor.OnPostprocessAllAssets 9.485ms
			AssetChangedListener.OnPostprocessAllAssets 7.994ms
			AssetPostprocessor.OnPostprocessAllAssets 6.883ms
			SyncVS.PostprocessSyncProject 3.777ms
			WindowAssetPostprocessingWatcher.OnPostprocessAllAssets 2.941ms
			SpeedTree9Postprocessor.OnPostprocessAllAssets 2.479ms
			ShaderGraphAssetPostProcessor.OnPostprocessAllAssets 1.967ms
			RetainedModeAssetPostprocessor.OnPostprocessAllAssets 1.939ms
			EditModeScopePostprocessor.OnPostprocessAllAssets 1.247ms
			ProjectSettingsPostprocessor.OnPostprocessAllAssets 1.080ms
			ArtifactBrowserPostProcessor.OnPostprocessAllAssets 0.855ms
			RenderPipelineGlobalSettingsPostprocessor.OnPostprocessAllAssets 0.805ms
			TMPro_TexturePostProcessor.OnPostprocessAllAssets 0.770ms
			ShaderReflectionAssetPostProcessor.OnPostprocessAllAssets 0.651ms
			MaterialPostprocessor.OnPostprocessAllAssets 0.573ms
			AudioMixerPostprocessor.OnPostprocessAllAssets 0.553ms
			UVCSAssetPostprocessor.OnPostprocessAllAssets 0.530ms
			TextAssetPostProcessor.OnPostprocessAllAssets 0.437ms
			SampleDependencyImporterPostProcessor.OnPostprocessAllAssets 0.413ms
			AssetEvents.OnPostprocessAllAssets 0.362ms
			InputActionAssetPostprocessor.OnPostprocessAllAssets 0.355ms
			ReferencedClipsPostProcessor.OnPostprocessAllAssets 0.347ms
			StyleCatalogPostProcessor.OnPostprocessAllAssets 0.345ms
			InputActionJsonNameModifierAssetProcessor.OnPostprocessAllAssets 0.337ms
			PostProcessor.OnPostprocessAllAssets 0.302ms
			ConfigAssetsTracker.OnPostprocessAllAssets 0.241ms
			SpeedTreePostProcessor.OnPostprocessAllAssets 0.218ms
			AssetReloadNotifier.OnPostprocessAllAssets 0.217ms
			TerrainToolbarOverlayPostProcessor.OnPostprocessAllAssets 0.198ms
			ScenarioDriftAssetsTracker.OnPostprocessAllAssets 0.194ms
			AssetDatabaseCallbacks.OnPostprocessAllAssets 0.190ms
			SamplePostprocessor.OnPostprocessAllAssets 0.178ms
			AudioContainerPostProcessor.OnPostprocessAllAssets 0.114ms
	GatherAllCurrentPrimaryImportResultRevisions: 0.162ms
	PersistCurrentRevisions: 0.131ms
	GenerateScriptTypeHashes: 2.704ms
	GenerateScriptTypeSerializationHashes: 4.508ms
	Untracked: 2233.463ms

[Licensing::Client] Successfully resolved entitlement details
[Licensing::Client] Successfully resolved entitlement details
Asset Pipeline Refresh (id=a22cf181a6df0dc47927a546a03f2ec5): Total: 0.013 seconds - Initiated by RefreshV2(AllowForceSynchronousImport)
[Licensing::Client] Successfully resolved entitlement details
Reloading assemblies for play mode.
Reloading assemblies after forced synchronous recompile.
Begin MonoManager ReloadAssembly
Native extension for WindowsStandalone target not found
Native extension for WebGL target not found
ScheduleIndexationOnStartup MainProcess:True IndexOnStartup:True
[MODES] ModeService[none].Initialize
[MODES] ModeService[none].LoadModes
Mono: successfully reloaded assembly
- Finished resetting the current domain, in  2.557 seconds
Domain Reload Profiling: 3759ms
	BeginReloadAssembly (881ms)
		DisableScriptedObjects (117ms)
		CreateAndSetChildDomain (548ms)
	RebuildCommonClasses (15ms)
	RebuildNativeTypeToScriptingClass (21ms)
	initialDomainReloadingComplete (67ms)
	LoadAllAssembliesAndSetupDomain (217ms)
		LoadAssemblies (156ms)
		AnalyzeDomain (43ms)
			TypeCache.Refresh (7ms)
			ResolveRequiredComponents (30ms)
	FinalizeReload (2558ms)
		SetupLoadedEditorAssemblies (0ms)
			InitializePlatformSupportModulesInManaged (3ms)
			BeforeProcessingInitializeOnLoad (108ms)
			ProcessInitializeOnLoadAttributes (550ms)
			ProcessInitializeOnLoadMethodAttributes (183ms)
			AfterProcessingInitializeOnLoad (7ms)
		AwakeInstancesAfterBackupRestoration (922ms)

Asset Pipeline Refresh (id=2806eb3971d86274f98ab7746100281c): Total: 4.009 seconds - Initiated by StopAssetImportingV2(ForceSynchronousImport | ForceDomainReload)
	(Values over 0.05ms)
	Summary:
		Imports: total=0 (actual=0, local cache=0, cache server=0)
		Asset DB Process Time: managed=0 ms, native=2711 ms
		Asset DB Callback time: managed=37 ms, native=0 ms
		Scripting: domain reloads=1, domain reload time=1257 ms, compile time=2 ms, other=0 ms
		Project Asset Count: scripts=1362, non-scripts=2318
		Asset File Changes: new=0, changed=0, moved=0, deleted=0
		Scan Filter Count: 0
	InvokePackagesCallback: 2.060ms
	ApplyChangesToAssetFolders: 0.416ms
	Collect global state as custom dependencies: 3.054ms
	ProcessAssetsWithTransientArtifactChanges: 0.249ms
	CategorizeAssets: 56.670ms
	CompileScripts: 1.526ms
	ImportOutOfDateAssets: 2610.484ms (2571.524ms without children)
		CollectScriptTypesHashes: 1.028ms
		ReloadNativeAssets: 3.803ms
		UnloadImportedAssets: 0.274ms
		EnsureUptoDateAssetsAreRegisteredWithGuidPM: 0.791ms
		ImportSchedulerStart: 34.063ms
	PostProcessAllAssets: 37.413ms
		MonoPostProcessAllAssets: 37.408ms
			UniversalRenderPipelineGlobalSettingsPostprocessor.OnPostprocessAllAssets 12.969ms
			BuilderAssetPostprocessor.OnPostprocessAllAssets 9.485ms
			AssetChangedListener.OnPostprocessAllAssets 7.994ms
			AssetPostprocessor.OnPostprocessAllAssets 6.883ms
			SyncVS.PostprocessSyncProject 3.610ms
			WindowAssetPostprocessingWatcher.OnPostprocessAllAssets 2.539ms
			SpeedTree9Postprocessor.OnPostprocessAllAssets 2.409ms
			ShaderGraphAssetPostProcessor.OnPostprocessAllAssets 1.967ms
			RetainedModeAssetPostprocessor.OnPostprocessAllAssets 1.939ms
			ProjectSettingsPostprocessor.OnPostprocessAllAssets 0.963ms
			ArtifactBrowserPostProcessor.OnPostprocessAllAssets 0.855ms
			RenderPipelineGlobalSettingsPostprocessor.OnPostprocessAllAssets 0.842ms
			TMPro_TexturePostProcessor.OnPostprocessAllAssets 0.770ms
			MaterialPostprocessor.OnPostprocessAllAssets 0.573ms
			AudioMixerPostprocessor.OnPostprocessAllAssets 0.553ms
			UVCSAssetPostprocessor.OnPostprocessAllAssets 0.530ms
			TextAssetPostProcessor.OnPostprocessAllAssets 0.437ms
			ShaderReflectionAssetPostProcessor.OnPostprocessAllAssets 0.424ms
			SampleDependencyImporterPostProcessor.OnPostprocessAllAssets 0.413ms
			AssetEvents.OnPostprocessAllAssets 0.362ms
			EditModeScopePostprocessor.OnPostprocessAllAssets 0.351ms
			InputActionAssetPostprocessor.OnPostprocessAllAssets 0.347ms
			StyleCatalogPostProcessor.OnPostprocessAllAssets 0.345ms
			InputActionJsonNameModifierAssetProcessor.OnPostprocessAllAssets 0.337ms
			ReferencedClipsPostProcessor.OnPostprocessAllAssets 0.329ms
			PostProcessor.OnPostprocessAllAssets 0.302ms
			ConfigAssetsTracker.OnPostprocessAllAssets 0.241ms
			SpeedTreePostProcessor.OnPostprocessAllAssets 0.218ms
			AssetReloadNotifier.OnPostprocessAllAssets 0.217ms
			ScenarioDriftAssetsTracker.OnPostprocessAllAssets 0.194ms
			TerrainToolbarOverlayPostProcessor.OnPostprocessAllAssets 0.191ms
			SamplePostprocessor.OnPostprocessAllAssets 0.178ms
			AssetDatabaseCallbacks.OnPostprocessAllAssets 0.178ms
			AudioContainerPostProcessor.OnPostprocessAllAssets 0.114ms
	GatherAllCurrentPrimaryImportResultRevisions: 0.144ms
	PersistCurrentRevisions: 0.120ms
	GenerateScriptTypeHashes: 5.165ms
	GenerateScriptTypeSerializationHashes: 7.874ms
	Untracked: 1290.982ms

Loaded scene 'Temp/__Backupscenes/0.backup'
	Deserialize:            1.929 ms
	Integration:            362.496 ms
	Integration of assets:  0.002 ms
	Thread Wait Time:       0.010 ms
	Total Operation Time:   364.436 ms
RIS Controller Started
UnityEngine.Debug:ExtractStackTraceNoAlloc (byte*,int,string)
UnityEngine.StackTraceUtility:ExtractStackTrace ()
UnityEngine.DebugLogHandler:Internal_Log (UnityEngine.LogType,UnityEngine.LogOption,string,UnityEngine.Object)
UnityEngine.DebugLogHandler:LogFormat (UnityEngine.LogType,UnityEngine.Object,string,object[])
UnityEngine.Logger:Log (UnityEngine.LogType,object)
UnityEngine.Debug:Log (object)
RISController:Start () (at Assets/Scripts/RISController.cs:15)

(Filename: Assets/Scripts/RISController.cs Line: 15)

Number of RIS Elements: 16
UnityEngine.Debug:ExtractStackTraceNoAlloc (byte*,int,string)
UnityEngine.StackTraceUtility:ExtractStackTrace ()
UnityEngine.DebugLogHandler:Internal_Log (UnityEngine.LogType,UnityEngine.LogOption,string,UnityEngine.Object)
UnityEngine.DebugLogHandler:LogFormat (UnityEngine.LogType,UnityEngine.Object,string,object[])
UnityEngine.Logger:Log (UnityEngine.LogType,object)
UnityEngine.Debug:Log (object)
RISController:Start () (at Assets/Scripts/RISController.cs:16)

(Filename: Assets/Scripts/RISController.cs Line: 16)

RIS Phase System Ready
UnityEngine.Debug:ExtractStackTraceNoAlloc (byte*,int,string)
UnityEngine.StackTraceUtility:ExtractStackTrace ()
UnityEngine.DebugLogHandler:Internal_Log (UnityEngine.LogType,UnityEngine.LogOption,string,UnityEngine.Object)
UnityEngine.DebugLogHandler:LogFormat (UnityEngine.LogType,UnityEngine.Object,string,object[])
UnityEngine.Logger:Log (UnityEngine.LogType,object)
UnityEngine.Debug:Log (object)
RISController:Start () (at Assets/Scripts/RISController.cs:33)

(Filename: Assets/Scripts/RISController.cs Line: 33)

Element 1 Phase = 90°
UnityEngine.Debug:ExtractStackTraceNoAlloc (byte*,int,string)
UnityEngine.StackTraceUtility:ExtractStackTrace ()
UnityEngine.DebugLogHandler:Internal_Log (UnityEngine.LogType,UnityEngine.LogOption,string,UnityEngine.Object)
UnityEngine.DebugLogHandler:LogFormat (UnityEngine.LogType,UnityEngine.Object,string,object[])
UnityEngine.Logger:Log (UnityEngine.LogType,object)
UnityEngine.Debug:Log (object)
RISController:SetPhase (int,single) (at Assets/Scripts/RISController.cs:66)
RISController:Start () (at Assets/Scripts/RISController.cs:34)

(Filename: Assets/Scripts/RISController.cs Line: 66)

Element 1 Phase = 0°
UnityEngine.Debug:ExtractStackTraceNoAlloc (byte*,int,string)
UnityEngine.StackTraceUtility:ExtractStackTrace ()
UnityEngine.DebugLogHandler:Internal_Log (UnityEngine.LogType,UnityEngine.LogOption,string,UnityEngine.Object)
UnityEngine.DebugLogHandler:LogFormat (UnityEngine.LogType,UnityEngine.Object,string,object[])
UnityEngine.Logger:Log (UnityEngine.LogType,object)
UnityEngine.Debug:Log (object)
RISController:SetPhase (int,single) (at Assets/Scripts/RISController.cs:66)
RISController:SetAllPhases (single[]) (at Assets/Scripts/RISController.cs:78)
RISController:Start () (at Assets/Scripts/RISController.cs:43)

(Filename: Assets/Scripts/RISController.cs Line: 66)

Element 2 Phase = 30°
UnityEngine.Debug:ExtractStackTraceNoAlloc (byte*,int,string)
UnityEngine.StackTraceUtility:ExtractStackTrace ()
UnityEngine.DebugLogHandler:Internal_Log (UnityEngine.LogType,UnityEngine.LogOption,string,UnityEngine.Object)
UnityEngine.DebugLogHandler:LogFormat (UnityEngine.LogType,UnityEngine.Object,string,object[])
UnityEngine.Logger:Log (UnityEngine.LogType,object)
UnityEngine.Debug:Log (object)
RISController:SetPhase (int,single) (at Assets/Scripts/RISController.cs:66)
RISController:SetAllPhases (single[]) (at Assets/Scripts/RISController.cs:78)
RISController:Start () (at Assets/Scripts/RISController.cs:43)

(Filename: Assets/Scripts/RISController.cs Line: 66)

Element 3 Phase = 60°
UnityEngine.Debug:ExtractStackTraceNoAlloc (byte*,int,string)
UnityEngine.StackTraceUtility:ExtractStackTrace ()
UnityEngine.DebugLogHandler:Internal_Log (UnityEngine.LogType,UnityEngine.LogOption,string,UnityEngine.Object)
UnityEngine.DebugLogHandler:LogFormat (UnityEngine.LogType,UnityEngine.Object,string,object[])
UnityEngine.Logger:Log (UnityEngine.LogType,object)
UnityEngine.Debug:Log (object)
RISController:SetPhase (int,single) (at Assets/Scripts/RISController.cs:66)
RISController:SetAllPhases (single[]) (at Assets/Scripts/RISController.cs:78)
RISController:Start () (at Assets/Scripts/RISController.cs:43)

(Filename: Assets/Scripts/RISController.cs Line: 66)

Element 4 Phase = 90°
UnityEngine.Debug:ExtractStackTraceNoAlloc (byte*,int,string)
UnityEngine.StackTraceUtility:ExtractStackTrace ()
UnityEngine.DebugLogHandler:Internal_Log (UnityEngine.LogType,UnityEngine.LogOption,string,UnityEngine.Object)
UnityEngine.DebugLogHandler:LogFormat (UnityEngine.LogType,UnityEngine.Object,string,object[])
UnityEngine.Logger:Log (UnityEngine.LogType,object)
UnityEngine.Debug:Log (object)
RISController:SetPhase (int,single) (at Assets/Scripts/RISController.cs:66)
RISController:SetAllPhases (single[]) (at Assets/Scripts/RISController.cs:78)
RISController:Start () (at Assets/Scripts/RISController.cs:43)

(Filename: Assets/Scripts/RISController.cs Line: 66)

Element 5 Phase = 30°
UnityEngine.Debug:ExtractStackTraceNoAlloc (byte*,int,string)
UnityEngine.StackTraceUtility:ExtractStackTrace ()
UnityEngine.DebugLogHandler:Internal_Log (UnityEngine.LogType,UnityEngine.LogOption,string,UnityEngine.Object)
UnityEngine.DebugLogHandler:LogFormat (UnityEngine.LogType,UnityEngine.Object,string,object[])
UnityEngine.Logger:Log (UnityEngine.LogType,object)
UnityEngine.Debug:Log (object)
RISController:SetPhase (int,single) (at Assets/Scripts/RISController.cs:66)
RISController:SetAllPhases (single[]) (at Assets/Scripts/RISController.cs:78)
RISController:Start () (at Assets/Scripts/RISController.cs:43)

(Filename: Assets/Scripts/RISController.cs Line: 66)

Element 6 Phase = 60°
UnityEngine.Debug:ExtractStackTraceNoAlloc (byte*,int,string)
UnityEngine.StackTraceUtility:ExtractStackTrace ()
UnityEngine.DebugLogHandler:Internal_Log (UnityEngine.LogType,UnityEngine.LogOption,string,UnityEngine.Object)
UnityEngine.DebugLogHandler:LogFormat (UnityEngine.LogType,UnityEngine.Object,string,object[])
UnityEngine.Logger:Log (UnityEngine.LogType,object)
UnityEngine.Debug:Log (object)
RISController:SetPhase (int,single) (at Assets/Scripts/RISController.cs:66)
RISController:SetAllPhases (single[]) (at Assets/Scripts/RISController.cs:78)
RISController:Start () (at Assets/Scripts/RISController.cs:43)

(Filename: Assets/Scripts/RISController.cs Line: 66)

Element 7 Phase = 90°
UnityEngine.Debug:ExtractStackTraceNoAlloc (byte*,int,string)
UnityEngine.StackTraceUtility:ExtractStackTrace ()
UnityEngine.DebugLogHandler:Internal_Log (UnityEngine.LogType,UnityEngine.LogOption,string,UnityEngine.Object)
UnityEngine.DebugLogHandler:LogFormat (UnityEngine.LogType,UnityEngine.Object,string,object[])
UnityEngine.Logger:Log (UnityEngine.LogType,object)
UnityEngine.Debug:Log (object)
RISController:SetPhase (int,single) (at Assets/Scripts/RISController.cs:66)
RISController:SetAllPhases (single[]) (at Assets/Scripts/RISController.cs:78)
RISController:Start () (at Assets/Scripts/RISController.cs:43)

(Filename: Assets/Scripts/RISController.cs Line: 66)

Element 8 Phase = 120°
UnityEngine.Debug:ExtractStackTraceNoAlloc (byte*,int,string)
UnityEngine.StackTraceUtility:ExtractStackTrace ()
UnityEngine.DebugLogHandler:Internal_Log (UnityEngine.LogType,UnityEngine.LogOption,string,UnityEngine.Object)
UnityEngine.DebugLogHandler:LogFormat (UnityEngine.LogType,UnityEngine.Object,string,object[])
UnityEngine.Logger:Log (UnityEngine.LogType,object)
UnityEngine.Debug:Log (object)
RISController:SetPhase (int,single) (at Assets/Scripts/RISController.cs:66)
RISController:SetAllPhases (single[]) (at Assets/Scripts/RISController.cs:78)
RISController:Start () (at Assets/Scripts/RISController.cs:43)

(Filename: Assets/Scripts/RISController.cs Line: 66)

Element 9 Phase = 60°
UnityEngine.Debug:ExtractStackTraceNoAlloc (byte*,int,string)
UnityEngine.StackTraceUtility:ExtractStackTrace ()
UnityEngine.DebugLogHandler:Internal_Log (UnityEngine.LogType,UnityEngine.LogOption,string,UnityEngine.Object)
UnityEngine.DebugLogHandler:LogFormat (UnityEngine.LogType,UnityEngine.Object,string,object[])
UnityEngine.Logger:Log (UnityEngine.LogType,object)
UnityEngine.Debug:Log (object)
RISController:SetPhase (int,single) (at Assets/Scripts/RISController.cs:66)
RISController:SetAllPhases (single[]) (at Assets/Scripts/RISController.cs:78)
RISController:Start () (at Assets/Scripts/RISController.cs:43)

(Filename: Assets/Scripts/RISController.cs Line: 66)

Element 10 Phase = 90°
UnityEngine.Debug:ExtractStackTraceNoAlloc (byte*,int,string)
UnityEngine.StackTraceUtility:ExtractStackTrace ()
UnityEngine.DebugLogHandler:Internal_Log (UnityEngine.LogType,UnityEngine.LogOption,string,UnityEngine.Object)
UnityEngine.DebugLogHandler:LogFormat (UnityEngine.LogType,UnityEngine.Object,string,object[])
UnityEngine.Logger:Log (UnityEngine.LogType,object)
UnityEngine.Debug:Log (object)
RISController:SetPhase (int,single) (at Assets/Scripts/RISController.cs:66)
RISController:SetAllPhases (single[]) (at Assets/Scripts/RISController.cs:78)
RISController:Start () (at Assets/Scripts/RISController.cs:43)

(Filename: Assets/Scripts/RISController.cs Line: 66)

Element 11 Phase = 120°
UnityEngine.Debug:ExtractStackTraceNoAlloc (byte*,int,string)
UnityEngine.StackTraceUtility:ExtractStackTrace ()
UnityEngine.DebugLogHandler:Internal_Log (UnityEngine.LogType,UnityEngine.LogOption,string,UnityEngine.Object)
UnityEngine.DebugLogHandler:LogFormat (UnityEngine.LogType,UnityEngine.Object,string,object[])
UnityEngine.Logger:Log (UnityEngine.LogType,object)
UnityEngine.Debug:Log (object)
RISController:SetPhase (int,single) (at Assets/Scripts/RISController.cs:66)
RISController:SetAllPhases (single[]) (at Assets/Scripts/RISController.cs:78)
RISController:Start () (at Assets/Scripts/RISController.cs:43)

(Filename: Assets/Scripts/RISController.cs Line: 66)

Element 12 Phase = 150°
UnityEngine.Debug:ExtractStackTraceNoAlloc (byte*,int,string)
UnityEngine.StackTraceUtility:ExtractStackTrace ()
UnityEngine.DebugLogHandler:Internal_Log (UnityEngine.LogType,UnityEngine.LogOption,string,UnityEngine.Object)
UnityEngine.DebugLogHandler:LogFormat (UnityEngine.LogType,UnityEngine.Object,string,object[])
UnityEngine.Logger:Log (UnityEngine.LogType,object)
UnityEngine.Debug:Log (object)
RISController:SetPhase (int,single) (at Assets/Scripts/RISController.cs:66)
RISController:SetAllPhases (single[]) (at Assets/Scripts/RISController.cs:78)
RISController:Start () (at Assets/Scripts/RISController.cs:43)

(Filename: Assets/Scripts/RISController.cs Line: 66)

Element 13 Phase = 90°
UnityEngine.Debug:ExtractStackTraceNoAlloc (byte*,int,string)
UnityEngine.StackTraceUtility:ExtractStackTrace ()
UnityEngine.DebugLogHandler:Internal_Log (UnityEngine.LogType,UnityEngine.LogOption,string,UnityEngine.Object)
UnityEngine.DebugLogHandler:LogFormat (UnityEngine.LogType,UnityEngine.Object,string,object[])
UnityEngine.Logger:Log (UnityEngine.LogType,object)
UnityEngine.Debug:Log (object)
RISController:SetPhase (int,single) (at Assets/Scripts/RISController.cs:66)
RISController:SetAllPhases (single[]) (at Assets/Scripts/RISController.cs:78)
RISController:Start () (at Assets/Scripts/RISController.cs:43)

(Filename: Assets/Scripts/RISController.cs Line: 66)

Element 14 Phase = 120°
UnityEngine.Debug:ExtractStackTraceNoAlloc (byte*,int,string)
UnityEngine.StackTraceUtility:ExtractStackTrace ()
UnityEngine.DebugLogHandler:Internal_Log (UnityEngine.LogType,UnityEngine.LogOption,string,UnityEngine.Object)
UnityEngine.DebugLogHandler:LogFormat (UnityEngine.LogType,UnityEngine.Object,string,object[])
UnityEngine.Logger:Log (UnityEngine.LogType,object)
UnityEngine.Debug:Log (object)
RISController:SetPhase (int,single) (at Assets/Scripts/RISController.cs:66)
RISController:SetAllPhases (single[]) (at Assets/Scripts/RISController.cs:78)
RISController:Start () (at Assets/Scripts/RISController.cs:43)

(Filename: Assets/Scripts/RISController.cs Line: 66)

Element 15 Phase = 150°
UnityEngine.Debug:ExtractStackTraceNoAlloc (byte*,int,string)
UnityEngine.StackTraceUtility:ExtractStackTrace ()
UnityEngine.DebugLogHandler:Internal_Log (UnityEngine.LogType,UnityEngine.LogOption,string,UnityEngine.Object)
UnityEngine.DebugLogHandler:LogFormat (UnityEngine.LogType,UnityEngine.Object,string,object[])
UnityEngine.Logger:Log (UnityEngine.LogType,object)
UnityEngine.Debug:Log (object)
RISController:SetPhase (int,single) (at Assets/Scripts/RISController.cs:66)
RISController:SetAllPhases (single[]) (at Assets/Scripts/RISController.cs:78)
RISController:Start () (at Assets/Scripts/RISController.cs:43)

(Filename: Assets/Scripts/RISController.cs Line: 66)

Element 16 Phase = 180°
UnityEngine.Debug:ExtractStackTraceNoAlloc (byte*,int,string)
UnityEngine.StackTraceUtility:ExtractStackTrace ()
UnityEngine.DebugLogHandler:Internal_Log (UnityEngine.LogType,UnityEngine.LogOption,string,UnityEngine.Object)
UnityEngine.DebugLogHandler:LogFormat (UnityEngine.LogType,UnityEngine.Object,string,object[])
UnityEngine.Logger:Log (UnityEngine.LogType,object)
UnityEngine.Debug:Log (object)
RISController:SetPhase (int,single) (at Assets/Scripts/RISController.cs:66)
RISController:SetAllPhases (single[]) (at Assets/Scripts/RISController.cs:78)
RISController:Start () (at Assets/Scripts/RISController.cs:43)

(Filename: Assets/Scripts/RISController.cs Line: 66)

RIS configuration updated successfully.
UnityEngine.Debug:ExtractStackTraceNoAlloc (byte*,int,string)
UnityEngine.StackTraceUtility:ExtractStackTrace ()
UnityEngine.DebugLogHandler:Internal_Log (UnityEngine.LogType,UnityEngine.LogOption,string,UnityEngine.Object)
UnityEngine.DebugLogHandler:LogFormat (UnityEngine.LogType,UnityEngine.Object,string,object[])
UnityEngine.Logger:Log (UnityEngine.LogType,object)
UnityEngine.Debug:Log (object)
RISController:SetAllPhases (single[]) (at Assets/Scripts/RISController.cs:81)
RISController:Start () (at Assets/Scripts/RISController.cs:43)

(Filename: Assets/Scripts/RISController.cs Line: 81)

[Licensing::Client] Successfully resolved entitlement details
[Licensing::Client] Successfully resolved entitlement details
[Licensing::Client] Successfully resolved entitlement details
Unloading 0 Unused Serialized files (Serialized files now loaded: 0)
Loaded scene 'Temp/__Backupscenes/0.backup'
	Deserialize:            1.982 ms
	Integration:            280.894 ms
	Integration of assets:  0.002 ms
	Thread Wait Time:       0.007 ms
	Total Operation Time:   282.885 ms
Unloading 14 unused Assets / (169.2 KB). Loaded Objects now: 8881.
Memory consumption went from 0.76 GB to 0.76 GB.
Total: 18.912100 ms (FindLiveObjects: 0.590500 ms CreateObjectMapping: 0.804000 ms MarkObjects: 17.386200 ms  DeleteObjects: 0.129700 ms)

[Licensing::Client] Successfully resolved entitlement details
Reloading assemblies for play mode.
Reloading assemblies after forced synchronous recompile.
Begin MonoManager ReloadAssembly
Native extension for WindowsStandalone target not found
Native extension for WebGL target not found
ScheduleIndexationOnStartup MainProcess:True IndexOnStartup:True
[MODES] ModeService[none].Initialize
[MODES] ModeService[none].LoadModes
Mono: successfully reloaded assembly
- Finished resetting the current domain, in  2.520 seconds
Domain Reload Profiling: 3737ms
	BeginReloadAssembly (891ms)
		DisableScriptedObjects (98ms)
		CreateAndSetChildDomain (561ms)
	RebuildCommonClasses (14ms)
	RebuildNativeTypeToScriptingClass (21ms)
	initialDomainReloadingComplete (70ms)
	LoadAllAssembliesAndSetupDomain (220ms)
		LoadAssemblies (158ms)
		AnalyzeDomain (44ms)
			TypeCache.Refresh (7ms)
			ResolveRequiredComponents (30ms)
	FinalizeReload (2521ms)
		SetupLoadedEditorAssemblies (0ms)
			InitializePlatformSupportModulesInManaged (3ms)
			BeforeProcessingInitializeOnLoad (109ms)
			ProcessInitializeOnLoadAttributes (543ms)
			ProcessInitializeOnLoadMethodAttributes (182ms)
			AfterProcessingInitializeOnLoad (8ms)
		AwakeInstancesAfterBackupRestoration (912ms)

Asset Pipeline Refresh (id=c4355b9a0a3abb74f9733c2fca78f808): Total: 3.983 seconds - Initiated by StopAssetImportingV2(ForceSynchronousImport | ForceDomainReload)
	(Values over 0.05ms)
	Summary:
		Imports: total=0 (actual=0, local cache=0, cache server=0)
		Asset DB Process Time: managed=0 ms, native=2671 ms
		Asset DB Callback time: managed=38 ms, native=0 ms
		Scripting: domain reloads=1, domain reload time=1270 ms, compile time=2 ms, other=0 ms
		Project Asset Count: scripts=1362, non-scripts=2318
		Asset File Changes: new=0, changed=0, moved=0, deleted=0
		Scan Filter Count: 0
	InvokePackagesCallback: 1.896ms
	ApplyChangesToAssetFolders: 0.426ms
	Collect global state as custom dependencies: 3.868ms
	ProcessAssetsWithTransientArtifactChanges: 0.247ms
	CategorizeAssets: 54.515ms
	CompileScripts: 1.518ms
	ImportOutOfDateAssets: 2571.666ms (2536.444ms without children)
		CollectScriptTypesHashes: 1.042ms
		ReloadNativeAssets: 1.210ms
		UnloadImportedAssets: 0.341ms
		EnsureUptoDateAssetsAreRegisteredWithGuidPM: 0.821ms
		ImportSchedulerStart: 32.819ms
	PostProcessAllAssets: 38.824ms
		MonoPostProcessAllAssets: 38.820ms
			UniversalRenderPipelineGlobalSettingsPostprocessor.OnPostprocessAllAssets 14.022ms
			BuilderAssetPostprocessor.OnPostprocessAllAssets 9.485ms
			AssetChangedListener.OnPostprocessAllAssets 7.994ms
			AssetPostprocessor.OnPostprocessAllAssets 6.883ms
			SyncVS.PostprocessSyncProject 3.857ms
			WindowAssetPostprocessingWatcher.OnPostprocessAllAssets 2.478ms
			SpeedTree9Postprocessor.OnPostprocessAllAssets 2.386ms
			ShaderGraphAssetPostProcessor.OnPostprocessAllAssets 1.967ms
			RetainedModeAssetPostprocessor.OnPostprocessAllAssets 1.939ms
			ProjectSettingsPostprocessor.OnPostprocessAllAssets 0.900ms
			ArtifactBrowserPostProcessor.OnPostprocessAllAssets 0.855ms
			RenderPipelineGlobalSettingsPostprocessor.OnPostprocessAllAssets 0.820ms
			TMPro_TexturePostProcessor.OnPostprocessAllAssets 0.770ms
			MaterialPostprocessor.OnPostprocessAllAssets 0.573ms
			AudioMixerPostprocessor.OnPostprocessAllAssets 0.553ms
			UVCSAssetPostprocessor.OnPostprocessAllAssets 0.530ms
			ShaderReflectionAssetPostProcessor.OnPostprocessAllAssets 0.504ms
			TextAssetPostProcessor.OnPostprocessAllAssets 0.437ms
			SampleDependencyImporterPostProcessor.OnPostprocessAllAssets 0.413ms
			AssetEvents.OnPostprocessAllAssets 0.362ms
			InputActionAssetPostprocessor.OnPostprocessAllAssets 0.357ms
			EditModeScopePostprocessor.OnPostprocessAllAssets 0.351ms
			StyleCatalogPostProcessor.OnPostprocessAllAssets 0.345ms
			InputActionJsonNameModifierAssetProcessor.OnPostprocessAllAssets 0.337ms
			ReferencedClipsPostProcessor.OnPostprocessAllAssets 0.331ms
			PostProcessor.OnPostprocessAllAssets 0.302ms
			ConfigAssetsTracker.OnPostprocessAllAssets 0.241ms
			SpeedTreePostProcessor.OnPostprocessAllAssets 0.218ms
			AssetReloadNotifier.OnPostprocessAllAssets 0.217ms
			ScenarioDriftAssetsTracker.OnPostprocessAllAssets 0.194ms
			TerrainToolbarOverlayPostProcessor.OnPostprocessAllAssets 0.185ms
			AssetDatabaseCallbacks.OnPostprocessAllAssets 0.183ms
			SamplePostprocessor.OnPostprocessAllAssets 0.178ms
			AudioContainerPostProcessor.OnPostprocessAllAssets 0.114ms
	GatherAllCurrentPrimaryImportResultRevisions: 0.144ms
	PersistCurrentRevisions: 0.111ms
	GenerateScriptTypeHashes: 2.652ms
	GenerateScriptTypeSerializationHashes: 4.422ms
	Untracked: 1303.668ms

Loaded scene 'Temp/__Backupscenes/0.backup'
	Deserialize:            1.628 ms
	Integration:            386.604 ms
	Integration of assets:  0.002 ms
	Thread Wait Time:       0.010 ms
	Total Operation Time:   388.244 ms
RIS Controller Started
UnityEngine.Debug:ExtractStackTraceNoAlloc (byte*,int,string)
UnityEngine.StackTraceUtility:ExtractStackTrace ()
UnityEngine.DebugLogHandler:Internal_Log (UnityEngine.LogType,UnityEngine.LogOption,string,UnityEngine.Object)
UnityEngine.DebugLogHandler:LogFormat (UnityEngine.LogType,UnityEngine.Object,string,object[])
UnityEngine.Logger:Log (UnityEngine.LogType,object)
UnityEngine.Debug:Log (object)
RISController:Start () (at Assets/Scripts/RISController.cs:15)

(Filename: Assets/Scripts/RISController.cs Line: 15)

Number of RIS Elements: 16
UnityEngine.Debug:ExtractStackTraceNoAlloc (byte*,int,string)
UnityEngine.StackTraceUtility:ExtractStackTrace ()
UnityEngine.DebugLogHandler:Internal_Log (UnityEngine.LogType,UnityEngine.LogOption,string,UnityEngine.Object)
UnityEngine.DebugLogHandler:LogFormat (UnityEngine.LogType,UnityEngine.Object,string,object[])
UnityEngine.Logger:Log (UnityEngine.LogType,object)
UnityEngine.Debug:Log (object)
RISController:Start () (at Assets/Scripts/RISController.cs:16)

(Filename: Assets/Scripts/RISController.cs Line: 16)

RIS Phase System Ready
UnityEngine.Debug:ExtractStackTraceNoAlloc (byte*,int,string)
UnityEngine.StackTraceUtility:ExtractStackTrace ()
UnityEngine.DebugLogHandler:Internal_Log (UnityEngine.LogType,UnityEngine.LogOption,string,UnityEngine.Object)
UnityEngine.DebugLogHandler:LogFormat (UnityEngine.LogType,UnityEngine.Object,string,object[])
UnityEngine.Logger:Log (UnityEngine.LogType,object)
UnityEngine.Debug:Log (object)
RISController:Start () (at Assets/Scripts/RISController.cs:33)

(Filename: Assets/Scripts/RISController.cs Line: 33)

Element 1 Phase = 90°
UnityEngine.Debug:ExtractStackTraceNoAlloc (byte*,int,string)
UnityEngine.StackTraceUtility:ExtractStackTrace ()
UnityEngine.DebugLogHandler:Internal_Log (UnityEngine.LogType,UnityEngine.LogOption,string,UnityEngine.Object)
UnityEngine.DebugLogHandler:LogFormat (UnityEngine.LogType,UnityEngine.Object,string,object[])
UnityEngine.Logger:Log (UnityEngine.LogType,object)
UnityEngine.Debug:Log (object)
RISController:SetPhase (int,single) (at Assets/Scripts/RISController.cs:66)
RISController:Start () (at Assets/Scripts/RISController.cs:34)

(Filename: Assets/Scripts/RISController.cs Line: 66)

Element 1 Phase = 0°
UnityEngine.Debug:ExtractStackTraceNoAlloc (byte*,int,string)
UnityEngine.StackTraceUtility:ExtractStackTrace ()
UnityEngine.DebugLogHandler:Internal_Log (UnityEngine.LogType,UnityEngine.LogOption,string,UnityEngine.Object)
UnityEngine.DebugLogHandler:LogFormat (UnityEngine.LogType,UnityEngine.Object,string,object[])
UnityEngine.Logger:Log (UnityEngine.LogType,object)
UnityEngine.Debug:Log (object)
RISController:SetPhase (int,single) (at Assets/Scripts/RISController.cs:66)
RISController:SetAllPhases (single[]) (at Assets/Scripts/RISController.cs:78)
RISController:Start () (at Assets/Scripts/RISController.cs:43)

(Filename: Assets/Scripts/RISController.cs Line: 66)

Element 2 Phase = 30°
UnityEngine.Debug:ExtractStackTraceNoAlloc (byte*,int,string)
UnityEngine.StackTraceUtility:ExtractStackTrace ()
UnityEngine.DebugLogHandler:Internal_Log (UnityEngine.LogType,UnityEngine.LogOption,string,UnityEngine.Object)
UnityEngine.DebugLogHandler:LogFormat (UnityEngine.LogType,UnityEngine.Object,string,object[])
UnityEngine.Logger:Log (UnityEngine.LogType,object)
UnityEngine.Debug:Log (object)
RISController:SetPhase (int,single) (at Assets/Scripts/RISController.cs:66)
RISController:SetAllPhases (single[]) (at Assets/Scripts/RISController.cs:78)
RISController:Start () (at Assets/Scripts/RISController.cs:43)

(Filename: Assets/Scripts/RISController.cs Line: 66)

Element 3 Phase = 60°
UnityEngine.Debug:ExtractStackTraceNoAlloc (byte*,int,string)
UnityEngine.StackTraceUtility:ExtractStackTrace ()
UnityEngine.DebugLogHandler:Internal_Log (UnityEngine.LogType,UnityEngine.LogOption,string,UnityEngine.Object)
UnityEngine.DebugLogHandler:LogFormat (UnityEngine.LogType,UnityEngine.Object,string,object[])
UnityEngine.Logger:Log (UnityEngine.LogType,object)
UnityEngine.Debug:Log (object)
RISController:SetPhase (int,single) (at Assets/Scripts/RISController.cs:66)
RISController:SetAllPhases (single[]) (at Assets/Scripts/RISController.cs:78)
RISController:Start () (at Assets/Scripts/RISController.cs:43)

(Filename: Assets/Scripts/RISController.cs Line: 66)

Element 4 Phase = 90°
UnityEngine.Debug:ExtractStackTraceNoAlloc (byte*,int,string)
UnityEngine.StackTraceUtility:ExtractStackTrace ()
UnityEngine.DebugLogHandler:Internal_Log (UnityEngine.LogType,UnityEngine.LogOption,string,UnityEngine.Object)
UnityEngine.DebugLogHandler:LogFormat (UnityEngine.LogType,UnityEngine.Object,string,object[])
UnityEngine.Logger:Log (UnityEngine.LogType,object)
UnityEngine.Debug:Log (object)
RISController:SetPhase (int,single) (at Assets/Scripts/RISController.cs:66)
RISController:SetAllPhases (single[]) (at Assets/Scripts/RISController.cs:78)
RISController:Start () (at Assets/Scripts/RISController.cs:43)

(Filename: Assets/Scripts/RISController.cs Line: 66)

Element 5 Phase = 30°
UnityEngine.Debug:ExtractStackTraceNoAlloc (byte*,int,string)
UnityEngine.StackTraceUtility:ExtractStackTrace ()
UnityEngine.DebugLogHandler:Internal_Log (UnityEngine.LogType,UnityEngine.LogOption,string,UnityEngine.Object)
UnityEngine.DebugLogHandler:LogFormat (UnityEngine.LogType,UnityEngine.Object,string,object[])
UnityEngine.Logger:Log (UnityEngine.LogType,object)
UnityEngine.Debug:Log (object)
RISController:SetPhase (int,single) (at Assets/Scripts/RISController.cs:66)
RISController:SetAllPhases (single[]) (at Assets/Scripts/RISController.cs:78)
RISController:Start () (at Assets/Scripts/RISController.cs:43)

(Filename: Assets/Scripts/RISController.cs Line: 66)

Element 6 Phase = 60°
UnityEngine.Debug:ExtractStackTraceNoAlloc (byte*,int,string)
UnityEngine.StackTraceUtility:ExtractStackTrace ()
UnityEngine.DebugLogHandler:Internal_Log (UnityEngine.LogType,UnityEngine.LogOption,string,UnityEngine.Object)
UnityEngine.DebugLogHandler:LogFormat (UnityEngine.LogType,UnityEngine.Object,string,object[])
UnityEngine.Logger:Log (UnityEngine.LogType,object)
UnityEngine.Debug:Log (object)
RISController:SetPhase (int,single) (at Assets/Scripts/RISController.cs:66)
RISController:SetAllPhases (single[]) (at Assets/Scripts/RISController.cs:78)
RISController:Start () (at Assets/Scripts/RISController.cs:43)

(Filename: Assets/Scripts/RISController.cs Line: 66)

Element 7 Phase = 90°
UnityEngine.Debug:ExtractStackTraceNoAlloc (byte*,int,string)
UnityEngine.StackTraceUtility:ExtractStackTrace ()
UnityEngine.DebugLogHandler:Internal_Log (UnityEngine.LogType,UnityEngine.LogOption,string,UnityEngine.Object)
UnityEngine.DebugLogHandler:LogFormat (UnityEngine.LogType,UnityEngine.Object,string,object[])
UnityEngine.Logger:Log (UnityEngine.LogType,object)
UnityEngine.Debug:Log (object)
RISController:SetPhase (int,single) (at Assets/Scripts/RISController.cs:66)
RISController:SetAllPhases (single[]) (at Assets/Scripts/RISController.cs:78)
RISController:Start () (at Assets/Scripts/RISController.cs:43)

(Filename: Assets/Scripts/RISController.cs Line: 66)

Element 8 Phase = 120°
UnityEngine.Debug:ExtractStackTraceNoAlloc (byte*,int,string)
UnityEngine.StackTraceUtility:ExtractStackTrace ()
UnityEngine.DebugLogHandler:Internal_Log (UnityEngine.LogType,UnityEngine.LogOption,string,UnityEngine.Object)
UnityEngine.DebugLogHandler:LogFormat (UnityEngine.LogType,UnityEngine.Object,string,object[])
UnityEngine.Logger:Log (UnityEngine.LogType,object)
UnityEngine.Debug:Log (object)
RISController:SetPhase (int,single) (at Assets/Scripts/RISController.cs:66)
RISController:SetAllPhases (single[]) (at Assets/Scripts/RISController.cs:78)
RISController:Start () (at Assets/Scripts/RISController.cs:43)

(Filename: Assets/Scripts/RISController.cs Line: 66)

Element 9 Phase = 60°
UnityEngine.Debug:ExtractStackTraceNoAlloc (byte*,int,string)
UnityEngine.StackTraceUtility:ExtractStackTrace ()
UnityEngine.DebugLogHandler:Internal_Log (UnityEngine.LogType,UnityEngine.LogOption,string,UnityEngine.Object)
UnityEngine.DebugLogHandler:LogFormat (UnityEngine.LogType,UnityEngine.Object,string,object[])
UnityEngine.Logger:Log (UnityEngine.LogType,object)
UnityEngine.Debug:Log (object)
RISController:SetPhase (int,single) (at Assets/Scripts/RISController.cs:66)
RISController:SetAllPhases (single[]) (at Assets/Scripts/RISController.cs:78)
RISController:Start () (at Assets/Scripts/RISController.cs:43)

(Filename: Assets/Scripts/RISController.cs Line: 66)

Element 10 Phase = 90°
UnityEngine.Debug:ExtractStackTraceNoAlloc (byte*,int,string)
UnityEngine.StackTraceUtility:ExtractStackTrace ()
UnityEngine.DebugLogHandler:Internal_Log (UnityEngine.LogType,UnityEngine.LogOption,string,UnityEngine.Object)
UnityEngine.DebugLogHandler:LogFormat (UnityEngine.LogType,UnityEngine.Object,string,object[])
UnityEngine.Logger:Log (UnityEngine.LogType,object)
UnityEngine.Debug:Log (object)
RISController:SetPhase (int,single) (at Assets/Scripts/RISController.cs:66)
RISController:SetAllPhases (single[]) (at Assets/Scripts/RISController.cs:78)
RISController:Start () (at Assets/Scripts/RISController.cs:43)

(Filename: Assets/Scripts/RISController.cs Line: 66)

Element 11 Phase = 120°
UnityEngine.Debug:ExtractStackTraceNoAlloc (byte*,int,string)
UnityEngine.StackTraceUtility:ExtractStackTrace ()
UnityEngine.DebugLogHandler:Internal_Log (UnityEngine.LogType,UnityEngine.LogOption,string,UnityEngine.Object)
UnityEngine.DebugLogHandler:LogFormat (UnityEngine.LogType,UnityEngine.Object,string,object[])
UnityEngine.Logger:Log (UnityEngine.LogType,object)
UnityEngine.Debug:Log (object)
RISController:SetPhase (int,single) (at Assets/Scripts/RISController.cs:66)
RISController:SetAllPhases (single[]) (at Assets/Scripts/RISController.cs:78)
RISController:Start () (at Assets/Scripts/RISController.cs:43)

(Filename: Assets/Scripts/RISController.cs Line: 66)

Element 12 Phase = 150°
UnityEngine.Debug:ExtractStackTraceNoAlloc (byte*,int,string)
UnityEngine.StackTraceUtility:ExtractStackTrace ()
UnityEngine.DebugLogHandler:Internal_Log (UnityEngine.LogType,UnityEngine.LogOption,string,UnityEngine.Object)
UnityEngine.DebugLogHandler:LogFormat (UnityEngine.LogType,UnityEngine.Object,string,object[])
UnityEngine.Logger:Log (UnityEngine.LogType,object)
UnityEngine.Debug:Log (object)
RISController:SetPhase (int,single) (at Assets/Scripts/RISController.cs:66)
RISController:SetAllPhases (single[]) (at Assets/Scripts/RISController.cs:78)
RISController:Start () (at Assets/Scripts/RISController.cs:43)

(Filename: Assets/Scripts/RISController.cs Line: 66)

Element 13 Phase = 90°
UnityEngine.Debug:ExtractStackTraceNoAlloc (byte*,int,string)
UnityEngine.StackTraceUtility:ExtractStackTrace ()
UnityEngine.DebugLogHandler:Internal_Log (UnityEngine.LogType,UnityEngine.LogOption,string,UnityEngine.Object)
UnityEngine.DebugLogHandler:LogFormat (UnityEngine.LogType,UnityEngine.Object,string,object[])
UnityEngine.Logger:Log (UnityEngine.LogType,object)
UnityEngine.Debug:Log (object)
RISController:SetPhase (int,single) (at Assets/Scripts/RISController.cs:66)
RISController:SetAllPhases (single[]) (at Assets/Scripts/RISController.cs:78)
RISController:Start () (at Assets/Scripts/RISController.cs:43)

(Filename: Assets/Scripts/RISController.cs Line: 66)

Element 14 Phase = 120°
UnityEngine.Debug:ExtractStackTraceNoAlloc (byte*,int,string)
UnityEngine.StackTraceUtility:ExtractStackTrace ()
UnityEngine.DebugLogHandler:Internal_Log (UnityEngine.LogType,UnityEngine.LogOption,string,UnityEngine.Object)
UnityEngine.DebugLogHandler:LogFormat (UnityEngine.LogType,UnityEngine.Object,string,object[])
UnityEngine.Logger:Log (UnityEngine.LogType,object)
UnityEngine.Debug:Log (object)
RISController:SetPhase (int,single) (at Assets/Scripts/RISController.cs:66)
RISController:SetAllPhases (single[]) (at Assets/Scripts/RISController.cs:78)
RISController:Start () (at Assets/Scripts/RISController.cs:43)

(Filename: Assets/Scripts/RISController.cs Line: 66)

Element 15 Phase = 150°
UnityEngine.Debug:ExtractStackTraceNoAlloc (byte*,int,string)
UnityEngine.StackTraceUtility:ExtractStackTrace ()
UnityEngine.DebugLogHandler:Internal_Log (UnityEngine.LogType,UnityEngine.LogOption,string,UnityEngine.Object)
UnityEngine.DebugLogHandler:LogFormat (UnityEngine.LogType,UnityEngine.Object,string,object[])
UnityEngine.Logger:Log (UnityEngine.LogType,object)
UnityEngine.Debug:Log (object)
RISController:SetPhase (int,single) (at Assets/Scripts/RISController.cs:66)
RISController:SetAllPhases (single[]) (at Assets/Scripts/RISController.cs:78)
RISController:Start () (at Assets/Scripts/RISController.cs:43)

(Filename: Assets/Scripts/RISController.cs Line: 66)

Element 16 Phase = 180°
UnityEngine.Debug:ExtractStackTraceNoAlloc (byte*,int,string)
UnityEngine.StackTraceUtility:ExtractStackTrace ()
UnityEngine.DebugLogHandler:Internal_Log (UnityEngine.LogType,UnityEngine.LogOption,string,UnityEngine.Object)
UnityEngine.DebugLogHandler:LogFormat (UnityEngine.LogType,UnityEngine.Object,string,object[])
UnityEngine.Logger:Log (UnityEngine.LogType,object)
UnityEngine.Debug:Log (object)
RISController:SetPhase (int,single) (at Assets/Scripts/RISController.cs:66)
RISController:SetAllPhases (single[]) (at Assets/Scripts/RISController.cs:78)
RISController:Start () (at Assets/Scripts/RISController.cs:43)

(Filename: Assets/Scripts/RISController.cs Line: 66)

RIS configuration updated successfully.
UnityEngine.Debug:ExtractStackTraceNoAlloc (byte*,int,string)
UnityEngine.StackTraceUtility:ExtractStackTrace ()
UnityEngine.DebugLogHandler:Internal_Log (UnityEngine.LogType,UnityEngine.LogOption,string,UnityEngine.Object)
UnityEngine.DebugLogHandler:LogFormat (UnityEngine.LogType,UnityEngine.Object,string,object[])
UnityEngine.Logger:Log (UnityEngine.LogType,object)
UnityEngine.Debug:Log (object)
RISController:SetAllPhases (single[]) (at Assets/Scripts/RISController.cs:81)
RISController:Start () (at Assets/Scripts/RISController.cs:43)

(Filename: Assets/Scripts/RISController.cs Line: 81)

[Licensing::Client] Successfully resolved entitlement details
[Licensing::Client] Successfully resolved entitlement details
[Licensing::Client] Successfully resolved entitlement details
Unloading 0 Unused Serialized files (Serialized files now loaded: 0)
Loaded scene 'Temp/__Backupscenes/0.backup'
	Deserialize:            1.369 ms
	Integration:            266.396 ms
	Integration of assets:  0.002 ms
	Thread Wait Time:       0.021 ms
	Total Operation Time:   267.788 ms
Unloading 13 unused Assets / (164.8 KB). Loaded Objects now: 8883.
Memory consumption went from 0.76 GB to 0.76 GB.
Total: 19.136600 ms (FindLiveObjects: 0.717100 ms CreateObjectMapping: 0.916200 ms MarkObjects: 17.376000 ms  DeleteObjects: 0.125000 ms)

Asset Pipeline Refresh (id=084a7b9246e6cd54f98ce8697cee4977): Total: 0.017 seconds - Initiated by RefreshV2(AllowForceSynchronousImport)
Asset Pipeline Refresh (id=3b981922a5780b149bdf3f47729af013): Total: 0.004 seconds - Initiated by RefreshV2(AllowForceSynchronousImport)
Reloading assemblies for play mode.
Reloading assemblies after forced synchronous recompile.
[Licensing::Client] Successfully resolved entitlement details
Begin MonoManager ReloadAssembly
Native extension for WindowsStandalone target not found
Native extension for WebGL target not found
ScheduleIndexationOnStartup MainProcess:True IndexOnStartup:True
[MODES] ModeService[none].Initialize
[MODES] ModeService[none].LoadModes
Mono: successfully reloaded assembly
- Finished resetting the current domain, in  2.749 seconds
Domain Reload Profiling: 4092ms
	BeginReloadAssembly (986ms)
		DisableScriptedObjects (113ms)
		CreateAndSetChildDomain (644ms)
	RebuildCommonClasses (15ms)
	RebuildNativeTypeToScriptingClass (22ms)
	initialDomainReloadingComplete (77ms)
	LoadAllAssembliesAndSetupDomain (241ms)
		LoadAssemblies (186ms)
		AnalyzeDomain (44ms)
			TypeCache.Refresh (8ms)
			ResolveRequiredComponents (31ms)
	FinalizeReload (2751ms)
		SetupLoadedEditorAssemblies (0ms)
			BeforeProcessingInitializeOnLoad (119ms)
			ProcessInitializeOnLoadAttributes (590ms)
			ProcessInitializeOnLoadMethodAttributes (200ms)
			AfterProcessingInitializeOnLoad (8ms)
		AwakeInstancesAfterBackupRestoration (989ms)

Asset Pipeline Refresh (id=dae667f8676ef4745ab5518027a2b5ac): Total: 4.366 seconds - Initiated by StopAssetImportingV2(ForceSynchronousImport | ForceDomainReload)
	(Values over 0.05ms)
	Summary:
		Imports: total=0 (actual=0, local cache=0, cache server=0)
		Asset DB Process Time: managed=0 ms, native=2917 ms
		Asset DB Callback time: managed=40 ms, native=0 ms
		Scripting: domain reloads=1, domain reload time=1405 ms, compile time=2 ms, other=0 ms
		Project Asset Count: scripts=1362, non-scripts=2318
		Asset File Changes: new=0, changed=0, moved=0, deleted=0
		Scan Filter Count: 0
	InvokePackagesCallback: 2.120ms
	ApplyChangesToAssetFolders: 0.485ms
	Collect global state as custom dependencies: 3.923ms
	ProcessAssetsWithTransientArtifactChanges: 0.324ms
	CategorizeAssets: 61.562ms
	CompileScripts: 1.726ms
	ImportOutOfDateAssets: 2806.857ms (2769.085ms without children)
		CollectScriptTypesHashes: 1.876ms
		ReloadNativeAssets: 1.853ms
		UnloadImportedAssets: 0.420ms
		EnsureUptoDateAssetsAreRegisteredWithGuidPM: 0.737ms
		ImportSchedulerStart: 34.729ms
	PostProcessAllAssets: 40.091ms
		MonoPostProcessAllAssets: 40.085ms
			UniversalRenderPipelineGlobalSettingsPostprocessor.OnPostprocessAllAssets 13.063ms
			BuilderAssetPostprocessor.OnPostprocessAllAssets 9.485ms
			AssetChangedListener.OnPostprocessAllAssets 7.994ms
			AssetPostprocessor.OnPostprocessAllAssets 6.883ms
			WindowAssetPostprocessingWatcher.OnPostprocessAllAssets 4.427ms
			SyncVS.PostprocessSyncProject 3.718ms
			SpeedTree9Postprocessor.OnPostprocessAllAssets 2.508ms
			ShaderGraphAssetPostProcessor.OnPostprocessAllAssets 1.967ms
			RetainedModeAssetPostprocessor.OnPostprocessAllAssets 1.939ms
			ProjectSettingsPostprocessor.OnPostprocessAllAssets 0.925ms
			RenderPipelineGlobalSettingsPostprocessor.OnPostprocessAllAssets 0.911ms
			ArtifactBrowserPostProcessor.OnPostprocessAllAssets 0.855ms
			TMPro_TexturePostProcessor.OnPostprocessAllAssets 0.770ms
			MaterialPostprocessor.OnPostprocessAllAssets 0.573ms
			AudioMixerPostprocessor.OnPostprocessAllAssets 0.553ms
			UVCSAssetPostprocessor.OnPostprocessAllAssets 0.530ms
			ShaderReflectionAssetPostProcessor.OnPostprocessAllAssets 0.497ms
			TextAssetPostProcessor.OnPostprocessAllAssets 0.437ms
			SampleDependencyImporterPostProcessor.OnPostprocessAllAssets 0.413ms
			ReferencedClipsPostProcessor.OnPostprocessAllAssets 0.394ms
			AssetEvents.OnPostprocessAllAssets 0.362ms
			InputActionAssetPostprocessor.OnPostprocessAllAssets 0.356ms
			EditModeScopePostprocessor.OnPostprocessAllAssets 0.349ms
			StyleCatalogPostProcessor.OnPostprocessAllAssets 0.345ms
			InputActionJsonNameModifierAssetProcessor.OnPostprocessAllAssets 0.337ms
			PostProcessor.OnPostprocessAllAssets 0.302ms
			AssetDatabaseCallbacks.OnPostprocessAllAssets 0.255ms
			ConfigAssetsTracker.OnPostprocessAllAssets 0.241ms
			SpeedTreePostProcessor.OnPostprocessAllAssets 0.218ms
			AssetReloadNotifier.OnPostprocessAllAssets 0.217ms
			ScenarioDriftAssetsTracker.OnPostprocessAllAssets 0.194ms
			TerrainToolbarOverlayPostProcessor.OnPostprocessAllAssets 0.185ms
			SamplePostprocessor.OnPostprocessAllAssets 0.178ms
			AudioContainerPostProcessor.OnPostprocessAllAssets 0.114ms
	GatherAllCurrentPrimaryImportResultRevisions: 0.194ms
	PersistCurrentRevisions: 0.191ms
	GenerateScriptTypeHashes: 3.227ms
	GenerateScriptTypeSerializationHashes: 5.152ms
	Untracked: 1441.798ms

Loaded scene 'Temp/__Backupscenes/0.backup'
	Deserialize:            1.691 ms
	Integration:            392.302 ms
	Integration of assets:  0.003 ms
	Thread Wait Time:       0.008 ms
	Total Operation Time:   394.004 ms
RIS Controller Started
UnityEngine.Debug:ExtractStackTraceNoAlloc (byte*,int,string)
UnityEngine.StackTraceUtility:ExtractStackTrace ()
UnityEngine.DebugLogHandler:Internal_Log (UnityEngine.LogType,UnityEngine.LogOption,string,UnityEngine.Object)
UnityEngine.DebugLogHandler:LogFormat (UnityEngine.LogType,UnityEngine.Object,string,object[])
UnityEngine.Logger:Log (UnityEngine.LogType,object)
UnityEngine.Debug:Log (object)
RISController:Start () (at Assets/Scripts/RISController.cs:15)

(Filename: Assets/Scripts/RISController.cs Line: 15)

Number of RIS Elements: 16
UnityEngine.Debug:ExtractStackTraceNoAlloc (byte*,int,string)
UnityEngine.StackTraceUtility:ExtractStackTrace ()
UnityEngine.DebugLogHandler:Internal_Log (UnityEngine.LogType,UnityEngine.LogOption,string,UnityEngine.Object)
UnityEngine.DebugLogHandler:LogFormat (UnityEngine.LogType,UnityEngine.Object,string,object[])
UnityEngine.Logger:Log (UnityEngine.LogType,object)
UnityEngine.Debug:Log (object)
RISController:Start () (at Assets/Scripts/RISController.cs:16)

(Filename: Assets/Scripts/RISController.cs Line: 16)

RIS Phase System Ready
UnityEngine.Debug:ExtractStackTraceNoAlloc (byte*,int,string)
UnityEngine.StackTraceUtility:ExtractStackTrace ()
UnityEngine.DebugLogHandler:Internal_Log (UnityEngine.LogType,UnityEngine.LogOption,string,UnityEngine.Object)
UnityEngine.DebugLogHandler:LogFormat (UnityEngine.LogType,UnityEngine.Object,string,object[])
UnityEngine.Logger:Log (UnityEngine.LogType,object)
UnityEngine.Debug:Log (object)
RISController:Start () (at Assets/Scripts/RISController.cs:33)

(Filename: Assets/Scripts/RISController.cs Line: 33)

Element 1 Phase = 90°
UnityEngine.Debug:ExtractStackTraceNoAlloc (byte*,int,string)
UnityEngine.StackTraceUtility:ExtractStackTrace ()
UnityEngine.DebugLogHandler:Internal_Log (UnityEngine.LogType,UnityEngine.LogOption,string,UnityEngine.Object)
UnityEngine.DebugLogHandler:LogFormat (UnityEngine.LogType,UnityEngine.Object,string,object[])
UnityEngine.Logger:Log (UnityEngine.LogType,object)
UnityEngine.Debug:Log (object)
RISController:SetPhase (int,single) (at Assets/Scripts/RISController.cs:66)
RISController:Start () (at Assets/Scripts/RISController.cs:34)

(Filename: Assets/Scripts/RISController.cs Line: 66)

Element 1 Phase = 0°
UnityEngine.Debug:ExtractStackTraceNoAlloc (byte*,int,string)
UnityEngine.StackTraceUtility:ExtractStackTrace ()
UnityEngine.DebugLogHandler:Internal_Log (UnityEngine.LogType,UnityEngine.LogOption,string,UnityEngine.Object)
UnityEngine.DebugLogHandler:LogFormat (UnityEngine.LogType,UnityEngine.Object,string,object[])
UnityEngine.Logger:Log (UnityEngine.LogType,object)
UnityEngine.Debug:Log (object)
RISController:SetPhase (int,single) (at Assets/Scripts/RISController.cs:66)
RISController:SetAllPhases (single[]) (at Assets/Scripts/RISController.cs:78)
RISController:Start () (at Assets/Scripts/RISController.cs:43)

(Filename: Assets/Scripts/RISController.cs Line: 66)

Element 2 Phase = 30°
UnityEngine.Debug:ExtractStackTraceNoAlloc (byte*,int,string)
UnityEngine.StackTraceUtility:ExtractStackTrace ()
UnityEngine.DebugLogHandler:Internal_Log (UnityEngine.LogType,UnityEngine.LogOption,string,UnityEngine.Object)
UnityEngine.DebugLogHandler:LogFormat (UnityEngine.LogType,UnityEngine.Object,string,object[])
UnityEngine.Logger:Log (UnityEngine.LogType,object)
UnityEngine.Debug:Log (object)
RISController:SetPhase (int,single) (at Assets/Scripts/RISController.cs:66)
RISController:SetAllPhases (single[]) (at Assets/Scripts/RISController.cs:78)
RISController:Start () (at Assets/Scripts/RISController.cs:43)

(Filename: Assets/Scripts/RISController.cs Line: 66)

Element 3 Phase = 60°
UnityEngine.Debug:ExtractStackTraceNoAlloc (byte*,int,string)
UnityEngine.StackTraceUtility:ExtractStackTrace ()
UnityEngine.DebugLogHandler:Internal_Log (UnityEngine.LogType,UnityEngine.LogOption,string,UnityEngine.Object)
UnityEngine.DebugLogHandler:LogFormat (UnityEngine.LogType,UnityEngine.Object,string,object[])
UnityEngine.Logger:Log (UnityEngine.LogType,object)
UnityEngine.Debug:Log (object)
RISController:SetPhase (int,single) (at Assets/Scripts/RISController.cs:66)
RISController:SetAllPhases (single[]) (at Assets/Scripts/RISController.cs:78)
RISController:Start () (at Assets/Scripts/RISController.cs:43)

(Filename: Assets/Scripts/RISController.cs Line: 66)

Element 4 Phase = 90°
UnityEngine.Debug:ExtractStackTraceNoAlloc (byte*,int,string)
UnityEngine.StackTraceUtility:ExtractStackTrace ()
UnityEngine.DebugLogHandler:Internal_Log (UnityEngine.LogType,UnityEngine.LogOption,string,UnityEngine.Object)
UnityEngine.DebugLogHandler:LogFormat (UnityEngine.LogType,UnityEngine.Object,string,object[])
UnityEngine.Logger:Log (UnityEngine.LogType,object)
UnityEngine.Debug:Log (object)
RISController:SetPhase (int,single) (at Assets/Scripts/RISController.cs:66)
RISController:SetAllPhases (single[]) (at Assets/Scripts/RISController.cs:78)
RISController:Start () (at Assets/Scripts/RISController.cs:43)

(Filename: Assets/Scripts/RISController.cs Line: 66)

Element 5 Phase = 30°
UnityEngine.Debug:ExtractStackTraceNoAlloc (byte*,int,string)
UnityEngine.StackTraceUtility:ExtractStackTrace ()
UnityEngine.DebugLogHandler:Internal_Log (UnityEngine.LogType,UnityEngine.LogOption,string,UnityEngine.Object)
UnityEngine.DebugLogHandler:LogFormat (UnityEngine.LogType,UnityEngine.Object,string,object[])
UnityEngine.Logger:Log (UnityEngine.LogType,object)
UnityEngine.Debug:Log (object)
RISController:SetPhase (int,single) (at Assets/Scripts/RISController.cs:66)
RISController:SetAllPhases (single[]) (at Assets/Scripts/RISController.cs:78)
RISController:Start () (at Assets/Scripts/RISController.cs:43)

(Filename: Assets/Scripts/RISController.cs Line: 66)

Element 6 Phase = 60°
UnityEngine.Debug:ExtractStackTraceNoAlloc (byte*,int,string)
UnityEngine.StackTraceUtility:ExtractStackTrace ()
UnityEngine.DebugLogHandler:Internal_Log (UnityEngine.LogType,UnityEngine.LogOption,string,UnityEngine.Object)
UnityEngine.DebugLogHandler:LogFormat (UnityEngine.LogType,UnityEngine.Object,string,object[])
UnityEngine.Logger:Log (UnityEngine.LogType,object)
UnityEngine.Debug:Log (object)
RISController:SetPhase (int,single) (at Assets/Scripts/RISController.cs:66)
RISController:SetAllPhases (single[]) (at Assets/Scripts/RISController.cs:78)
RISController:Start () (at Assets/Scripts/RISController.cs:43)

(Filename: Assets/Scripts/RISController.cs Line: 66)

Element 7 Phase = 90°
UnityEngine.Debug:ExtractStackTraceNoAlloc (byte*,int,string)
UnityEngine.StackTraceUtility:ExtractStackTrace ()
UnityEngine.DebugLogHandler:Internal_Log (UnityEngine.LogType,UnityEngine.LogOption,string,UnityEngine.Object)
UnityEngine.DebugLogHandler:LogFormat (UnityEngine.LogType,UnityEngine.Object,string,object[])
UnityEngine.Logger:Log (UnityEngine.LogType,object)
UnityEngine.Debug:Log (object)
RISController:SetPhase (int,single) (at Assets/Scripts/RISController.cs:66)
RISController:SetAllPhases (single[]) (at Assets/Scripts/RISController.cs:78)
RISController:Start () (at Assets/Scripts/RISController.cs:43)

(Filename: Assets/Scripts/RISController.cs Line: 66)

Element 8 Phase = 120°
UnityEngine.Debug:ExtractStackTraceNoAlloc (byte*,int,string)
UnityEngine.StackTraceUtility:ExtractStackTrace ()
UnityEngine.DebugLogHandler:Internal_Log (UnityEngine.LogType,UnityEngine.LogOption,string,UnityEngine.Object)
UnityEngine.DebugLogHandler:LogFormat (UnityEngine.LogType,UnityEngine.Object,string,object[])
UnityEngine.Logger:Log (UnityEngine.LogType,object)
UnityEngine.Debug:Log (object)
RISController:SetPhase (int,single) (at Assets/Scripts/RISController.cs:66)
RISController:SetAllPhases (single[]) (at Assets/Scripts/RISController.cs:78)
RISController:Start () (at Assets/Scripts/RISController.cs:43)

(Filename: Assets/Scripts/RISController.cs Line: 66)

Element 9 Phase = 60°
UnityEngine.Debug:ExtractStackTraceNoAlloc (byte*,int,string)
UnityEngine.StackTraceUtility:ExtractStackTrace ()
UnityEngine.DebugLogHandler:Internal_Log (UnityEngine.LogType,UnityEngine.LogOption,string,UnityEngine.Object)
UnityEngine.DebugLogHandler:LogFormat (UnityEngine.LogType,UnityEngine.Object,string,object[])
UnityEngine.Logger:Log (UnityEngine.LogType,object)
UnityEngine.Debug:Log (object)
RISController:SetPhase (int,single) (at Assets/Scripts/RISController.cs:66)
RISController:SetAllPhases (single[]) (at Assets/Scripts/RISController.cs:78)
RISController:Start () (at Assets/Scripts/RISController.cs:43)

(Filename: Assets/Scripts/RISController.cs Line: 66)

Element 10 Phase = 90°
UnityEngine.Debug:ExtractStackTraceNoAlloc (byte*,int,string)
UnityEngine.StackTraceUtility:ExtractStackTrace ()
UnityEngine.DebugLogHandler:Internal_Log (UnityEngine.LogType,UnityEngine.LogOption,string,UnityEngine.Object)
UnityEngine.DebugLogHandler:LogFormat (UnityEngine.LogType,UnityEngine.Object,string,object[])
UnityEngine.Logger:Log (UnityEngine.LogType,object)
UnityEngine.Debug:Log (object)
RISController:SetPhase (int,single) (at Assets/Scripts/RISController.cs:66)
RISController:SetAllPhases (single[]) (at Assets/Scripts/RISController.cs:78)
RISController:Start () (at Assets/Scripts/RISController.cs:43)

(Filename: Assets/Scripts/RISController.cs Line: 66)

Element 11 Phase = 120°
UnityEngine.Debug:ExtractStackTraceNoAlloc (byte*,int,string)
UnityEngine.StackTraceUtility:ExtractStackTrace ()
UnityEngine.DebugLogHandler:Internal_Log (UnityEngine.LogType,UnityEngine.LogOption,string,UnityEngine.Object)
UnityEngine.DebugLogHandler:LogFormat (UnityEngine.LogType,UnityEngine.Object,string,object[])
UnityEngine.Logger:Log (UnityEngine.LogType,object)
UnityEngine.Debug:Log (object)
RISController:SetPhase (int,single) (at Assets/Scripts/RISController.cs:66)
RISController:SetAllPhases (single[]) (at Assets/Scripts/RISController.cs:78)
RISController:Start () (at Assets/Scripts/RISController.cs:43)

(Filename: Assets/Scripts/RISController.cs Line: 66)

Element 12 Phase = 150°
UnityEngine.Debug:ExtractStackTraceNoAlloc (byte*,int,string)
UnityEngine.StackTraceUtility:ExtractStackTrace ()
UnityEngine.DebugLogHandler:Internal_Log (UnityEngine.LogType,UnityEngine.LogOption,string,UnityEngine.Object)
UnityEngine.DebugLogHandler:LogFormat (UnityEngine.LogType,UnityEngine.Object,string,object[])
UnityEngine.Logger:Log (UnityEngine.LogType,object)
UnityEngine.Debug:Log (object)
RISController:SetPhase (int,single) (at Assets/Scripts/RISController.cs:66)
RISController:SetAllPhases (single[]) (at Assets/Scripts/RISController.cs:78)
RISController:Start () (at Assets/Scripts/RISController.cs:43)

(Filename: Assets/Scripts/RISController.cs Line: 66)

Element 13 Phase = 90°
UnityEngine.Debug:ExtractStackTraceNoAlloc (byte*,int,string)
UnityEngine.StackTraceUtility:ExtractStackTrace ()
UnityEngine.DebugLogHandler:Internal_Log (UnityEngine.LogType,UnityEngine.LogOption,string,UnityEngine.Object)
UnityEngine.DebugLogHandler:LogFormat (UnityEngine.LogType,UnityEngine.Object,string,object[])
UnityEngine.Logger:Log (UnityEngine.LogType,object)
UnityEngine.Debug:Log (object)
RISController:SetPhase (int,single) (at Assets/Scripts/RISController.cs:66)
RISController:SetAllPhases (single[]) (at Assets/Scripts/RISController.cs:78)
RISController:Start () (at Assets/Scripts/RISController.cs:43)

(Filename: Assets/Scripts/RISController.cs Line: 66)

Element 14 Phase = 120°
UnityEngine.Debug:ExtractStackTraceNoAlloc (byte*,int,string)
UnityEngine.StackTraceUtility:ExtractStackTrace ()
UnityEngine.DebugLogHandler:Internal_Log (UnityEngine.LogType,UnityEngine.LogOption,string,UnityEngine.Object)
UnityEngine.DebugLogHandler:LogFormat (UnityEngine.LogType,UnityEngine.Object,string,object[])
UnityEngine.Logger:Log (UnityEngine.LogType,object)
UnityEngine.Debug:Log (object)
RISController:SetPhase (int,single) (at Assets/Scripts/RISController.cs:66)
RISController:SetAllPhases (single[]) (at Assets/Scripts/RISController.cs:78)
RISController:Start () (at Assets/Scripts/RISController.cs:43)

(Filename: Assets/Scripts/RISController.cs Line: 66)

Element 15 Phase = 150°
UnityEngine.Debug:ExtractStackTraceNoAlloc (byte*,int,string)
UnityEngine.StackTraceUtility:ExtractStackTrace ()
UnityEngine.DebugLogHandler:Internal_Log (UnityEngine.LogType,UnityEngine.LogOption,string,UnityEngine.Object)
UnityEngine.DebugLogHandler:LogFormat (UnityEngine.LogType,UnityEngine.Object,string,object[])
UnityEngine.Logger:Log (UnityEngine.LogType,object)
UnityEngine.Debug:Log (object)
RISController:SetPhase (int,single) (at Assets/Scripts/RISController.cs:66)
RISController:SetAllPhases (single[]) (at Assets/Scripts/RISController.cs:78)
RISController:Start () (at Assets/Scripts/RISController.cs:43)

(Filename: Assets/Scripts/RISController.cs Line: 66)

Element 16 Phase = 180°
UnityEngine.Debug:ExtractStackTraceNoAlloc (byte*,int,string)
UnityEngine.StackTraceUtility:ExtractStackTrace ()
UnityEngine.DebugLogHandler:Internal_Log (UnityEngine.LogType,UnityEngine.LogOption,string,UnityEngine.Object)
UnityEngine.DebugLogHandler:LogFormat (UnityEngine.LogType,UnityEngine.Object,string,object[])
UnityEngine.Logger:Log (UnityEngine.LogType,object)
UnityEngine.Debug:Log (object)
RISController:SetPhase (int,single) (at Assets/Scripts/RISController.cs:66)
RISController:SetAllPhases (single[]) (at Assets/Scripts/RISController.cs:78)
RISController:Start () (at Assets/Scripts/RISController.cs:43)

(Filename: Assets/Scripts/RISController.cs Line: 66)

RIS configuration updated successfully.
UnityEngine.Debug:ExtractStackTraceNoAlloc (byte*,int,string)
UnityEngine.StackTraceUtility:ExtractStackTrace ()
UnityEngine.DebugLogHandler:Internal_Log (UnityEngine.LogType,UnityEngine.LogOption,string,UnityEngine.Object)
UnityEngine.DebugLogHandler:LogFormat (UnityEngine.LogType,UnityEngine.Object,string,object[])
UnityEngine.Logger:Log (UnityEngine.LogType,object)
UnityEngine.Debug:Log (object)
RISController:SetAllPhases (single[]) (at Assets/Scripts/RISController.cs:81)
RISController:Start () (at Assets/Scripts/RISController.cs:43)

(Filename: Assets/Scripts/RISController.cs Line: 81)

[Licensing::Client] Successfully resolved entitlement details
[Licensing::Client] Successfully resolved entitlement details
[Licensing::Client] Successfully resolved entitlement details
Asset Pipeline Refresh (id=11cebb93bf16c6145b7e0f06615f9f97): Total: 0.014 seconds - Initiated by RefreshV2(NoUpdateAssetOptions)
Asset Pipeline Refresh (id=fec620116ce1723469243ba9fdad273b): Total: 0.005 seconds - Initiated by RefreshV2(NoUpdateAssetOptions)
Unloading 0 Unused Serialized files (Serialized files now loaded: 0)
Loaded scene 'Temp/__Backupscenes/0.backup'
	Deserialize:            1.565 ms
	Integration:            263.650 ms
	Integration of assets:  0.003 ms
	Thread Wait Time:       0.021 ms
	Total Operation Time:   265.239 ms
Unloading 13 unused Assets / (292.8 KB). Loaded Objects now: 8885.
Memory consumption went from 0.77 GB to 0.77 GB.
Total: 18.528300 ms (FindLiveObjects: 0.602800 ms CreateObjectMapping: 1.081000 ms MarkObjects: 16.699600 ms  DeleteObjects: 0.142900 ms)

[Licensing::Client] Successfully resolved entitlement details
Asset Pipeline Refresh (id=493cb5bcdfbc0a244a9e2c8d947185a8): Total: 0.008 seconds - Initiated by RefreshV2(AllowForceSynchronousImport)
[Licensing::Client] Successfully resolved entitlement details
Asset Pipeline Refresh (id=88d8467578927ad4f8a03ce396432c25): Total: 0.006 seconds - Initiated by RefreshV2(AllowForceSynchronousImport)
Asset Pipeline Refresh (id=8f2541bcf5374ea44bbfea3361835dc3): Total: 0.005 seconds - Initiated by RefreshV2(AllowForceSynchronousImport)
Asset Pipeline Refresh (id=730375d7d9327d74f8fe0d6f195c52d5): Total: 0.004 seconds - Initiated by RefreshV2(AllowForceSynchronousImport)
Asset Pipeline Refresh (id=04d8e1a300381a54b978dc0bf612f843): Total: 0.006 seconds - Initiated by RefreshV2(AllowForceSynchronousImport)
Asset Pipeline Refresh (id=69b685bbd28db6a4bae667e49be4e88b): Total: 0.005 seconds - Initiated by RefreshV2(AllowForceSynchronousImport)
Asset Pipeline Refresh (id=8500d6450b2f38142b3d060860279d5b): Total: 0.004 seconds - Initiated by RefreshV2(AllowForceSynchronousImport)
Reloading assemblies for play mode.
Reloading assemblies after forced synchronous recompile.
[Licensing::Client] Successfully resolved entitlement details
Begin MonoManager ReloadAssembly
Native extension for WindowsStandalone target not found
Native extension for WebGL target not found
ScheduleIndexationOnStartup MainProcess:True IndexOnStartup:True
[MODES] ModeService[none].Initialize
[MODES] ModeService[none].LoadModes
Mono: successfully reloaded assembly
- Finished resetting the current domain, in  2.894 seconds
Domain Reload Profiling: 4328ms
	BeginReloadAssembly (1063ms)
		DisableScriptedObjects (129ms)
		CreateAndSetChildDomain (652ms)
	RebuildCommonClasses (18ms)
	RebuildNativeTypeToScriptingClass (22ms)
	initialDomainReloadingComplete (79ms)
	LoadAllAssembliesAndSetupDomain (250ms)
		LoadAssemblies (191ms)
		AnalyzeDomain (52ms)
			TypeCache.Refresh (8ms)
			ResolveRequiredComponents (38ms)
	FinalizeReload (2896ms)
		SetupLoadedEditorAssemblies (0ms)
			InitializePlatformSupportModulesInManaged (5ms)
			BeforeProcessingInitializeOnLoad (133ms)
			ProcessInitializeOnLoadAttributes (643ms)
			ProcessInitializeOnLoadMethodAttributes (206ms)
			AfterProcessingInitializeOnLoad (9ms)
		AwakeInstancesAfterBackupRestoration (1029ms)

Asset Pipeline Refresh (id=75054e5dae2a4314383e73f3e56d1efd): Total: 4.620 seconds - Initiated by StopAssetImportingV2(ForceSynchronousImport | ForceDomainReload)
	(Values over 0.05ms)
	Summary:
		Imports: total=0 (actual=0, local cache=0, cache server=0)
		Asset DB Process Time: managed=0 ms, native=3071 ms
		Asset DB Callback time: managed=44 ms, native=1 ms
		Scripting: domain reloads=1, domain reload time=1501 ms, compile time=2 ms, other=0 ms
		Project Asset Count: scripts=1362, non-scripts=2318
		Asset File Changes: new=0, changed=0, moved=0, deleted=0
		Scan Filter Count: 0
	InvokePackagesCallback: 2.778ms
	ApplyChangesToAssetFolders: 0.484ms
	Collect global state as custom dependencies: 4.285ms
	ProcessAssetsWithTransientArtifactChanges: 0.338ms
	CategorizeAssets: 60.599ms
	CompileScripts: 1.764ms
	ImportOutOfDateAssets: 2958.939ms (2914.763ms without children)
		CollectScriptTypesHashes: 1.077ms
		ReloadNativeAssets: 1.350ms
		UnloadImportedAssets: 0.440ms
		EnsureUptoDateAssetsAreRegisteredWithGuidPM: 0.909ms
		ImportSchedulerStart: 41.443ms
	PostProcessAllAssets: 44.009ms
		MonoPostProcessAllAssets: 44.003ms
			UniversalRenderPipelineGlobalSettingsPostprocessor.OnPostprocessAllAssets 13.216ms
			BuilderAssetPostprocessor.OnPostprocessAllAssets 9.485ms
			AssetChangedListener.OnPostprocessAllAssets 7.994ms
			AssetPostprocessor.OnPostprocessAllAssets 6.883ms
			SyncVS.PostprocessSyncProject 3.478ms
			SpeedTree9Postprocessor.OnPostprocessAllAssets 2.878ms
			WindowAssetPostprocessingWatcher.OnPostprocessAllAssets 2.284ms
			ShaderGraphAssetPostProcessor.OnPostprocessAllAssets 1.967ms
			RetainedModeAssetPostprocessor.OnPostprocessAllAssets 1.939ms
			RenderPipelineGlobalSettingsPostprocessor.OnPostprocessAllAssets 1.096ms
			ProjectSettingsPostprocessor.OnPostprocessAllAssets 0.957ms
			ArtifactBrowserPostProcessor.OnPostprocessAllAssets 0.855ms
			TMPro_TexturePostProcessor.OnPostprocessAllAssets 0.770ms
			InputActionAssetPostprocessor.OnPostprocessAllAssets 0.670ms
			MaterialPostprocessor.OnPostprocessAllAssets 0.573ms
			AudioMixerPostprocessor.OnPostprocessAllAssets 0.553ms
			UVCSAssetPostprocessor.OnPostprocessAllAssets 0.530ms
			TextAssetPostProcessor.OnPostprocessAllAssets 0.437ms
			ShaderReflectionAssetPostProcessor.OnPostprocessAllAssets 0.422ms
			SampleDependencyImporterPostProcessor.OnPostprocessAllAssets 0.413ms
			ReferencedClipsPostProcessor.OnPostprocessAllAssets 0.386ms
			EditModeScopePostprocessor.OnPostprocessAllAssets 0.374ms
			AssetEvents.OnPostprocessAllAssets 0.362ms
			StyleCatalogPostProcessor.OnPostprocessAllAssets 0.345ms
			InputActionJsonNameModifierAssetProcessor.OnPostprocessAllAssets 0.337ms
			PostProcessor.OnPostprocessAllAssets 0.302ms
			AssetDatabaseCallbacks.OnPostprocessAllAssets 0.245ms
			TerrainToolbarOverlayPostProcessor.OnPostprocessAllAssets 0.241ms
			ConfigAssetsTracker.OnPostprocessAllAssets 0.241ms
			SpeedTreePostProcessor.OnPostprocessAllAssets 0.218ms
			AssetReloadNotifier.OnPostprocessAllAssets 0.217ms
			ScenarioDriftAssetsTracker.OnPostprocessAllAssets 0.194ms
			SamplePostprocessor.OnPostprocessAllAssets 0.178ms
			AudioContainerPostProcessor.OnPostprocessAllAssets 0.114ms
	GatherAllCurrentPrimaryImportResultRevisions: 0.178ms
	PersistCurrentRevisions: 0.130ms
	GenerateScriptTypeHashes: 3.025ms
	GenerateScriptTypeSerializationHashes: 5.040ms
	Untracked: 1541.933ms

Loaded scene 'Temp/__Backupscenes/0.backup'
	Deserialize:            1.987 ms
	Integration:            405.721 ms
	Integration of assets:  0.004 ms
	Thread Wait Time:       0.011 ms
	Total Operation Time:   407.723 ms
RIS Controller Started
UnityEngine.Debug:ExtractStackTraceNoAlloc (byte*,int,string)
UnityEngine.StackTraceUtility:ExtractStackTrace ()
UnityEngine.DebugLogHandler:Internal_Log (UnityEngine.LogType,UnityEngine.LogOption,string,UnityEngine.Object)
UnityEngine.DebugLogHandler:LogFormat (UnityEngine.LogType,UnityEngine.Object,string,object[])
UnityEngine.Logger:Log (UnityEngine.LogType,object)
UnityEngine.Debug:Log (object)
RISController:Start () (at Assets/Scripts/RISController.cs:15)

(Filename: Assets/Scripts/RISController.cs Line: 15)

Number of RIS Elements: 16
UnityEngine.Debug:ExtractStackTraceNoAlloc (byte*,int,string)
UnityEngine.StackTraceUtility:ExtractStackTrace ()
UnityEngine.DebugLogHandler:Internal_Log (UnityEngine.LogType,UnityEngine.LogOption,string,UnityEngine.Object)
UnityEngine.DebugLogHandler:LogFormat (UnityEngine.LogType,UnityEngine.Object,string,object[])
UnityEngine.Logger:Log (UnityEngine.LogType,object)
UnityEngine.Debug:Log (object)
RISController:Start () (at Assets/Scripts/RISController.cs:16)

(Filename: Assets/Scripts/RISController.cs Line: 16)

RIS Phase System Ready
UnityEngine.Debug:ExtractStackTraceNoAlloc (byte*,int,string)
UnityEngine.StackTraceUtility:ExtractStackTrace ()
UnityEngine.DebugLogHandler:Internal_Log (UnityEngine.LogType,UnityEngine.LogOption,string,UnityEngine.Object)
UnityEngine.DebugLogHandler:LogFormat (UnityEngine.LogType,UnityEngine.Object,string,object[])
UnityEngine.Logger:Log (UnityEngine.LogType,object)
UnityEngine.Debug:Log (object)
RISController:Start () (at Assets/Scripts/RISController.cs:33)

(Filename: Assets/Scripts/RISController.cs Line: 33)

Element 1 Phase = 90°
UnityEngine.Debug:ExtractStackTraceNoAlloc (byte*,int,string)
UnityEngine.StackTraceUtility:ExtractStackTrace ()
UnityEngine.DebugLogHandler:Internal_Log (UnityEngine.LogType,UnityEngine.LogOption,string,UnityEngine.Object)
UnityEngine.DebugLogHandler:LogFormat (UnityEngine.LogType,UnityEngine.Object,string,object[])
UnityEngine.Logger:Log (UnityEngine.LogType,object)
UnityEngine.Debug:Log (object)
RISController:SetPhase (int,single) (at Assets/Scripts/RISController.cs:66)
RISController:Start () (at Assets/Scripts/RISController.cs:34)

(Filename: Assets/Scripts/RISController.cs Line: 66)

Element 1 Phase = 0°
UnityEngine.Debug:ExtractStackTraceNoAlloc (byte*,int,string)
UnityEngine.StackTraceUtility:ExtractStackTrace ()
UnityEngine.DebugLogHandler:Internal_Log (UnityEngine.LogType,UnityEngine.LogOption,string,UnityEngine.Object)
UnityEngine.DebugLogHandler:LogFormat (UnityEngine.LogType,UnityEngine.Object,string,object[])
UnityEngine.Logger:Log (UnityEngine.LogType,object)
UnityEngine.Debug:Log (object)
RISController:SetPhase (int,single) (at Assets/Scripts/RISController.cs:66)
RISController:SetAllPhases (single[]) (at Assets/Scripts/RISController.cs:78)
RISController:Start () (at Assets/Scripts/RISController.cs:43)

(Filename: Assets/Scripts/RISController.cs Line: 66)

Element 2 Phase = 30°
UnityEngine.Debug:ExtractStackTraceNoAlloc (byte*,int,string)
UnityEngine.StackTraceUtility:ExtractStackTrace ()
UnityEngine.DebugLogHandler:Internal_Log (UnityEngine.LogType,UnityEngine.LogOption,string,UnityEngine.Object)
UnityEngine.DebugLogHandler:LogFormat (UnityEngine.LogType,UnityEngine.Object,string,object[])
UnityEngine.Logger:Log (UnityEngine.LogType,object)
UnityEngine.Debug:Log (object)
RISController:SetPhase (int,single) (at Assets/Scripts/RISController.cs:66)
RISController:SetAllPhases (single[]) (at Assets/Scripts/RISController.cs:78)
RISController:Start () (at Assets/Scripts/RISController.cs:43)

(Filename: Assets/Scripts/RISController.cs Line: 66)

Element 3 Phase = 60°
UnityEngine.Debug:ExtractStackTraceNoAlloc (byte*,int,string)
UnityEngine.StackTraceUtility:ExtractStackTrace ()
UnityEngine.DebugLogHandler:Internal_Log (UnityEngine.LogType,UnityEngine.LogOption,string,UnityEngine.Object)
UnityEngine.DebugLogHandler:LogFormat (UnityEngine.LogType,UnityEngine.Object,string,object[])
UnityEngine.Logger:Log (UnityEngine.LogType,object)
UnityEngine.Debug:Log (object)
RISController:SetPhase (int,single) (at Assets/Scripts/RISController.cs:66)
RISController:SetAllPhases (single[]) (at Assets/Scripts/RISController.cs:78)
RISController:Start () (at Assets/Scripts/RISController.cs:43)

(Filename: Assets/Scripts/RISController.cs Line: 66)

Element 4 Phase = 90°
UnityEngine.Debug:ExtractStackTraceNoAlloc (byte*,int,string)
UnityEngine.StackTraceUtility:ExtractStackTrace ()
UnityEngine.DebugLogHandler:Internal_Log (UnityEngine.LogType,UnityEngine.LogOption,string,UnityEngine.Object)
UnityEngine.DebugLogHandler:LogFormat (UnityEngine.LogType,UnityEngine.Object,string,object[])
UnityEngine.Logger:Log (UnityEngine.LogType,object)
UnityEngine.Debug:Log (object)
RISController:SetPhase (int,single) (at Assets/Scripts/RISController.cs:66)
RISController:SetAllPhases (single[]) (at Assets/Scripts/RISController.cs:78)
RISController:Start () (at Assets/Scripts/RISController.cs:43)

(Filename: Assets/Scripts/RISController.cs Line: 66)

Element 5 Phase = 30°
UnityEngine.Debug:ExtractStackTraceNoAlloc (byte*,int,string)
UnityEngine.StackTraceUtility:ExtractStackTrace ()
UnityEngine.DebugLogHandler:Internal_Log (UnityEngine.LogType,UnityEngine.LogOption,string,UnityEngine.Object)
UnityEngine.DebugLogHandler:LogFormat (UnityEngine.LogType,UnityEngine.Object,string,object[])
UnityEngine.Logger:Log (UnityEngine.LogType,object)
UnityEngine.Debug:Log (object)
RISController:SetPhase (int,single) (at Assets/Scripts/RISController.cs:66)
RISController:SetAllPhases (single[]) (at Assets/Scripts/RISController.cs:78)
RISController:Start () (at Assets/Scripts/RISController.cs:43)

(Filename: Assets/Scripts/RISController.cs Line: 66)

Element 6 Phase = 60°
UnityEngine.Debug:ExtractStackTraceNoAlloc (byte*,int,string)
UnityEngine.StackTraceUtility:ExtractStackTrace ()
UnityEngine.DebugLogHandler:Internal_Log (UnityEngine.LogType,UnityEngine.LogOption,string,UnityEngine.Object)
UnityEngine.DebugLogHandler:LogFormat (UnityEngine.LogType,UnityEngine.Object,string,object[])
UnityEngine.Logger:Log (UnityEngine.LogType,object)
UnityEngine.Debug:Log (object)
RISController:SetPhase (int,single) (at Assets/Scripts/RISController.cs:66)
RISController:SetAllPhases (single[]) (at Assets/Scripts/RISController.cs:78)
RISController:Start () (at Assets/Scripts/RISController.cs:43)

(Filename: Assets/Scripts/RISController.cs Line: 66)

Element 7 Phase = 90°
UnityEngine.Debug:ExtractStackTraceNoAlloc (byte*,int,string)
UnityEngine.StackTraceUtility:ExtractStackTrace ()
UnityEngine.DebugLogHandler:Internal_Log (UnityEngine.LogType,UnityEngine.LogOption,string,UnityEngine.Object)
UnityEngine.DebugLogHandler:LogFormat (UnityEngine.LogType,UnityEngine.Object,string,object[])
UnityEngine.Logger:Log (UnityEngine.LogType,object)
UnityEngine.Debug:Log (object)
RISController:SetPhase (int,single) (at Assets/Scripts/RISController.cs:66)
RISController:SetAllPhases (single[]) (at Assets/Scripts/RISController.cs:78)
RISController:Start () (at Assets/Scripts/RISController.cs:43)

(Filename: Assets/Scripts/RISController.cs Line: 66)

Element 8 Phase = 120°
UnityEngine.Debug:ExtractStackTraceNoAlloc (byte*,int,string)
UnityEngine.StackTraceUtility:ExtractStackTrace ()
UnityEngine.DebugLogHandler:Internal_Log (UnityEngine.LogType,UnityEngine.LogOption,string,UnityEngine.Object)
UnityEngine.DebugLogHandler:LogFormat (UnityEngine.LogType,UnityEngine.Object,string,object[])
UnityEngine.Logger:Log (UnityEngine.LogType,object)
UnityEngine.Debug:Log (object)
RISController:SetPhase (int,single) (at Assets/Scripts/RISController.cs:66)
RISController:SetAllPhases (single[]) (at Assets/Scripts/RISController.cs:78)
RISController:Start () (at Assets/Scripts/RISController.cs:43)

(Filename: Assets/Scripts/RISController.cs Line: 66)

Element 9 Phase = 60°
UnityEngine.Debug:ExtractStackTraceNoAlloc (byte*,int,string)
UnityEngine.StackTraceUtility:ExtractStackTrace ()
UnityEngine.DebugLogHandler:Internal_Log (UnityEngine.LogType,UnityEngine.LogOption,string,UnityEngine.Object)
UnityEngine.DebugLogHandler:LogFormat (UnityEngine.LogType,UnityEngine.Object,string,object[])
UnityEngine.Logger:Log (UnityEngine.LogType,object)
UnityEngine.Debug:Log (object)
RISController:SetPhase (int,single) (at Assets/Scripts/RISController.cs:66)
RISController:SetAllPhases (single[]) (at Assets/Scripts/RISController.cs:78)
RISController:Start () (at Assets/Scripts/RISController.cs:43)

(Filename: Assets/Scripts/RISController.cs Line: 66)

Element 10 Phase = 90°
UnityEngine.Debug:ExtractStackTraceNoAlloc (byte*,int,string)
UnityEngine.StackTraceUtility:ExtractStackTrace ()
UnityEngine.DebugLogHandler:Internal_Log (UnityEngine.LogType,UnityEngine.LogOption,string,UnityEngine.Object)
UnityEngine.DebugLogHandler:LogFormat (UnityEngine.LogType,UnityEngine.Object,string,object[])
UnityEngine.Logger:Log (UnityEngine.LogType,object)
UnityEngine.Debug:Log (object)
RISController:SetPhase (int,single) (at Assets/Scripts/RISController.cs:66)
RISController:SetAllPhases (single[]) (at Assets/Scripts/RISController.cs:78)
RISController:Start () (at Assets/Scripts/RISController.cs:43)

(Filename: Assets/Scripts/RISController.cs Line: 66)

Element 11 Phase = 120°
UnityEngine.Debug:ExtractStackTraceNoAlloc (byte*,int,string)
UnityEngine.StackTraceUtility:ExtractStackTrace ()
UnityEngine.DebugLogHandler:Internal_Log (UnityEngine.LogType,UnityEngine.LogOption,string,UnityEngine.Object)
UnityEngine.DebugLogHandler:LogFormat (UnityEngine.LogType,UnityEngine.Object,string,object[])
UnityEngine.Logger:Log (UnityEngine.LogType,object)
UnityEngine.Debug:Log (object)
RISController:SetPhase (int,single) (at Assets/Scripts/RISController.cs:66)
RISController:SetAllPhases (single[]) (at Assets/Scripts/RISController.cs:78)
RISController:Start () (at Assets/Scripts/RISController.cs:43)

(Filename: Assets/Scripts/RISController.cs Line: 66)

Element 12 Phase = 150°
UnityEngine.Debug:ExtractStackTraceNoAlloc (byte*,int,string)
UnityEngine.StackTraceUtility:ExtractStackTrace ()
UnityEngine.DebugLogHandler:Internal_Log (UnityEngine.LogType,UnityEngine.LogOption,string,UnityEngine.Object)
UnityEngine.DebugLogHandler:LogFormat (UnityEngine.LogType,UnityEngine.Object,string,object[])
UnityEngine.Logger:Log (UnityEngine.LogType,object)
UnityEngine.Debug:Log (object)
RISController:SetPhase (int,single) (at Assets/Scripts/RISController.cs:66)
RISController:SetAllPhases (single[]) (at Assets/Scripts/RISController.cs:78)
RISController:Start () (at Assets/Scripts/RISController.cs:43)

(Filename: Assets/Scripts/RISController.cs Line: 66)

Element 13 Phase = 90°
UnityEngine.Debug:ExtractStackTraceNoAlloc (byte*,int,string)
UnityEngine.StackTraceUtility:ExtractStackTrace ()
UnityEngine.DebugLogHandler:Internal_Log (UnityEngine.LogType,UnityEngine.LogOption,string,UnityEngine.Object)
UnityEngine.DebugLogHandler:LogFormat (UnityEngine.LogType,UnityEngine.Object,string,object[])
UnityEngine.Logger:Log (UnityEngine.LogType,object)
UnityEngine.Debug:Log (object)
RISController:SetPhase (int,single) (at Assets/Scripts/RISController.cs:66)
RISController:SetAllPhases (single[]) (at Assets/Scripts/RISController.cs:78)
RISController:Start () (at Assets/Scripts/RISController.cs:43)

(Filename: Assets/Scripts/RISController.cs Line: 66)

Element 14 Phase = 120°
UnityEngine.Debug:ExtractStackTraceNoAlloc (byte*,int,string)
UnityEngine.StackTraceUtility:ExtractStackTrace ()
UnityEngine.DebugLogHandler:Internal_Log (UnityEngine.LogType,UnityEngine.LogOption,string,UnityEngine.Object)
UnityEngine.DebugLogHandler:LogFormat (UnityEngine.LogType,UnityEngine.Object,string,object[])
UnityEngine.Logger:Log (UnityEngine.LogType,object)
UnityEngine.Debug:Log (object)
RISController:SetPhase (int,single) (at Assets/Scripts/RISController.cs:66)
RISController:SetAllPhases (single[]) (at Assets/Scripts/RISController.cs:78)
RISController:Start () (at Assets/Scripts/RISController.cs:43)

(Filename: Assets/Scripts/RISController.cs Line: 66)

Element 15 Phase = 150°
UnityEngine.Debug:ExtractStackTraceNoAlloc (byte*,int,string)
UnityEngine.StackTraceUtility:ExtractStackTrace ()
UnityEngine.DebugLogHandler:Internal_Log (UnityEngine.LogType,UnityEngine.LogOption,string,UnityEngine.Object)
UnityEngine.DebugLogHandler:LogFormat (UnityEngine.LogType,UnityEngine.Object,string,object[])
UnityEngine.Logger:Log (UnityEngine.LogType,object)
UnityEngine.Debug:Log (object)
RISController:SetPhase (int,single) (at Assets/Scripts/RISController.cs:66)
RISController:SetAllPhases (single[]) (at Assets/Scripts/RISController.cs:78)
RISController:Start () (at Assets/Scripts/RISController.cs:43)

(Filename: Assets/Scripts/RISController.cs Line: 66)

Element 16 Phase = 180°
UnityEngine.Debug:ExtractStackTraceNoAlloc (byte*,int,string)
UnityEngine.StackTraceUtility:ExtractStackTrace ()
UnityEngine.DebugLogHandler:Internal_Log (UnityEngine.LogType,UnityEngine.LogOption,string,UnityEngine.Object)
UnityEngine.DebugLogHandler:LogFormat (UnityEngine.LogType,UnityEngine.Object,string,object[])
UnityEngine.Logger:Log (UnityEngine.LogType,object)
UnityEngine.Debug:Log (object)
RISController:SetPhase (int,single) (at Assets/Scripts/RISController.cs:66)
RISController:SetAllPhases (single[]) (at Assets/Scripts/RISController.cs:78)
RISController:Start () (at Assets/Scripts/RISController.cs:43)

(Filename: Assets/Scripts/RISController.cs Line: 66)

RIS configuration updated successfully.
UnityEngine.Debug:ExtractStackTraceNoAlloc (byte*,int,string)
UnityEngine.StackTraceUtility:ExtractStackTrace ()
UnityEngine.DebugLogHandler:Internal_Log (UnityEngine.LogType,UnityEngine.LogOption,string,UnityEngine.Object)
UnityEngine.DebugLogHandler:LogFormat (UnityEngine.LogType,UnityEngine.Object,string,object[])
UnityEngine.Logger:Log (UnityEngine.LogType,object)
UnityEngine.Debug:Log (object)
RISController:SetAllPhases (single[]) (at Assets/Scripts/RISController.cs:81)
RISController:Start () (at Assets/Scripts/RISController.cs:43)

(Filename: Assets/Scripts/RISController.cs Line: 81)

[Licensing::Client] Successfully resolved entitlement details
[Licensing::Client] Successfully resolved entitlement details
[Licensing::Client] Successfully resolved entitlement details
Asset Pipeline Refresh (id=e215aaefc08103948bcbb505f7ecfe47): Total: 0.014 seconds - Initiated by RefreshV2(NoUpdateAssetOptions)
Asset Pipeline Refresh (id=b9694bd959514464a826660797818ae2): Total: 0.005 seconds - Initiated by RefreshV2(NoUpdateAssetOptions)
Asset Pipeline Refresh (id=f484adb3734839c46a55486e81eb001e): Total: 0.005 seconds - Initiated by RefreshV2(NoUpdateAssetOptions)
Unloading 0 Unused Serialized files (Serialized files now loaded: 0)
Loaded scene 'Temp/__Backupscenes/0.backup'
	Deserialize:            1.367 ms
	Integration:            266.625 ms
	Integration of assets:  0.002 ms
	Thread Wait Time:       0.007 ms
	Total Operation Time:   268.000 ms
Unloading 13 unused Assets / (221.5 KB). Loaded Objects now: 8887.
Memory consumption went from 0.78 GB to 0.78 GB.
Total: 19.007500 ms (FindLiveObjects: 0.749000 ms CreateObjectMapping: 0.862100 ms MarkObjects: 17.283900 ms  DeleteObjects: 0.110300 ms)

[Licensing::Client] Successfully resolved entitlement details
Asset Pipeline Refresh (id=f3e84db008761e44bbab922d9760b7b9): Total: 0.009 seconds - Initiated by RefreshV2(AllowForceSynchronousImport)
Reloading assemblies for play mode.
Reloading assemblies after forced synchronous recompile.
Begin MonoManager ReloadAssembly
Native extension for WindowsStandalone target not found
Native extension for WebGL target not found
ScheduleIndexationOnStartup MainProcess:True IndexOnStartup:True
[MODES] ModeService[none].Initialize
[MODES] ModeService[none].LoadModes
Mono: successfully reloaded assembly
- Finished resetting the current domain, in  2.882 seconds
Domain Reload Profiling: 4304ms
	BeginReloadAssembly (1033ms)
		DisableScriptedObjects (106ms)
		CreateAndSetChildDomain (645ms)
	RebuildCommonClasses (15ms)
	RebuildNativeTypeToScriptingClass (23ms)
	initialDomainReloadingComplete (79ms)
	LoadAllAssembliesAndSetupDomain (269ms)
		LoadAssemblies (199ms)
		AnalyzeDomain (52ms)
			TypeCache.Refresh (8ms)
			ResolveRequiredComponents (38ms)
	FinalizeReload (2884ms)
		SetupLoadedEditorAssemblies (0ms)
			InitializePlatformSupportModulesInManaged (3ms)
			BeforeProcessingInitializeOnLoad (123ms)
			ProcessInitializeOnLoadAttributes (610ms)
			ProcessInitializeOnLoadMethodAttributes (203ms)
			AfterProcessingInitializeOnLoad (7ms)
		AwakeInstancesAfterBackupRestoration (1039ms)

Asset Pipeline Refresh (id=bc0a996d4d94d3049b437ff5252f5c59): Total: 4.579 seconds - Initiated by StopAssetImportingV2(ForceSynchronousImport | ForceDomainReload)
	(Values over 0.05ms)
	Summary:
		Imports: total=0 (actual=0, local cache=0, cache server=0)
		Asset DB Process Time: managed=0 ms, native=3057 ms
		Asset DB Callback time: managed=42 ms, native=0 ms
		Scripting: domain reloads=1, domain reload time=1476 ms, compile time=2 ms, other=0 ms
		Project Asset Count: scripts=1362, non-scripts=2318
		Asset File Changes: new=0, changed=0, moved=0, deleted=0
		Scan Filter Count: 0
	InvokePackagesCallback: 2.232ms
	ApplyChangesToAssetFolders: 0.438ms
	Collect global state as custom dependencies: 3.958ms
	ProcessAssetsWithTransientArtifactChanges: 0.255ms
	CategorizeAssets: 63.656ms
	CompileScripts: 1.695ms
	ImportOutOfDateAssets: 2941.559ms (2900.644ms without children)
		CollectScriptTypesHashes: 1.140ms
		ReloadNativeAssets: 1.236ms
		UnloadImportedAssets: 0.337ms
		EnsureUptoDateAssetsAreRegisteredWithGuidPM: 0.731ms
		ImportSchedulerStart: 38.579ms
	PostProcessAllAssets: 42.961ms
		MonoPostProcessAllAssets: 42.956ms
			UniversalRenderPipelineGlobalSettingsPostprocessor.OnPostprocessAllAssets 13.202ms
			BuilderAssetPostprocessor.OnPostprocessAllAssets 9.485ms
			AssetChangedListener.OnPostprocessAllAssets 7.994ms
			AssetPostprocessor.OnPostprocessAllAssets 6.883ms
			SyncVS.PostprocessSyncProject 4.813ms
			SpeedTree9Postprocessor.OnPostprocessAllAssets 3.491ms
			WindowAssetPostprocessingWatcher.OnPostprocessAllAssets 2.761ms
			ShaderGraphAssetPostProcessor.OnPostprocessAllAssets 1.967ms
			RetainedModeAssetPostprocessor.OnPostprocessAllAssets 1.939ms
			ProjectSettingsPostprocessor.OnPostprocessAllAssets 1.506ms
			RenderPipelineGlobalSettingsPostprocessor.OnPostprocessAllAssets 1.172ms
			ArtifactBrowserPostProcessor.OnPostprocessAllAssets 0.855ms
			TMPro_TexturePostProcessor.OnPostprocessAllAssets 0.770ms
			ShaderReflectionAssetPostProcessor.OnPostprocessAllAssets 0.692ms
			MaterialPostprocessor.OnPostprocessAllAssets 0.573ms
			AudioMixerPostprocessor.OnPostprocessAllAssets 0.553ms
			UVCSAssetPostprocessor.OnPostprocessAllAssets 0.530ms
			InputActionAssetPostprocessor.OnPostprocessAllAssets 0.507ms
			TextAssetPostProcessor.OnPostprocessAllAssets 0.437ms
			SampleDependencyImporterPostProcessor.OnPostprocessAllAssets 0.413ms
			EditModeScopePostprocessor.OnPostprocessAllAssets 0.387ms
			ReferencedClipsPostProcessor.OnPostprocessAllAssets 0.380ms
			AssetEvents.OnPostprocessAllAssets 0.362ms
			StyleCatalogPostProcessor.OnPostprocessAllAssets 0.345ms
			InputActionJsonNameModifierAssetProcessor.OnPostprocessAllAssets 0.337ms
			PostProcessor.OnPostprocessAllAssets 0.302ms
			TerrainToolbarOverlayPostProcessor.OnPostprocessAllAssets 0.262ms
			ConfigAssetsTracker.OnPostprocessAllAssets 0.241ms
			AssetDatabaseCallbacks.OnPostprocessAllAssets 0.230ms
			SpeedTreePostProcessor.OnPostprocessAllAssets 0.218ms
			AssetReloadNotifier.OnPostprocessAllAssets 0.217ms
			ScenarioDriftAssetsTracker.OnPostprocessAllAssets 0.194ms
			SamplePostprocessor.OnPostprocessAllAssets 0.178ms
			AudioContainerPostProcessor.OnPostprocessAllAssets 0.114ms
	GatherAllCurrentPrimaryImportResultRevisions: 0.129ms
	PersistCurrentRevisions: 0.134ms
	GenerateScriptTypeHashes: 2.910ms
	GenerateScriptTypeSerializationHashes: 4.843ms
	Untracked: 1515.863ms

Loaded scene 'Temp/__Backupscenes/0.backup'
	Deserialize:            1.840 ms
	Integration:            407.801 ms
	Integration of assets:  0.007 ms
	Thread Wait Time:       0.029 ms
	Total Operation Time:   409.677 ms
RIS Controller Started
UnityEngine.Debug:ExtractStackTraceNoAlloc (byte*,int,string)
UnityEngine.StackTraceUtility:ExtractStackTrace ()
UnityEngine.DebugLogHandler:Internal_Log (UnityEngine.LogType,UnityEngine.LogOption,string,UnityEngine.Object)
UnityEngine.DebugLogHandler:LogFormat (UnityEngine.LogType,UnityEngine.Object,string,object[])
UnityEngine.Logger:Log (UnityEngine.LogType,object)
UnityEngine.Debug:Log (object)
RISController:Start () (at Assets/Scripts/RISController.cs:15)

(Filename: Assets/Scripts/RISController.cs Line: 15)

Number of RIS Elements: 16
UnityEngine.Debug:ExtractStackTraceNoAlloc (byte*,int,string)
UnityEngine.StackTraceUtility:ExtractStackTrace ()
UnityEngine.DebugLogHandler:Internal_Log (UnityEngine.LogType,UnityEngine.LogOption,string,UnityEngine.Object)
UnityEngine.DebugLogHandler:LogFormat (UnityEngine.LogType,UnityEngine.Object,string,object[])
UnityEngine.Logger:Log (UnityEngine.LogType,object)
UnityEngine.Debug:Log (object)
RISController:Start () (at Assets/Scripts/RISController.cs:16)

(Filename: Assets/Scripts/RISController.cs Line: 16)

RIS Phase System Ready
UnityEngine.Debug:ExtractStackTraceNoAlloc (byte*,int,string)
UnityEngine.StackTraceUtility:ExtractStackTrace ()
UnityEngine.DebugLogHandler:Internal_Log (UnityEngine.LogType,UnityEngine.LogOption,string,UnityEngine.Object)
UnityEngine.DebugLogHandler:LogFormat (UnityEngine.LogType,UnityEngine.Object,string,object[])
UnityEngine.Logger:Log (UnityEngine.LogType,object)
UnityEngine.Debug:Log (object)
RISController:Start () (at Assets/Scripts/RISController.cs:33)

(Filename: Assets/Scripts/RISController.cs Line: 33)

Element 1 Phase = 90°
UnityEngine.Debug:ExtractStackTraceNoAlloc (byte*,int,string)
UnityEngine.StackTraceUtility:ExtractStackTrace ()
UnityEngine.DebugLogHandler:Internal_Log (UnityEngine.LogType,UnityEngine.LogOption,string,UnityEngine.Object)
UnityEngine.DebugLogHandler:LogFormat (UnityEngine.LogType,UnityEngine.Object,string,object[])
UnityEngine.Logger:Log (UnityEngine.LogType,object)
UnityEngine.Debug:Log (object)
RISController:SetPhase (int,single) (at Assets/Scripts/RISController.cs:66)
RISController:Start () (at Assets/Scripts/RISController.cs:34)

(Filename: Assets/Scripts/RISController.cs Line: 66)

Element 1 Phase = 0°
UnityEngine.Debug:ExtractStackTraceNoAlloc (byte*,int,string)
UnityEngine.StackTraceUtility:ExtractStackTrace ()
UnityEngine.DebugLogHandler:Internal_Log (UnityEngine.LogType,UnityEngine.LogOption,string,UnityEngine.Object)
UnityEngine.DebugLogHandler:LogFormat (UnityEngine.LogType,UnityEngine.Object,string,object[])
UnityEngine.Logger:Log (UnityEngine.LogType,object)
UnityEngine.Debug:Log (object)
RISController:SetPhase (int,single) (at Assets/Scripts/RISController.cs:66)
RISController:SetAllPhases (single[]) (at Assets/Scripts/RISController.cs:78)
RISController:Start () (at Assets/Scripts/RISController.cs:43)

(Filename: Assets/Scripts/RISController.cs Line: 66)

Element 2 Phase = 30°
UnityEngine.Debug:ExtractStackTraceNoAlloc (byte*,int,string)
UnityEngine.StackTraceUtility:ExtractStackTrace ()
UnityEngine.DebugLogHandler:Internal_Log (UnityEngine.LogType,UnityEngine.LogOption,string,UnityEngine.Object)
UnityEngine.DebugLogHandler:LogFormat (UnityEngine.LogType,UnityEngine.Object,string,object[])
UnityEngine.Logger:Log (UnityEngine.LogType,object)
UnityEngine.Debug:Log (object)
RISController:SetPhase (int,single) (at Assets/Scripts/RISController.cs:66)
RISController:SetAllPhases (single[]) (at Assets/Scripts/RISController.cs:78)
RISController:Start () (at Assets/Scripts/RISController.cs:43)

(Filename: Assets/Scripts/RISController.cs Line: 66)

Element 3 Phase = 60°
UnityEngine.Debug:ExtractStackTraceNoAlloc (byte*,int,string)
UnityEngine.StackTraceUtility:ExtractStackTrace ()
UnityEngine.DebugLogHandler:Internal_Log (UnityEngine.LogType,UnityEngine.LogOption,string,UnityEngine.Object)
UnityEngine.DebugLogHandler:LogFormat (UnityEngine.LogType,UnityEngine.Object,string,object[])
UnityEngine.Logger:Log (UnityEngine.LogType,object)
UnityEngine.Debug:Log (object)
RISController:SetPhase (int,single) (at Assets/Scripts/RISController.cs:66)
RISController:SetAllPhases (single[]) (at Assets/Scripts/RISController.cs:78)
RISController:Start () (at Assets/Scripts/RISController.cs:43)

(Filename: Assets/Scripts/RISController.cs Line: 66)

Element 4 Phase = 90°
UnityEngine.Debug:ExtractStackTraceNoAlloc (byte*,int,string)
UnityEngine.StackTraceUtility:ExtractStackTrace ()
UnityEngine.DebugLogHandler:Internal_Log (UnityEngine.LogType,UnityEngine.LogOption,string,UnityEngine.Object)
UnityEngine.DebugLogHandler:LogFormat (UnityEngine.LogType,UnityEngine.Object,string,object[])
UnityEngine.Logger:Log (UnityEngine.LogType,object)
UnityEngine.Debug:Log (object)
RISController:SetPhase (int,single) (at Assets/Scripts/RISController.cs:66)
RISController:SetAllPhases (single[]) (at Assets/Scripts/RISController.cs:78)
RISController:Start () (at Assets/Scripts/RISController.cs:43)

(Filename: Assets/Scripts/RISController.cs Line: 66)

Element 5 Phase = 30°
UnityEngine.Debug:ExtractStackTraceNoAlloc (byte*,int,string)
UnityEngine.StackTraceUtility:ExtractStackTrace ()
UnityEngine.DebugLogHandler:Internal_Log (UnityEngine.LogType,UnityEngine.LogOption,string,UnityEngine.Object)
UnityEngine.DebugLogHandler:LogFormat (UnityEngine.LogType,UnityEngine.Object,string,object[])
UnityEngine.Logger:Log (UnityEngine.LogType,object)
UnityEngine.Debug:Log (object)
RISController:SetPhase (int,single) (at Assets/Scripts/RISController.cs:66)
RISController:SetAllPhases (single[]) (at Assets/Scripts/RISController.cs:78)
RISController:Start () (at Assets/Scripts/RISController.cs:43)

(Filename: Assets/Scripts/RISController.cs Line: 66)

Element 6 Phase = 60°
UnityEngine.Debug:ExtractStackTraceNoAlloc (byte*,int,string)
UnityEngine.StackTraceUtility:ExtractStackTrace ()
UnityEngine.DebugLogHandler:Internal_Log (UnityEngine.LogType,UnityEngine.LogOption,string,UnityEngine.Object)
UnityEngine.DebugLogHandler:LogFormat (UnityEngine.LogType,UnityEngine.Object,string,object[])
UnityEngine.Logger:Log (UnityEngine.LogType,object)
UnityEngine.Debug:Log (object)
RISController:SetPhase (int,single) (at Assets/Scripts/RISController.cs:66)
RISController:SetAllPhases (single[]) (at Assets/Scripts/RISController.cs:78)
RISController:Start () (at Assets/Scripts/RISController.cs:43)

(Filename: Assets/Scripts/RISController.cs Line: 66)

Element 7 Phase = 90°
UnityEngine.Debug:ExtractStackTraceNoAlloc (byte*,int,string)
UnityEngine.StackTraceUtility:ExtractStackTrace ()
UnityEngine.DebugLogHandler:Internal_Log (UnityEngine.LogType,UnityEngine.LogOption,string,UnityEngine.Object)
UnityEngine.DebugLogHandler:LogFormat (UnityEngine.LogType,UnityEngine.Object,string,object[])
UnityEngine.Logger:Log (UnityEngine.LogType,object)
UnityEngine.Debug:Log (object)
RISController:SetPhase (int,single) (at Assets/Scripts/RISController.cs:66)
RISController:SetAllPhases (single[]) (at Assets/Scripts/RISController.cs:78)
RISController:Start () (at Assets/Scripts/RISController.cs:43)

(Filename: Assets/Scripts/RISController.cs Line: 66)

Element 8 Phase = 120°
UnityEngine.Debug:ExtractStackTraceNoAlloc (byte*,int,string)
UnityEngine.StackTraceUtility:ExtractStackTrace ()
UnityEngine.DebugLogHandler:Internal_Log (UnityEngine.LogType,UnityEngine.LogOption,string,UnityEngine.Object)
UnityEngine.DebugLogHandler:LogFormat (UnityEngine.LogType,UnityEngine.Object,string,object[])
UnityEngine.Logger:Log (UnityEngine.LogType,object)
UnityEngine.Debug:Log (object)
RISController:SetPhase (int,single) (at Assets/Scripts/RISController.cs:66)
RISController:SetAllPhases (single[]) (at Assets/Scripts/RISController.cs:78)
RISController:Start () (at Assets/Scripts/RISController.cs:43)

(Filename: Assets/Scripts/RISController.cs Line: 66)

Element 9 Phase = 60°
UnityEngine.Debug:ExtractStackTraceNoAlloc (byte*,int,string)
UnityEngine.StackTraceUtility:ExtractStackTrace ()
UnityEngine.DebugLogHandler:Internal_Log (UnityEngine.LogType,UnityEngine.LogOption,string,UnityEngine.Object)
UnityEngine.DebugLogHandler:LogFormat (UnityEngine.LogType,UnityEngine.Object,string,object[])
UnityEngine.Logger:Log (UnityEngine.LogType,object)
UnityEngine.Debug:Log (object)
RISController:SetPhase (int,single) (at Assets/Scripts/RISController.cs:66)
RISController:SetAllPhases (single[]) (at Assets/Scripts/RISController.cs:78)
RISController:Start () (at Assets/Scripts/RISController.cs:43)

(Filename: Assets/Scripts/RISController.cs Line: 66)

Element 10 Phase = 90°
UnityEngine.Debug:ExtractStackTraceNoAlloc (byte*,int,string)
UnityEngine.StackTraceUtility:ExtractStackTrace ()
UnityEngine.DebugLogHandler:Internal_Log (UnityEngine.LogType,UnityEngine.LogOption,string,UnityEngine.Object)
UnityEngine.DebugLogHandler:LogFormat (UnityEngine.LogType,UnityEngine.Object,string,object[])
UnityEngine.Logger:Log (UnityEngine.LogType,object)
UnityEngine.Debug:Log (object)
RISController:SetPhase (int,single) (at Assets/Scripts/RISController.cs:66)
RISController:SetAllPhases (single[]) (at Assets/Scripts/RISController.cs:78)
RISController:Start () (at Assets/Scripts/RISController.cs:43)

(Filename: Assets/Scripts/RISController.cs Line: 66)

Element 11 Phase = 120°
UnityEngine.Debug:ExtractStackTraceNoAlloc (byte*,int,string)
UnityEngine.StackTraceUtility:ExtractStackTrace ()
UnityEngine.DebugLogHandler:Internal_Log (UnityEngine.LogType,UnityEngine.LogOption,string,UnityEngine.Object)
UnityEngine.DebugLogHandler:LogFormat (UnityEngine.LogType,UnityEngine.Object,string,object[])
UnityEngine.Logger:Log (UnityEngine.LogType,object)
UnityEngine.Debug:Log (object)
RISController:SetPhase (int,single) (at Assets/Scripts/RISController.cs:66)
RISController:SetAllPhases (single[]) (at Assets/Scripts/RISController.cs:78)
RISController:Start () (at Assets/Scripts/RISController.cs:43)

(Filename: Assets/Scripts/RISController.cs Line: 66)

Element 12 Phase = 150°
UnityEngine.Debug:ExtractStackTraceNoAlloc (byte*,int,string)
UnityEngine.StackTraceUtility:ExtractStackTrace ()
UnityEngine.DebugLogHandler:Internal_Log (UnityEngine.LogType,UnityEngine.LogOption,string,UnityEngine.Object)
UnityEngine.DebugLogHandler:LogFormat (UnityEngine.LogType,UnityEngine.Object,string,object[])
UnityEngine.Logger:Log (UnityEngine.LogType,object)
UnityEngine.Debug:Log (object)
RISController:SetPhase (int,single) (at Assets/Scripts/RISController.cs:66)
RISController:SetAllPhases (single[]) (at Assets/Scripts/RISController.cs:78)
RISController:Start () (at Assets/Scripts/RISController.cs:43)

(Filename: Assets/Scripts/RISController.cs Line: 66)

Element 13 Phase = 90°
UnityEngine.Debug:ExtractStackTraceNoAlloc (byte*,int,string)
UnityEngine.StackTraceUtility:ExtractStackTrace ()
UnityEngine.DebugLogHandler:Internal_Log (UnityEngine.LogType,UnityEngine.LogOption,string,UnityEngine.Object)
UnityEngine.DebugLogHandler:LogFormat (UnityEngine.LogType,UnityEngine.Object,string,object[])
UnityEngine.Logger:Log (UnityEngine.LogType,object)
UnityEngine.Debug:Log (object)
RISController:SetPhase (int,single) (at Assets/Scripts/RISController.cs:66)
RISController:SetAllPhases (single[]) (at Assets/Scripts/RISController.cs:78)
RISController:Start () (at Assets/Scripts/RISController.cs:43)

(Filename: Assets/Scripts/RISController.cs Line: 66)

Element 14 Phase = 120°
UnityEngine.Debug:ExtractStackTraceNoAlloc (byte*,int,string)
UnityEngine.StackTraceUtility:ExtractStackTrace ()
UnityEngine.DebugLogHandler:Internal_Log (UnityEngine.LogType,UnityEngine.LogOption,string,UnityEngine.Object)
UnityEngine.DebugLogHandler:LogFormat (UnityEngine.LogType,UnityEngine.Object,string,object[])
UnityEngine.Logger:Log (UnityEngine.LogType,object)
UnityEngine.Debug:Log (object)
RISController:SetPhase (int,single) (at Assets/Scripts/RISController.cs:66)
RISController:SetAllPhases (single[]) (at Assets/Scripts/RISController.cs:78)
RISController:Start () (at Assets/Scripts/RISController.cs:43)

(Filename: Assets/Scripts/RISController.cs Line: 66)

Element 15 Phase = 150°
UnityEngine.Debug:ExtractStackTraceNoAlloc (byte*,int,string)
UnityEngine.StackTraceUtility:ExtractStackTrace ()
UnityEngine.DebugLogHandler:Internal_Log (UnityEngine.LogType,UnityEngine.LogOption,string,UnityEngine.Object)
UnityEngine.DebugLogHandler:LogFormat (UnityEngine.LogType,UnityEngine.Object,string,object[])
UnityEngine.Logger:Log (UnityEngine.LogType,object)
UnityEngine.Debug:Log (object)
RISController:SetPhase (int,single) (at Assets/Scripts/RISController.cs:66)
RISController:SetAllPhases (single[]) (at Assets/Scripts/RISController.cs:78)
RISController:Start () (at Assets/Scripts/RISController.cs:43)

(Filename: Assets/Scripts/RISController.cs Line: 66)

Element 16 Phase = 180°
UnityEngine.Debug:ExtractStackTraceNoAlloc (byte*,int,string)
UnityEngine.StackTraceUtility:ExtractStackTrace ()
UnityEngine.DebugLogHandler:Internal_Log (UnityEngine.LogType,UnityEngine.LogOption,string,UnityEngine.Object)
UnityEngine.DebugLogHandler:LogFormat (UnityEngine.LogType,UnityEngine.Object,string,object[])
UnityEngine.Logger:Log (UnityEngine.LogType,object)
UnityEngine.Debug:Log (object)
RISController:SetPhase (int,single) (at Assets/Scripts/RISController.cs:66)
RISController:SetAllPhases (single[]) (at Assets/Scripts/RISController.cs:78)
RISController:Start () (at Assets/Scripts/RISController.cs:43)

(Filename: Assets/Scripts/RISController.cs Line: 66)

RIS configuration updated successfully.
UnityEngine.Debug:ExtractStackTraceNoAlloc (byte*,int,string)
UnityEngine.StackTraceUtility:ExtractStackTrace ()
UnityEngine.DebugLogHandler:Internal_Log (UnityEngine.LogType,UnityEngine.LogOption,string,UnityEngine.Object)
UnityEngine.DebugLogHandler:LogFormat (UnityEngine.LogType,UnityEngine.Object,string,object[])
UnityEngine.Logger:Log (UnityEngine.LogType,object)
UnityEngine.Debug:Log (object)
RISController:SetAllPhases (single[]) (at Assets/Scripts/RISController.cs:81)
RISController:Start () (at Assets/Scripts/RISController.cs:43)

(Filename: Assets/Scripts/RISController.cs Line: 81)

[Licensing::Client] Successfully resolved entitlement details
[Licensing::Client] Successfully resolved entitlement details
[Licensing::Client] Successfully resolved entitlement details
Asset Pipeline Refresh (id=70521df27f56a254eb00284164bedebe): Total: 0.014 seconds - Initiated by RefreshV2(NoUpdateAssetOptions)
Asset Pipeline Refresh (id=d7a7ba03920a8fd4587e0d7eec33b6f7): Total: 0.004 seconds - Initiated by RefreshV2(NoUpdateAssetOptions)
Asset Pipeline Refresh (id=d8f6084dc89330d44afc149bf17d0d71): Total: 0.005 seconds - Initiated by RefreshV2(NoUpdateAssetOptions)
Asset Pipeline Refresh (id=c2958cc27f78c754abd0479d138bb36c): Total: 0.005 seconds - Initiated by RefreshV2(NoUpdateAssetOptions)
Asset Pipeline Refresh (id=33f9730620de8e146ba5e196a138fbee): Total: 0.004 seconds - Initiated by RefreshV2(NoUpdateAssetOptions)
Asset Pipeline Refresh (id=05fd262d2585c9648a7c2d8e2f553843): Total: 0.005 seconds - Initiated by RefreshV2(NoUpdateAssetOptions)
Asset Pipeline Refresh (id=c0c2a83ff55f82c4db36436f5e239266): Total: 0.004 seconds - Initiated by RefreshV2(NoUpdateAssetOptions)
Asset Pipeline Refresh (id=8ea55631aaf8c1347893ed3dfeec9f87): Total: 0.003 seconds - Initiated by RefreshV2(NoUpdateAssetOptions)
Asset Pipeline Refresh (id=749632f97d19c0f449093a9821481852): Total: 0.004 seconds - Initiated by RefreshV2(NoUpdateAssetOptions)
Asset Pipeline Refresh (id=30519b8037dc61841af2c218ea316900): Total: 0.003 seconds - Initiated by RefreshV2(NoUpdateAssetOptions)
Unloading 0 Unused Serialized files (Serialized files now loaded: 0)
Loaded scene 'Temp/__Backupscenes/0.backup'
	Deserialize:            1.396 ms
	Integration:            278.031 ms
	Integration of assets:  0.002 ms
	Thread Wait Time:       0.011 ms
	Total Operation Time:   279.441 ms
Unloading 13 unused Assets / (375.9 KB). Loaded Objects now: 8889.
Memory consumption went from 0.79 GB to 0.79 GB.
Total: 18.883700 ms (FindLiveObjects: 0.639500 ms CreateObjectMapping: 1.130800 ms MarkObjects: 16.980600 ms  DeleteObjects: 0.130800 ms)

[Licensing::Client] Successfully resolved entitlement details
Reloading assemblies for play mode.
Reloading assemblies after forced synchronous recompile.
Begin MonoManager ReloadAssembly
Native extension for WindowsStandalone target not found
Native extension for WebGL target not found
ScheduleIndexationOnStartup MainProcess:True IndexOnStartup:True
[MODES] ModeService[none].Initialize
[MODES] ModeService[none].LoadModes
Mono: successfully reloaded assembly
- Finished resetting the current domain, in  2.836 seconds
Domain Reload Profiling: 4225ms
	BeginReloadAssembly (1019ms)
		DisableScriptedObjects (103ms)
		CreateAndSetChildDomain (648ms)
	RebuildCommonClasses (18ms)
	RebuildNativeTypeToScriptingClass (24ms)
	initialDomainReloadingComplete (79ms)
	LoadAllAssembliesAndSetupDomain (248ms)
		LoadAssemblies (183ms)
		AnalyzeDomain (50ms)
			TypeCache.Refresh (8ms)
			ResolveRequiredComponents (34ms)
	FinalizeReload (2837ms)
		SetupLoadedEditorAssemblies (0ms)
			InitializePlatformSupportModulesInManaged (3ms)
			BeforeProcessingInitializeOnLoad (123ms)
			ProcessInitializeOnLoadAttributes (608ms)
			ProcessInitializeOnLoadMethodAttributes (217ms)
			AfterProcessingInitializeOnLoad (7ms)
		AwakeInstancesAfterBackupRestoration (1022ms)

Asset Pipeline Refresh (id=4e27ceba5e309df49a1c46b627efff00): Total: 4.504 seconds - Initiated by StopAssetImportingV2(ForceSynchronousImport | ForceDomainReload)
	(Values over 0.05ms)
	Summary:
		Imports: total=0 (actual=0, local cache=0, cache server=0)
		Asset DB Process Time: managed=0 ms, native=3006 ms
		Asset DB Callback time: managed=48 ms, native=0 ms
		Scripting: domain reloads=1, domain reload time=1446 ms, compile time=2 ms, other=0 ms
		Project Asset Count: scripts=1362, non-scripts=2318
		Asset File Changes: new=0, changed=0, moved=0, deleted=0
		Scan Filter Count: 0
	InvokePackagesCallback: 2.411ms
	ApplyChangesToAssetFolders: 0.472ms
	Collect global state as custom dependencies: 5.522ms
	ProcessAssetsWithTransientArtifactChanges: 0.281ms
	CategorizeAssets: 60.827ms
	CompileScripts: 1.662ms
	ImportOutOfDateAssets: 2894.081ms (2852.999ms without children)
		CollectScriptTypesHashes: 1.088ms
		ReloadNativeAssets: 1.328ms
		UnloadImportedAssets: 0.351ms
		EnsureUptoDateAssetsAreRegisteredWithGuidPM: 0.747ms
		ImportSchedulerStart: 38.620ms
	PostProcessAllAssets: 48.450ms
		MonoPostProcessAllAssets: 48.445ms
			UniversalRenderPipelineGlobalSettingsPostprocessor.OnPostprocessAllAssets 19.940ms
			BuilderAssetPostprocessor.OnPostprocessAllAssets 9.485ms
			AssetChangedListener.OnPostprocessAllAssets 7.994ms
			AssetPostprocessor.OnPostprocessAllAssets 6.883ms
			SyncVS.PostprocessSyncProject 4.111ms
			WindowAssetPostprocessingWatcher.OnPostprocessAllAssets 3.649ms
			SpeedTree9Postprocessor.OnPostprocessAllAssets 3.099ms
			ShaderGraphAssetPostProcessor.OnPostprocessAllAssets 1.967ms
			RetainedModeAssetPostprocessor.OnPostprocessAllAssets 1.939ms
			RenderPipelineGlobalSettingsPostprocessor.OnPostprocessAllAssets 1.485ms
			ProjectSettingsPostprocessor.OnPostprocessAllAssets 0.980ms
			ArtifactBrowserPostProcessor.OnPostprocessAllAssets 0.855ms
			TMPro_TexturePostProcessor.OnPostprocessAllAssets 0.770ms
			MaterialPostprocessor.OnPostprocessAllAssets 0.573ms
			AudioMixerPostprocessor.OnPostprocessAllAssets 0.553ms
			UVCSAssetPostprocessor.OnPostprocessAllAssets 0.530ms
			TextAssetPostProcessor.OnPostprocessAllAssets 0.437ms
			ShaderReflectionAssetPostProcessor.OnPostprocessAllAssets 0.421ms
			ReferencedClipsPostProcessor.OnPostprocessAllAssets 0.416ms
			SampleDependencyImporterPostProcessor.OnPostprocessAllAssets 0.413ms
			EditModeScopePostprocessor.OnPostprocessAllAssets 0.411ms
			InputActionAssetPostprocessor.OnPostprocessAllAssets 0.383ms
			AssetEvents.OnPostprocessAllAssets 0.362ms
			StyleCatalogPostProcessor.OnPostprocessAllAssets 0.345ms
			InputActionJsonNameModifierAssetProcessor.OnPostprocessAllAssets 0.337ms
			AssetDatabaseCallbacks.OnPostprocessAllAssets 0.310ms
			PostProcessor.OnPostprocessAllAssets 0.302ms
			TerrainToolbarOverlayPostProcessor.OnPostprocessAllAssets 0.244ms
			ConfigAssetsTracker.OnPostprocessAllAssets 0.241ms
			SpeedTreePostProcessor.OnPostprocessAllAssets 0.218ms
			AssetReloadNotifier.OnPostprocessAllAssets 0.217ms
			ScenarioDriftAssetsTracker.OnPostprocessAllAssets 0.194ms
			SamplePostprocessor.OnPostprocessAllAssets 0.178ms
			AudioContainerPostProcessor.OnPostprocessAllAssets 0.114ms
	GatherAllCurrentPrimaryImportResultRevisions: 0.185ms
	PersistCurrentRevisions: 0.119ms
	GenerateScriptTypeHashes: 2.848ms
	GenerateScriptTypeSerializationHashes: 4.688ms
	Untracked: 1482.410ms

Loaded scene 'Temp/__Backupscenes/0.backup'
	Deserialize:            1.880 ms
	Integration:            428.299 ms
	Integration of assets:  0.006 ms
	Thread Wait Time:       0.022 ms
	Total Operation Time:   430.207 ms
RIS Controller Started
UnityEngine.Debug:ExtractStackTraceNoAlloc (byte*,int,string)
UnityEngine.StackTraceUtility:ExtractStackTrace ()
UnityEngine.DebugLogHandler:Internal_Log (UnityEngine.LogType,UnityEngine.LogOption,string,UnityEngine.Object)
UnityEngine.DebugLogHandler:LogFormat (UnityEngine.LogType,UnityEngine.Object,string,object[])
UnityEngine.Logger:Log (UnityEngine.LogType,object)
UnityEngine.Debug:Log (object)
RISController:Start () (at Assets/Scripts/RISController.cs:15)

(Filename: Assets/Scripts/RISController.cs Line: 15)

Number of RIS Elements: 16
UnityEngine.Debug:ExtractStackTraceNoAlloc (byte*,int,string)
UnityEngine.StackTraceUtility:ExtractStackTrace ()
UnityEngine.DebugLogHandler:Internal_Log (UnityEngine.LogType,UnityEngine.LogOption,string,UnityEngine.Object)
UnityEngine.DebugLogHandler:LogFormat (UnityEngine.LogType,UnityEngine.Object,string,object[])
UnityEngine.Logger:Log (UnityEngine.LogType,object)
UnityEngine.Debug:Log (object)
RISController:Start () (at Assets/Scripts/RISController.cs:16)

(Filename: Assets/Scripts/RISController.cs Line: 16)

RIS Phase System Ready
UnityEngine.Debug:ExtractStackTraceNoAlloc (byte*,int,string)
UnityEngine.StackTraceUtility:ExtractStackTrace ()
UnityEngine.DebugLogHandler:Internal_Log (UnityEngine.LogType,UnityEngine.LogOption,string,UnityEngine.Object)
UnityEngine.DebugLogHandler:LogFormat (UnityEngine.LogType,UnityEngine.Object,string,object[])
UnityEngine.Logger:Log (UnityEngine.LogType,object)
UnityEngine.Debug:Log (object)
RISController:Start () (at Assets/Scripts/RISController.cs:33)

(Filename: Assets/Scripts/RISController.cs Line: 33)

Element 1 Phase = 90°
UnityEngine.Debug:ExtractStackTraceNoAlloc (byte*,int,string)
UnityEngine.StackTraceUtility:ExtractStackTrace ()
UnityEngine.DebugLogHandler:Internal_Log (UnityEngine.LogType,UnityEngine.LogOption,string,UnityEngine.Object)
UnityEngine.DebugLogHandler:LogFormat (UnityEngine.LogType,UnityEngine.Object,string,object[])
UnityEngine.Logger:Log (UnityEngine.LogType,object)
UnityEngine.Debug:Log (object)
RISController:SetPhase (int,single) (at Assets/Scripts/RISController.cs:66)
RISController:Start () (at Assets/Scripts/RISController.cs:34)

(Filename: Assets/Scripts/RISController.cs Line: 66)

Element 1 Phase = 0°
UnityEngine.Debug:ExtractStackTraceNoAlloc (byte*,int,string)
UnityEngine.StackTraceUtility:ExtractStackTrace ()
UnityEngine.DebugLogHandler:Internal_Log (UnityEngine.LogType,UnityEngine.LogOption,string,UnityEngine.Object)
UnityEngine.DebugLogHandler:LogFormat (UnityEngine.LogType,UnityEngine.Object,string,object[])
UnityEngine.Logger:Log (UnityEngine.LogType,object)
UnityEngine.Debug:Log (object)
RISController:SetPhase (int,single) (at Assets/Scripts/RISController.cs:66)
RISController:SetAllPhases (single[]) (at Assets/Scripts/RISController.cs:78)
RISController:Start () (at Assets/Scripts/RISController.cs:43)

(Filename: Assets/Scripts/RISController.cs Line: 66)

Element 2 Phase = 30°
UnityEngine.Debug:ExtractStackTraceNoAlloc (byte*,int,string)
UnityEngine.StackTraceUtility:ExtractStackTrace ()
UnityEngine.DebugLogHandler:Internal_Log (UnityEngine.LogType,UnityEngine.LogOption,string,UnityEngine.Object)
UnityEngine.DebugLogHandler:LogFormat (UnityEngine.LogType,UnityEngine.Object,string,object[])
UnityEngine.Logger:Log (UnityEngine.LogType,object)
UnityEngine.Debug:Log (object)
RISController:SetPhase (int,single) (at Assets/Scripts/RISController.cs:66)
RISController:SetAllPhases (single[]) (at Assets/Scripts/RISController.cs:78)
RISController:Start () (at Assets/Scripts/RISController.cs:43)

(Filename: Assets/Scripts/RISController.cs Line: 66)

Element 3 Phase = 60°
UnityEngine.Debug:ExtractStackTraceNoAlloc (byte*,int,string)
UnityEngine.StackTraceUtility:ExtractStackTrace ()
UnityEngine.DebugLogHandler:Internal_Log (UnityEngine.LogType,UnityEngine.LogOption,string,UnityEngine.Object)
UnityEngine.DebugLogHandler:LogFormat (UnityEngine.LogType,UnityEngine.Object,string,object[])
UnityEngine.Logger:Log (UnityEngine.LogType,object)
UnityEngine.Debug:Log (object)
RISController:SetPhase (int,single) (at Assets/Scripts/RISController.cs:66)
RISController:SetAllPhases (single[]) (at Assets/Scripts/RISController.cs:78)
RISController:Start () (at Assets/Scripts/RISController.cs:43)

(Filename: Assets/Scripts/RISController.cs Line: 66)

Element 4 Phase = 90°
UnityEngine.Debug:ExtractStackTraceNoAlloc (byte*,int,string)
UnityEngine.StackTraceUtility:ExtractStackTrace ()
UnityEngine.DebugLogHandler:Internal_Log (UnityEngine.LogType,UnityEngine.LogOption,string,UnityEngine.Object)
UnityEngine.DebugLogHandler:LogFormat (UnityEngine.LogType,UnityEngine.Object,string,object[])
UnityEngine.Logger:Log (UnityEngine.LogType,object)
UnityEngine.Debug:Log (object)
RISController:SetPhase (int,single) (at Assets/Scripts/RISController.cs:66)
RISController:SetAllPhases (single[]) (at Assets/Scripts/RISController.cs:78)
RISController:Start () (at Assets/Scripts/RISController.cs:43)

(Filename: Assets/Scripts/RISController.cs Line: 66)

Element 5 Phase = 30°
UnityEngine.Debug:ExtractStackTraceNoAlloc (byte*,int,string)
UnityEngine.StackTraceUtility:ExtractStackTrace ()
UnityEngine.DebugLogHandler:Internal_Log (UnityEngine.LogType,UnityEngine.LogOption,string,UnityEngine.Object)
UnityEngine.DebugLogHandler:LogFormat (UnityEngine.LogType,UnityEngine.Object,string,object[])
UnityEngine.Logger:Log (UnityEngine.LogType,object)
UnityEngine.Debug:Log (object)
RISController:SetPhase (int,single) (at Assets/Scripts/RISController.cs:66)
RISController:SetAllPhases (single[]) (at Assets/Scripts/RISController.cs:78)
RISController:Start () (at Assets/Scripts/RISController.cs:43)

(Filename: Assets/Scripts/RISController.cs Line: 66)

Element 6 Phase = 60°
UnityEngine.Debug:ExtractStackTraceNoAlloc (byte*,int,string)
UnityEngine.StackTraceUtility:ExtractStackTrace ()
UnityEngine.DebugLogHandler:Internal_Log (UnityEngine.LogType,UnityEngine.LogOption,string,UnityEngine.Object)
UnityEngine.DebugLogHandler:LogFormat (UnityEngine.LogType,UnityEngine.Object,string,object[])
UnityEngine.Logger:Log (UnityEngine.LogType,object)
UnityEngine.Debug:Log (object)
RISController:SetPhase (int,single) (at Assets/Scripts/RISController.cs:66)
RISController:SetAllPhases (single[]) (at Assets/Scripts/RISController.cs:78)
RISController:Start () (at Assets/Scripts/RISController.cs:43)

(Filename: Assets/Scripts/RISController.cs Line: 66)

Element 7 Phase = 90°
UnityEngine.Debug:ExtractStackTraceNoAlloc (byte*,int,string)
UnityEngine.StackTraceUtility:ExtractStackTrace ()
UnityEngine.DebugLogHandler:Internal_Log (UnityEngine.LogType,UnityEngine.LogOption,string,UnityEngine.Object)
UnityEngine.DebugLogHandler:LogFormat (UnityEngine.LogType,UnityEngine.Object,string,object[])
UnityEngine.Logger:Log (UnityEngine.LogType,object)
UnityEngine.Debug:Log (object)
RISController:SetPhase (int,single) (at Assets/Scripts/RISController.cs:66)
RISController:SetAllPhases (single[]) (at Assets/Scripts/RISController.cs:78)
RISController:Start () (at Assets/Scripts/RISController.cs:43)

(Filename: Assets/Scripts/RISController.cs Line: 66)

Element 8 Phase = 120°
UnityEngine.Debug:ExtractStackTraceNoAlloc (byte*,int,string)
UnityEngine.StackTraceUtility:ExtractStackTrace ()
UnityEngine.DebugLogHandler:Internal_Log (UnityEngine.LogType,UnityEngine.LogOption,string,UnityEngine.Object)
UnityEngine.DebugLogHandler:LogFormat (UnityEngine.LogType,UnityEngine.Object,string,object[])
UnityEngine.Logger:Log (UnityEngine.LogType,object)
UnityEngine.Debug:Log (object)
RISController:SetPhase (int,single) (at Assets/Scripts/RISController.cs:66)
RISController:SetAllPhases (single[]) (at Assets/Scripts/RISController.cs:78)
RISController:Start () (at Assets/Scripts/RISController.cs:43)

(Filename: Assets/Scripts/RISController.cs Line: 66)

Element 9 Phase = 60°
UnityEngine.Debug:ExtractStackTraceNoAlloc (byte*,int,string)
UnityEngine.StackTraceUtility:ExtractStackTrace ()
UnityEngine.DebugLogHandler:Internal_Log (UnityEngine.LogType,UnityEngine.LogOption,string,UnityEngine.Object)
UnityEngine.DebugLogHandler:LogFormat (UnityEngine.LogType,UnityEngine.Object,string,object[])
UnityEngine.Logger:Log (UnityEngine.LogType,object)
UnityEngine.Debug:Log (object)
RISController:SetPhase (int,single) (at Assets/Scripts/RISController.cs:66)
RISController:SetAllPhases (single[]) (at Assets/Scripts/RISController.cs:78)
RISController:Start () (at Assets/Scripts/RISController.cs:43)

(Filename: Assets/Scripts/RISController.cs Line: 66)

Element 10 Phase = 90°
UnityEngine.Debug:ExtractStackTraceNoAlloc (byte*,int,string)
UnityEngine.StackTraceUtility:ExtractStackTrace ()
UnityEngine.DebugLogHandler:Internal_Log (UnityEngine.LogType,UnityEngine.LogOption,string,UnityEngine.Object)
UnityEngine.DebugLogHandler:LogFormat (UnityEngine.LogType,UnityEngine.Object,string,object[])
UnityEngine.Logger:Log (UnityEngine.LogType,object)
UnityEngine.Debug:Log (object)
RISController:SetPhase (int,single) (at Assets/Scripts/RISController.cs:66)
RISController:SetAllPhases (single[]) (at Assets/Scripts/RISController.cs:78)
RISController:Start () (at Assets/Scripts/RISController.cs:43)

(Filename: Assets/Scripts/RISController.cs Line: 66)

Element 11 Phase = 120°
UnityEngine.Debug:ExtractStackTraceNoAlloc (byte*,int,string)
UnityEngine.StackTraceUtility:ExtractStackTrace ()
UnityEngine.DebugLogHandler:Internal_Log (UnityEngine.LogType,UnityEngine.LogOption,string,UnityEngine.Object)
UnityEngine.DebugLogHandler:LogFormat (UnityEngine.LogType,UnityEngine.Object,string,object[])
UnityEngine.Logger:Log (UnityEngine.LogType,object)
UnityEngine.Debug:Log (object)
RISController:SetPhase (int,single) (at Assets/Scripts/RISController.cs:66)
RISController:SetAllPhases (single[]) (at Assets/Scripts/RISController.cs:78)
RISController:Start () (at Assets/Scripts/RISController.cs:43)

(Filename: Assets/Scripts/RISController.cs Line: 66)

Element 12 Phase = 150°
UnityEngine.Debug:ExtractStackTraceNoAlloc (byte*,int,string)
UnityEngine.StackTraceUtility:ExtractStackTrace ()
UnityEngine.DebugLogHandler:Internal_Log (UnityEngine.LogType,UnityEngine.LogOption,string,UnityEngine.Object)
UnityEngine.DebugLogHandler:LogFormat (UnityEngine.LogType,UnityEngine.Object,string,object[])
UnityEngine.Logger:Log (UnityEngine.LogType,object)
UnityEngine.Debug:Log (object)
RISController:SetPhase (int,single) (at Assets/Scripts/RISController.cs:66)
RISController:SetAllPhases (single[]) (at Assets/Scripts/RISController.cs:78)
RISController:Start () (at Assets/Scripts/RISController.cs:43)

(Filename: Assets/Scripts/RISController.cs Line: 66)

Element 13 Phase = 90°
UnityEngine.Debug:ExtractStackTraceNoAlloc (byte*,int,string)
UnityEngine.StackTraceUtility:ExtractStackTrace ()
UnityEngine.DebugLogHandler:Internal_Log (UnityEngine.LogType,UnityEngine.LogOption,string,UnityEngine.Object)
UnityEngine.DebugLogHandler:LogFormat (UnityEngine.LogType,UnityEngine.Object,string,object[])
UnityEngine.Logger:Log (UnityEngine.LogType,object)
UnityEngine.Debug:Log (object)
RISController:SetPhase (int,single) (at Assets/Scripts/RISController.cs:66)
RISController:SetAllPhases (single[]) (at Assets/Scripts/RISController.cs:78)
RISController:Start () (at Assets/Scripts/RISController.cs:43)

(Filename: Assets/Scripts/RISController.cs Line: 66)

Element 14 Phase = 120°
UnityEngine.Debug:ExtractStackTraceNoAlloc (byte*,int,string)
UnityEngine.StackTraceUtility:ExtractStackTrace ()
UnityEngine.DebugLogHandler:Internal_Log (UnityEngine.LogType,UnityEngine.LogOption,string,UnityEngine.Object)
UnityEngine.DebugLogHandler:LogFormat (UnityEngine.LogType,UnityEngine.Object,string,object[])
UnityEngine.Logger:Log (UnityEngine.LogType,object)
UnityEngine.Debug:Log (object)
RISController:SetPhase (int,single) (at Assets/Scripts/RISController.cs:66)
RISController:SetAllPhases (single[]) (at Assets/Scripts/RISController.cs:78)
RISController:Start () (at Assets/Scripts/RISController.cs:43)

(Filename: Assets/Scripts/RISController.cs Line: 66)

Element 15 Phase = 150°
UnityEngine.Debug:ExtractStackTraceNoAlloc (byte*,int,string)
UnityEngine.StackTraceUtility:ExtractStackTrace ()
UnityEngine.DebugLogHandler:Internal_Log (UnityEngine.LogType,UnityEngine.LogOption,string,UnityEngine.Object)
UnityEngine.DebugLogHandler:LogFormat (UnityEngine.LogType,UnityEngine.Object,string,object[])
UnityEngine.Logger:Log (UnityEngine.LogType,object)
UnityEngine.Debug:Log (object)
RISController:SetPhase (int,single) (at Assets/Scripts/RISController.cs:66)
RISController:SetAllPhases (single[]) (at Assets/Scripts/RISController.cs:78)
RISController:Start () (at Assets/Scripts/RISController.cs:43)

(Filename: Assets/Scripts/RISController.cs Line: 66)

Element 16 Phase = 180°
UnityEngine.Debug:ExtractStackTraceNoAlloc (byte*,int,string)
UnityEngine.StackTraceUtility:ExtractStackTrace ()
UnityEngine.DebugLogHandler:Internal_Log (UnityEngine.LogType,UnityEngine.LogOption,string,UnityEngine.Object)
UnityEngine.DebugLogHandler:LogFormat (UnityEngine.LogType,UnityEngine.Object,string,object[])
UnityEngine.Logger:Log (UnityEngine.LogType,object)
UnityEngine.Debug:Log (object)
RISController:SetPhase (int,single) (at Assets/Scripts/RISController.cs:66)
RISController:SetAllPhases (single[]) (at Assets/Scripts/RISController.cs:78)
RISController:Start () (at Assets/Scripts/RISController.cs:43)

(Filename: Assets/Scripts/RISController.cs Line: 66)

RIS configuration updated successfully.
UnityEngine.Debug:ExtractStackTraceNoAlloc (byte*,int,string)
UnityEngine.StackTraceUtility:ExtractStackTrace ()
UnityEngine.DebugLogHandler:Internal_Log (UnityEngine.LogType,UnityEngine.LogOption,string,UnityEngine.Object)
UnityEngine.DebugLogHandler:LogFormat (UnityEngine.LogType,UnityEngine.Object,string,object[])
UnityEngine.Logger:Log (UnityEngine.LogType,object)
UnityEngine.Debug:Log (object)
RISController:SetAllPhases (single[]) (at Assets/Scripts/RISController.cs:81)
RISController:Start () (at Assets/Scripts/RISController.cs:43)

(Filename: Assets/Scripts/RISController.cs Line: 81)

[Licensing::Client] Successfully resolved entitlement details
[Licensing::Client] Successfully resolved entitlement details
[Licensing::Client] Successfully resolved entitlement details
Asset Pipeline Refresh (id=1222a07292ef76449a33b95dc3e45fa7): Total: 0.013 seconds - Initiated by RefreshV2(NoUpdateAssetOptions)
Asset Pipeline Refresh (id=00d6be2476caaab4a89b1347d91f68dd): Total: 0.004 seconds - Initiated by RefreshV2(NoUpdateAssetOptions)
Asset Pipeline Refresh (id=3034719c76fadfb4ea2e801de9e7e98f): Total: 0.005 seconds - Initiated by RefreshV2(NoUpdateAssetOptions)
Unloading 0 Unused Serialized files (Serialized files now loaded: 0)
Loaded scene 'Temp/__Backupscenes/0.backup'
	Deserialize:            1.810 ms
	Integration:            273.615 ms
	Integration of assets:  0.004 ms
	Thread Wait Time:       0.031 ms
	Total Operation Time:   275.461 ms
Unloading 13 unused Assets / (198.2 KB). Loaded Objects now: 8891.
Memory consumption went from 0.80 GB to 0.80 GB.
Total: 19.921800 ms (FindLiveObjects: 0.597000 ms CreateObjectMapping: 0.810400 ms MarkObjects: 18.373900 ms  DeleteObjects: 0.138400 ms)

[Licensing::Client] Successfully resolved entitlement details
Asset Pipeline Refresh (id=4b78f2e3a4e606d4e9847a7c0b8b971f): Total: 0.010 seconds - Initiated by RefreshV2(AllowForceSynchronousImport)
[ScriptCompilation] Requested script compilation because: AssetDatabase observed changes in script compilation related files
Refreshing native plugins compatible for Editor in 2.67 ms, found 4 plugins.
Asset Pipeline Refresh (id=242ee7c5e4a62634bb27c2f3a2b425b5): Total: 0.124 seconds - Initiated by RefreshV2(NoUpdateAssetOptions)
[Licensing::Client] Successfully resolved entitlement details
info: Microsoft.AspNetCore.Hosting.Diagnostics[1]
      Request starting HTTP/2 POST http://ilpp/UnityILPP.PostProcessing/Ping - application/grpc -
info: Microsoft.AspNetCore.Routing.EndpointMiddleware[0]
      Executing endpoint 'gRPC - /UnityILPP.PostProcessing/Ping'
info: Microsoft.AspNetCore.Routing.EndpointMiddleware[1]
      Executed endpoint 'gRPC - /UnityILPP.PostProcessing/Ping'
info: Microsoft.AspNetCore.Hosting.Diagnostics[2]
      Request finished HTTP/2 POST http://ilpp/UnityILPP.PostProcessing/Ping - 200 - application/grpc 0.3784ms
Starting: C:\Program Files\Unity\Hub\Editor\6000.5.6f1\Editor\Data\Tools\BuildPipeline\bee_backend.exe --ipc --defer-dag-verification --dagfile="Library/Bee/1900b0aE.dag" --continue-on-failure --profile="Library/Bee/backend1.traceevents" ScriptAssemblies
WorkingDir: D:/Private/unity projects/graduation project
info: Microsoft.AspNetCore.Hosting.Diagnostics[1]
      Request starting HTTP/2 POST http://ilpp/UnityILPP.PostProcessing/ConfigurePostProcessors - application/grpc -
info: Microsoft.AspNetCore.Routing.EndpointMiddleware[0]
      Executing endpoint 'gRPC - /UnityILPP.PostProcessing/ConfigurePostProcessors'
info: Unity.ILPP.Runner.PostProcessingAssemblyLoadContext[0]
      Current configuration matches the requested one, skipping
info: Microsoft.AspNetCore.Routing.EndpointMiddleware[1]
      Executed endpoint 'gRPC - /UnityILPP.PostProcessing/ConfigurePostProcessors'
info: Microsoft.AspNetCore.Hosting.Diagnostics[2]
      Request finished HTTP/2 POST http://ilpp/UnityILPP.PostProcessing/ConfigurePostProcessors - 200 - application/grpc 1.1109ms
info: Microsoft.AspNetCore.Hosting.Diagnostics[1]
      Request starting HTTP/2 POST http://ilpp/UnityILPP.PostProcessing/PostProcessAssembly - application/grpc -
info: Microsoft.AspNetCore.Routing.EndpointMiddleware[0]
      Executing endpoint 'gRPC - /UnityILPP.PostProcessing/PostProcessAssembly'
info: Unity.ILPP.Runner.PostProcessingPipeline[0]
      Processing assembly Library/Bee/artifacts/1900b0aE.dag/Assembly-CSharp.dll, with 142 defines and 339 references
info: Unity.ILPP.Runner.PostProcessingPipeline[0]
      processors: Unity.Jobs.CodeGen.JobsILPostProcessor, zzzUnity.Burst.CodeGen.BurstILPostProcessor
info: Unity.ILPP.Runner.PostProcessingPipeline[0]
      running Unity.Jobs.CodeGen.JobsILPostProcessor
info: Unity.ILPP.Runner.PostProcessingPipeline[0]
      running zzzUnity.Burst.CodeGen.BurstILPostProcessor
info: Microsoft.AspNetCore.Routing.EndpointMiddleware[1]
      Executed endpoint 'gRPC - /UnityILPP.PostProcessing/PostProcessAssembly'
info: Microsoft.AspNetCore.Hosting.Diagnostics[2]
      Request finished HTTP/2 POST http://ilpp/UnityILPP.PostProcessing/PostProcessAssembly - 200 - application/grpc 15.3248ms
info: Microsoft.AspNetCore.Hosting.Diagnostics[1]
      Request starting HTTP/2 POST http://ilpp/UnityILPP.PostProcessing/PostProcessAssembly - application/grpc -
info: Microsoft.AspNetCore.Routing.EndpointMiddleware[0]
      Executing endpoint 'gRPC - /UnityILPP.PostProcessing/PostProcessAssembly'
info: Unity.ILPP.Runner.PostProcessingPipeline[0]
      Processing assembly Library/Bee/artifacts/1900b0aE.dag/Assembly-CSharp-Editor.dll, with 140 defines and 362 references
info: Unity.ILPP.Runner.PostProcessingPipeline[0]
      processors: Unity.Jobs.CodeGen.JobsILPostProcessor, zzzUnity.Burst.CodeGen.BurstILPostProcessor
info: Unity.ILPP.Runner.PostProcessingPipeline[0]
      running Unity.Jobs.CodeGen.JobsILPostProcessor
info: Unity.ILPP.Runner.PostProcessingPipeline[0]
      running zzzUnity.Burst.CodeGen.BurstILPostProcessor
info: Microsoft.AspNetCore.Routing.EndpointMiddleware[1]
      Executed endpoint 'gRPC - /UnityILPP.PostProcessing/PostProcessAssembly'
info: Microsoft.AspNetCore.Hosting.Diagnostics[2]
      Request finished HTTP/2 POST http://ilpp/UnityILPP.PostProcessing/PostProcessAssembly - 200 - application/grpc 23.5063ms
ExitCode: 0 Duration: 2s119ms
[736/937    0s] ILPP-Configuration Library/ilpp-configuration.nevergeneratedoutput
[929/937    1s] Csc Library/Bee/artifacts/1900b0aE.dag/Assembly-CSharp.dll (+2 others)
[930/937    0s] ILPostProcess Library/Bee/artifacts/1900b0aE.dag/post-processed/Assembly-CSharp.dll (+pdb)
Processing assembly Library/Bee/artifacts/1900b0aE.dag/Assembly-CSharp.dll, with 142 defines and 339 references

processors: Unity.Jobs.CodeGen.JobsILPostProcessor, zzzUnity.Burst.CodeGen.BurstILPostProcessor

running Unity.Jobs.CodeGen.JobsILPostProcessor

running zzzUnity.Burst.CodeGen.BurstILPostProcessor
[931/937    0s] CopyFiles Library/ScriptAssemblies/Assembly-CSharp.pdb
[932/937    0s] CopyFiles Library/ScriptAssemblies/Assembly-CSharp.dll
[933/937    0s] Csc Library/Bee/artifacts/1900b0aE.dag/Assembly-CSharp-Editor.dll (+2 others)
[934/937    0s] ILPostProcess Library/Bee/artifacts/1900b0aE.dag/post-processed/Assembly-CSharp-Editor.dll (+pdb)
Processing assembly Library/Bee/artifacts/1900b0aE.dag/Assembly-CSharp-Editor.dll, with 140 defines and 362 references

processors: Unity.Jobs.CodeGen.JobsILPostProcessor, zzzUnity.Burst.CodeGen.BurstILPostProcessor

running Unity.Jobs.CodeGen.JobsILPostProcessor

running zzzUnity.Burst.CodeGen.BurstILPostProcessor
[935/937    0s] CopyFiles Library/ScriptAssemblies/Assembly-CSharp-Editor.dll
[936/937    0s] CopyFiles Library/ScriptAssemblies/Assembly-CSharp-Editor.pdb
*** Tundra build success (2.08 seconds), 9 items updated, 937 evaluated
Reloading assemblies after forced synchronous recompile.
Begin MonoManager ReloadAssembly
Total cache size 267245200
Total cache size after purge 267245200, took 00:00:00.6506156
Native extension for WindowsStandalone target not found
Native extension for WebGL target not found
[MODES] ModeService[none].Initialize
[MODES] ModeService[none].LoadModes
ScheduleIndexationOnStartup MainProcess:True IndexOnStartup:True
Mono: successfully reloaded assembly
- Finished resetting the current domain, in  2.613 seconds
Domain Reload Profiling: 14263ms
	BeginReloadAssembly (11075ms)
		DisableScriptedObjects (117ms)
		CreateAndSetChildDomain (587ms)
	RebuildCommonClasses (15ms)
	RebuildNativeTypeToScriptingClass (22ms)
	initialDomainReloadingComplete (73ms)
	LoadAllAssembliesAndSetupDomain (465ms)
		LoadAssemblies (168ms)
		AnalyzeDomain (284ms)
			TypeCache.Refresh (11ms)
			BuildScriptInfoCaches (241ms)
			ResolveRequiredComponents (30ms)
	FinalizeReload (2614ms)
		SetupLoadedEditorAssemblies (0ms)
			InitializePlatformSupportModulesInManaged (3ms)
			BeforeProcessingInitializeOnLoad (240ms)
			ProcessInitializeOnLoadAttributes (558ms)
			ProcessInitializeOnLoadMethodAttributes (190ms)
			AfterProcessingInitializeOnLoad (7ms)
		AwakeInstancesAfterBackupRestoration (881ms)

Asset Pipeline Refresh (id=66a2a7adcfbee0742a87f1f94c55b8b2): Total: 15.090 seconds - Initiated by RefreshV2(AllowForceSynchronousImport)
	(Values over 0.05ms)
	Summary:
		Imports: total=0 (actual=0, local cache=0, cache server=0)
		Asset DB Process Time: managed=0 ms, native=2787 ms
		Asset DB Callback time: managed=49 ms, native=0 ms
		Scripting: domain reloads=1, domain reload time=11756 ms, compile time=496 ms, other=0 ms
		Project Asset Count: scripts=1362, non-scripts=2318
		Asset File Changes: new=0, changed=0, moved=0, deleted=0
		Scan Filter Count: 0
	InvokePackagesCallback: 2.051ms
	ApplyChangesToAssetFolders: 0.447ms
	Scan: 3.613ms
	Collect global state as custom dependencies: 3.878ms
	ProcessAssetsWithTransientArtifactChanges: 7.542ms
	CategorizeAssets: 57.282ms
	CompileScripts: 495.932ms
	ImportOutOfDateAssets: 2666.668ms (2628.596ms without children)
		CollectScriptTypesHashes: 1.552ms
		ReloadNativeAssets: 1.306ms
		UnloadImportedAssets: 0.334ms
		EnsureUptoDateAssetsAreRegisteredWithGuidPM: 0.785ms
		ImportSchedulerStart: 35.613ms
	PostProcessAllAssets: 49.258ms
		MonoPostProcessAllAssets: 49.252ms
			UniversalRenderPipelineGlobalSettingsPostprocessor.OnPostprocessAllAssets 15.190ms
			AssetChangedListener.OnPostprocessAllAssets 7.164ms
			BuilderAssetPostprocessor.OnPostprocessAllAssets 7.014ms
			AssetPostprocessor.OnPostprocessAllAssets 5.447ms
			SyncVS.PostprocessSyncProject 4.075ms
			WindowAssetPostprocessingWatcher.OnPostprocessAllAssets 4.032ms
			ShaderGraphAssetPostProcessor.OnPostprocessAllAssets 2.585ms
			SpeedTree9Postprocessor.OnPostprocessAllAssets 2.327ms
			RenderPipelineGlobalSettingsPostprocessor.OnPostprocessAllAssets 2.098ms
			EditModeScopePostprocessor.OnPostprocessAllAssets 1.497ms
			RetainedModeAssetPostprocessor.OnPostprocessAllAssets 1.402ms
			ReferencedClipsPostProcessor.OnPostprocessAllAssets 1.211ms
			ProjectSettingsPostprocessor.OnPostprocessAllAssets 0.866ms
			MaterialPostprocessor.OnPostprocessAllAssets 0.783ms
			TMPro_TexturePostProcessor.OnPostprocessAllAssets 0.650ms
			ArtifactBrowserPostProcessor.OnPostprocessAllAssets 0.643ms
			TextAssetPostProcessor.OnPostprocessAllAssets 0.527ms
			ShaderReflectionAssetPostProcessor.OnPostprocessAllAssets 0.458ms
			AudioMixerPostprocessor.OnPostprocessAllAssets 0.435ms
			AssetDatabaseCallbacks.OnPostprocessAllAssets 0.410ms
			InputActionJsonNameModifierAssetProcessor.OnPostprocessAllAssets 0.410ms
			SampleDependencyImporterPostProcessor.OnPostprocessAllAssets 0.408ms
			PostProcessor.OnPostprocessAllAssets 0.406ms
			UVCSAssetPostprocessor.OnPostprocessAllAssets 0.385ms
			InputActionAssetPostprocessor.OnPostprocessAllAssets 0.328ms
			AssetEvents.OnPostprocessAllAssets 0.274ms
			SpeedTreePostProcessor.OnPostprocessAllAssets 0.266ms
			StyleCatalogPostProcessor.OnPostprocessAllAssets 0.245ms
			SamplePostprocessor.OnPostprocessAllAssets 0.229ms
			TerrainToolbarOverlayPostProcessor.OnPostprocessAllAssets 0.172ms
			ScenarioDriftAssetsTracker.OnPostprocessAllAssets 0.154ms
			AssetReloadNotifier.OnPostprocessAllAssets 0.144ms
			ConfigAssetsTracker.OnPostprocessAllAssets 0.143ms
			AudioContainerPostProcessor.OnPostprocessAllAssets 0.088ms
	GatherAllCurrentPrimaryImportResultRevisions: 0.156ms
	PersistCurrentRevisions: 0.116ms
	GenerateScriptTypeHashes: 2.834ms
	GenerateScriptTypeSerializationHashes: 4.724ms
	Untracked: 11798.082ms

[Licensing::Client] Successfully resolved entitlement details
[Licensing::Client] Successfully resolved entitlement details
[Licensing::Client] Successfully resolved entitlement details
[Licensing::Client] Successfully resolved entitlement details
Project ID request failed, Reason: The requested URL returned error: 401 (401).
Unknown Unity Connect error (400). Please contact support at support@unity.com while processing request "https://services.unity.com/api/unity/legacy/v1/projects/291acd71-118b-40ac-89d3-7ffcec4a79ac", HTTP error code 401
.Project ID request failed, Reason: The requested URL returned error: 401 (401).
Unknown Unity Connect error (400). Please contact support at support@unity.com while processing request "https://services.unity.com/api/unity/legacy/v1/projects/291acd71-118b-40ac-89d3-7ffcec4a79ac", HTTP error code 401
.[Licensing::Client] Successfully resolved entitlement details
[Licensing::Client] Successfully updated the access token
[Licensing::Module] Successfully updated access token: "vCjzSm7f"... (expires: 2026-09-23T05:23:32Z)
[Licensing::Client] Successfully resolved entitlement details
[Licensing::Client] Successfully resolved entitlement details
UPID Received '291acd71-118b-40ac-89d3-7ffcec4a79ac'.
[ScriptCompilation] Requested script compilation because: AssetDatabase observed changes in script compilation related files
Refreshing native plugins compatible for Editor in 2.56 ms, found 4 plugins.
Asset Pipeline Refresh (id=566c17b79a243634495d95fea892fce1): Total: 0.130 seconds - Initiated by RefreshV2(NoUpdateAssetOptions)
[Licensing::Client] Successfully resolved entitlement details
info: Microsoft.AspNetCore.Hosting.Diagnostics[1]
      Request starting HTTP/2 POST http://ilpp/UnityILPP.PostProcessing/Ping - application/grpc -
info: Microsoft.AspNetCore.Routing.EndpointMiddleware[0]
      Executing endpoint 'gRPC - /UnityILPP.PostProcessing/Ping'
info: Microsoft.AspNetCore.Routing.EndpointMiddleware[1]
      Executed endpoint 'gRPC - /UnityILPP.PostProcessing/Ping'
info: Microsoft.AspNetCore.Hosting.Diagnostics[2]
      Request finished HTTP/2 POST http://ilpp/UnityILPP.PostProcessing/Ping - 200 - application/grpc 0.2671ms
Starting: C:\Program Files\Unity\Hub\Editor\6000.5.6f1\Editor\Data\Tools\BuildPipeline\bee_backend.exe --ipc --defer-dag-verification --dagfile="Library/Bee/1900b0aE.dag" --continue-on-failure --profile="Library/Bee/backend1.traceevents" ScriptAssemblies
WorkingDir: D:/Private/unity projects/graduation project
info: Microsoft.AspNetCore.Hosting.Diagnostics[1]
      Request starting HTTP/2 POST http://ilpp/UnityILPP.PostProcessing/ConfigurePostProcessors - application/grpc -
info: Microsoft.AspNetCore.Routing.EndpointMiddleware[0]
      Executing endpoint 'gRPC - /UnityILPP.PostProcessing/ConfigurePostProcessors'
info: Unity.ILPP.Runner.PostProcessingAssemblyLoadContext[0]
      Current configuration matches the requested one, skipping
info: Microsoft.AspNetCore.Routing.EndpointMiddleware[1]
      Executed endpoint 'gRPC - /UnityILPP.PostProcessing/ConfigurePostProcessors'
info: Microsoft.AspNetCore.Hosting.Diagnostics[2]
      Request finished HTTP/2 POST http://ilpp/UnityILPP.PostProcessing/ConfigurePostProcessors - 200 - application/grpc 1.1844ms
ExitCode: 3 Duration: 0s308ms
[736/937    0s] ILPP-Configuration Library/ilpp-configuration.nevergeneratedoutput
[929/937    0s] Csc Library/Bee/artifacts/1900b0aE.dag/Assembly-CSharp.dll (+2 others)
##### CommandLine
"C:\Program Files\Unity\Hub\Editor\6000.5.6f1\Editor\Data\DotNetSdk\dotnet.exe" exec "C:/Program Files/Unity/Hub/Editor/6000.5.6f1/Editor/Data/DotNetSdk/sdk/8.0.318/Roslyn/bincore/csc.dll" /nostdlib /noconfig /shared "@Library/Bee/artifacts/1900b0aE.dag/Assembly-CSharp.rsp" "@Library/Bee/artifacts/1900b0aE.dag/Assembly-CSharp.rsp2"
##### Contents of Library\Bee\artifacts\1900b0aE.dag\Assembly-CSharp.rsp
-target:library
-out:"Library/Bee/artifacts/1900b0aE.dag/Assembly-CSharp.dll"
-refout:"Library/Bee/artifacts/1900b0aE.dag/Assembly-CSharp.ref.dll"
-define:UNITY_6000_5_6
-define:UNITY_6000_5
-define:UNITY_6000
-define:UNITY_5_3_OR_NEWER
-define:UNITY_5_4_OR_NEWER
-define:UNITY_5_5_OR_NEWER
-define:UNITY_5_6_OR_NEWER
-define:UNITY_2017_1_OR_NEWER
-define:UNITY_2017_2_OR_NEWER
-define:UNITY_2017_3_OR_NEWER
-define:UNITY_2017_4_OR_NEWER
-define:UNITY_2018_1_OR_NEWER
-define:UNITY_2018_2_OR_NEWER
-define:UNITY_2018_3_OR_NEWER
-define:UNITY_2018_4_OR_NEWER
-define:UNITY_2019_1_OR_NEWER
-define:UNITY_2019_2_OR_NEWER
-define:UNITY_2019_3_OR_NEWER
-define:UNITY_2019_4_OR_NEWER
-define:UNITY_2020_1_OR_NEWER
-define:UNITY_2020_2_OR_NEWER
-define:UNITY_2020_3_OR_NEWER
-define:UNITY_2021_1_OR_NEWER
-define:UNITY_2021_2_OR_NEWER
-define:UNITY_2021_3_OR_NEWER
-define:UNITY_2022_1_OR_NEWER
-define:UNITY_2022_2_OR_NEWER
-define:UNITY_2022_3_OR_NEWER
-define:UNITY_2023_1_OR_NEWER
-define:UNITY_2023_2_OR_NEWER
-define:UNITY_2023_3_OR_NEWER
-define:UNITY_6000_0_OR_NEWER
-define:UNITY_6000_1_OR_NEWER
-define:UNITY_6000_2_OR_NEWER
-define:UNITY_6000_3_OR_NEWER
-define:UNITY_6000_4_OR_NEWER
-define:UNITY_6000_5_OR_NEWER
-define:PLATFORM_ARCH_64
-define:UNITY_64
-define:UNITY_INCLUDE_TESTS
-define:UNITY_ENABLE_CLOUD_SERVICES_ENGINE_DIAGNOSTICS_MANAGED
-define:ENABLE_AR
-define:ENABLE_AUDIO
-define:ENABLE_AUDIO_SCRIPTABLE_PIPELINE
-define:ENABLE_CACHING
-define:ENABLE_CLOTH
-define:ENABLE_EVENT_QUEUE
-define:ENABLE_MICROPHONE
-define:ENABLE_MULTIPLE_DISPLAYS
-define:ENABLE_PHYSICS
-define:ENABLE_TEXTURE_STREAMING
-define:ENABLE_VIRTUALTEXTURING
-define:ENABLE_LZMA
-define:ENABLE_UNITYEVENTS
-define:ENABLE_VR
-define:ENABLE_WEBCAM
-define:ENABLE_UNITYWEBREQUEST
-define:ENABLE_WWW
-define:ENABLE_CLOUD_SERVICES
-define:ENABLE_CLOUD_SERVICES_ADS
-define:ENABLE_CLOUD_SERVICES_USE_WEBREQUEST
-define:ENABLE_UNITY_CONSENT
-define:ENABLE_UNITY_CLOUD_IDENTIFIERS
-define:ENABLE_CLOUD_SERVICES_CRASH_REPORTING
-define:ENABLE_CLOUD_SERVICES_NATIVE_CRASH_REPORTING
-define:ENABLE_CLOUD_SERVICES_PURCHASING
-define:ENABLE_CLOUD_SERVICES_ANALYTICS
-define:ENABLE_CLOUD_SERVICES_BUILD
-define:ENABLE_EDITOR_GAME_SERVICES
-define:ENABLE_UNITY_GAME_SERVICES_ANALYTICS_SUPPORT
-define:ENABLE_CLOUD_LICENSE
-define:ENABLE_EDITOR_HUB_LICENSE
-define:ENABLE_WEBSOCKET_CLIENT
-define:ENABLE_GENERATE_NATIVE_PLUGINS_FOR_ASSEMBLIES_API
-define:ENABLE_DIRECTOR_AUDIO
-define:ENABLE_DIRECTOR_TEXTURE
-define:ENABLE_MANAGED_JOBS
-define:ENABLE_MANAGED_TRANSFORM_JOBS
-define:ENABLE_MANAGED_ANIMATION_JOBS
-define:ENABLE_MANAGED_AUDIO_JOBS
-define:ENABLE_MANAGED_UNITYTLS
-define:INCLUDE_DYNAMIC_GI
-define:ENABLE_SCRIPTING_GC_WBARRIERS
-define:PLATFORM_SUPPORTS_MONO
-define:RENDER_SOFTWARE_CURSOR
-define:ENABLE_MARSHALLING_TESTS
-define:ENABLE_VIDEO
-define:ENABLE_NAVIGATION_OFFMESHLINK_TO_NAVMESHLINK
-define:ENABLE_ACCELERATOR_CLIENT_DEBUGGING
-define:ENABLE_ACCESSIBILITY_SCREEN_READER
-define:TEXTCORE_1_0_OR_NEWER
-define:EDITOR_ONLY_NAVMESH_BUILDER_DEPRECATED
-define:PLATFORM_STANDALONE_WIN
-define:PLATFORM_STANDALONE
-define:UNITY_STANDALONE_WIN
-define:UNITY_STANDALONE
-define:ENABLE_RUNTIME_GI
-define:ENABLE_MOVIES
-define:ENABLE_NETWORK
-define:ENABLE_NVIDIA
-define:ENABLE_AMD
-define:ENABLE_CRUNCH_TEXTURE_COMPRESSION
-define:ENABLE_CLOUD_SERVICES_ENGINE_DIAGNOSTICS
-define:ENABLE_OUT_OF_PROCESS_CRASH_HANDLER
-define:ENABLE_CLUSTER_SYNC
-define:ENABLE_CLUSTERINPUT
-define:PLATFORM_UPDATES_TIME_OUTSIDE_OF_PLAYER_LOOP
-define:GFXDEVICE_WAITFOREVENT_MESSAGEPUMP
-define:PLATFORM_USES_EXPLICIT_MEMORY_MANAGER_INITIALIZER
-define:PLATFORM_SUPPORTS_WAIT_FOR_PRESENTATION
-define:PLATFORM_SUPPORTS_SPLIT_GRAPHICS_JOBS
-define:PLATFORM_USES_VULKAN_OLD_SWAPCHAIN
-define:USE_READ_ASYNC_MANAGED_API
-define:ENABLE_MONO
-define:NET_STANDARD_2_0
-define:NET_STANDARD
-define:NET_STANDARD_2_1
-define:NETSTANDARD
-define:NETSTANDARD2_1
-define:ENABLE_PROFILER
-define:DEBUG
-define:TRACE
-define:UNITY_ASSERTIONS
-define:UNITY_EDITOR
-define:UNITY_EDITOR_64
-define:UNITY_EDITOR_WIN
-define:ENABLE_UNITY_COLLECTIONS_CHECKS
-define:ENABLE_BURST_AOT
-define:UNITY_TEAM_LICENSE
-define:ENABLE_CUSTOM_RENDER_TEXTURE
-define:ENABLE_DIRECTOR
-define:ENABLE_LOCALIZATION
-define:ENABLE_SPRITES
-define:ENABLE_TERRAIN
-define:ENABLE_TILEMAP
-define:ENABLE_TIMELINE
-define:ENABLE_INPUT_SYSTEM
-define:TEXTCORE_FONT_ENGINE_1_5_OR_NEWER
-define:TEXTCORE_TEXT_ENGINE_1_5_OR_NEWER
-define:TEXTCORE_FONT_ENGINE_1_6_OR_NEWER
-define:CSHARP_7_OR_LATER
-define:CSHARP_7_3_OR_NEWER
-r:"C:/Program Files/Unity/Hub/Editor/6000.5.6f1/Editor/Data/BCLExtensions/TargetingPacks/netstandard2.1/ref/Microsoft.Bcl.AsyncInterfaces.dll"
-r:"C:/Program Files/Unity/Hub/Editor/6000.5.6f1/Editor/Data/BCLExtensions/TargetingPacks/netstandard2.1/ref/Microsoft.Extensions.DependencyInjection.Abstractions.dll"
-r:"C:/Program Files/Unity/Hub/Editor/6000.5.6f1/Editor/Data/BCLExtensions/TargetingPacks/netstandard2.1/ref/Microsoft.Extensions.Logging.Abstractions.dll"
-r:"C:/Program Files/Unity/Hub/Editor/6000.5.6f1/Editor/Data/BCLExtensions/TargetingPacks/netstandard2.1/ref/System.Collections.Immutable.dll"
-r:"C:/Program Files/Unity/Hub/Editor/6000.5.6f1/Editor/Data/BCLExtensions/TargetingPacks/netstandard2.1/ref/System.Diagnostics.DiagnosticSource.dll"
-r:"C:/Program Files/Unity/Hub/Editor/6000.5.6f1/Editor/Data/BCLExtensions/TargetingPacks/netstandard2.1/ref/System.IO.Hashing.dll"
-r:"C:/Program Files/Unity/Hub/Editor/6000.5.6f1/Editor/Data/BCLExtensions/TargetingPacks/netstandard2.1/ref/System.Reflection.Metadata.dll"
-r:"C:/Program Files/Unity/Hub/Editor/6000.5.6f1/Editor/Data/BCLExtensions/TargetingPacks/netstandard2.1/ref/System.Runtime.CompilerServices.Unsafe.dll"
-r:"C:/Program Files/Unity/Hub/Editor/6000.5.6f1/Editor/Data/BCLExtensions/TargetingPacks/netstandard2.1/ref/System.Text.Encodings.Web.dll"
-r:"C:/Program Files/Unity/Hub/Editor/6000.5.6f1/Editor/Data/BCLExtensions/TargetingPacks/netstandard2.1/ref/System.Text.Json.dll"
-r:"C:/Program Files/Unity/Hub/Editor/6000.5.6f1/Editor/Data/Managed/UnityEngine/Unity.Scripting.dll"
-r:"C:/Program Files/Unity/Hub/Editor/6000.5.6f1/Editor/Data/Managed/UnityEngine/UnityEditor.AIModule.dll"
-r:"C:/Program Files/Unity/Hub/Editor/6000.5.6f1/Editor/Data/Managed/UnityEngine/UnityEditor.AccessibilityModule.dll"
-r:"C:/Program Files/Unity/Hub/Editor/6000.5.6f1/Editor/Data/Managed/UnityEngine/UnityEditor.AdaptivePerformanceModule.dll"
-r:"C:/Program Files/Unity/Hub/Editor/6000.5.6f1/Editor/Data/Managed/UnityEngine/UnityEditor.AssetComplianceModule.dll"
-r:"C:/Program Files/Unity/Hub/Editor/6000.5.6f1/Editor/Data/Managed/UnityEngine/UnityEditor.BuildProfileModule.dll"
-r:"C:/Program Files/Unity/Hub/Editor/6000.5.6f1/Editor/Data/Managed/UnityEngine/UnityEditor.ClothModule.dll"
-r:"C:/Program Files/Unity/Hub/Editor/6000.5.6f1/Editor/Data/Managed/UnityEngine/UnityEditor.ContentLoadModule.dll"
-r:"C:/Program Files/Unity/Hub/Editor/6000.5.6f1/Editor/Data/Managed/UnityEngine/UnityEditor.CoreBusinessMetricsModule.dll"
-r:"C:/Program Files/Unity/Hub/Editor/6000.5.6f1/Editor/Data/Managed/UnityEngine/UnityEditor.CoreModule.dll"
-r:"C:/Program Files/Unity/Hub/Editor/6000.5.6f1/Editor/Data/Managed/UnityEngine/UnityEditor.DeviceSimulatorModule.dll"
-r:"C:/Program Files/Unity/Hub/Editor/6000.5.6f1/Editor/Data/Managed/UnityEngine/UnityEditor.DiagnosticsModule.dll"
-r:"C:/Program Files/Unity/Hub/Editor/6000.5.6f1/Editor/Data/Managed/UnityEngine/UnityEditor.EditorToolbarModule.dll"
-r:"C:/Program Files/Unity/Hub/Editor/6000.5.6f1/Editor/Data/Managed/UnityEngine/UnityEditor.EmbreeModule.dll"
-r:"C:/Program Files/Unity/Hub/Editor/6000.5.6f1/Editor/Data/Managed/UnityEngine/UnityEditor.GIModule.dll"
-r:"C:/Program Files/Unity/Hub/Editor/6000.5.6f1/Editor/Data/Managed/UnityEngine/UnityEditor.GenericRemoteModule.dll"
-r:"C:/Program Files/Unity/Hub/Editor/6000.5.6f1/Editor/Data/Managed/UnityEngine/UnityEditor.GraphToolkitModule.dll"
-r:"C:/Program Files/Unity/Hub/Editor/6000.5.6f1/Editor/Data/Managed/UnityEngine/UnityEditor.GraphViewModule.dll"
-r:"C:/Program Files/Unity/Hub/Editor/6000.5.6f1/Editor/Data/Managed/UnityEngine/UnityEditor.GraphicsStateCollectionSerializerModule.dll"
-r:"C:/Program Files/Unity/Hub/Editor/6000.5.6f1/Editor/Data/Managed/UnityEngine/UnityEditor.GridAndSnapModule.dll"
-r:"C:/Program Files/Unity/Hub/Editor/6000.5.6f1/Editor/Data/Managed/UnityEngine/UnityEditor.GridModule.dll"
-r:"C:/Program Files/Unity/Hub/Editor/6000.5.6f1/Editor/Data/Managed/UnityEngine/UnityEditor.HierarchyModule.dll"
-r:"C:/Program Files/Unity/Hub/Editor/6000.5.6f1/Editor/Data/Managed/UnityEngine/UnityEditor.LightingModule.dll"
-r:"C:/Program Files/Unity/Hub/Editor/6000.5.6f1/Editor/Data/Managed/UnityEngine/UnityEditor.MathematicsModule.dll"
-r:"C:/Program Files/Unity/Hub/Editor/6000.5.6f1/Editor/Data/Managed/UnityEngine/UnityEditor.MediaModule.dll"
-r:"C:/Program Files/Unity/Hub/Editor/6000.5.6f1/Editor/Data/Managed/UnityEngine/UnityEditor.MultiplayerModule.dll"
-r:"C:/Program Files/Unity/Hub/Editor/6000.5.6f1/Editor/Data/Managed/UnityEngine/UnityEditor.Physics2DModule.dll"
-r:"C:/Program Files/Unity/Hub/Editor/6000.5.6f1/Editor/Data/Managed/UnityEngine/UnityEditor.PhysicsCore2DModule.dll"
-r:"C:/Program Files/Unity/Hub/Editor/6000.5.6f1/Editor/Data/Managed/UnityEngine/UnityEditor.PhysicsModule.dll"
-r:"C:/Program Files/Unity/Hub/Editor/6000.5.6f1/Editor/Data/Managed/UnityEngine/UnityEditor.PlayModeModule.dll"
-r:"C:/Program Files/Unity/Hub/Editor/6000.5.6f1/Editor/Data/Managed/UnityEngine/UnityEditor.PresetsUIModule.dll"
-r:"C:/Program Files/Unity/Hub/Editor/6000.5.6f1/Editor/Data/Managed/UnityEngine/UnityEditor.ProjectAuditorModule.dll"
-r:"C:/Program Files/Unity/Hub/Editor/6000.5.6f1/Editor/Data/Managed/UnityEngine/UnityEditor.PropertiesModule.dll"
-r:"C:/Program Files/Unity/Hub/Editor/6000.5.6f1/Editor/Data/Managed/UnityEngine/UnityEditor.QuickInstallModule.dll"
-r:"C:/Program Files/Unity/Hub/Editor/6000.5.6f1/Editor/Data/Managed/UnityEngine/UnityEditor.QuickSearchModule.dll"
-r:"C:/Program Files/Unity/Hub/Editor/6000.5.6f1/Editor/Data/Managed/UnityEngine/UnityEditor.SafeModeModule.dll"
-r:"C:/Program Files/Unity/Hub/Editor/6000.5.6f1/Editor/Data/Managed/UnityEngine/UnityEditor.SceneTemplateModule.dll"
-r:"C:/Program Files/Unity/Hub/Editor/6000.5.6f1/Editor/Data/Managed/UnityEngine/UnityEditor.SceneViewModule.dll"
-r:"C:/Program Files/Unity/Hub/Editor/6000.5.6f1/Editor/Data/Managed/UnityEngine/UnityEditor.ShaderBuildSettingsModule.dll"
-r:"C:/Program Files/Unity/Hub/Editor/6000.5.6f1/Editor/Data/Managed/UnityEngine/UnityEditor.ShaderCompilationModule.dll"
-r:"C:/Program Files/Unity/Hub/Editor/6000.5.6f1/Editor/Data/Managed/UnityEngine/UnityEditor.ShaderFoundryModule.dll"
-r:"C:/Program Files/Unity/Hub/Editor/6000.5.6f1/Editor/Data/Managed/UnityEngine/UnityEditor.SketchUpModule.dll"
-r:"C:/Program Files/Unity/Hub/Editor/6000.5.6f1/Editor/Data/Managed/UnityEngine/UnityEditor.SpriteMaskModule.dll"
-r:"C:/Program Files/Unity/Hub/Editor/6000.5.6f1/Editor/Data/Managed/UnityEngine/UnityEditor.SpriteShapeModule.dll"
-r:"C:/Program Files/Unity/Hub/Editor/6000.5.6f1/Editor/Data/Managed/UnityEngine/UnityEditor.SubstanceModule.dll"
-r:"C:/Program Files/Unity/Hub/Editor/6000.5.6f1/Editor/Data/Managed/UnityEngine/UnityEditor.TerrainModule.dll"
-r:"C:/Program Files/Unity/Hub/Editor/6000.5.6f1/Editor/Data/Managed/UnityEngine/UnityEditor.TextCoreFontEngineModule.dll"
-r:"C:/Program Files/Unity/Hub/Editor/6000.5.6f1/Editor/Data/Managed/UnityEngine/UnityEditor.TextCoreTextEngineModule.dll"
-r:"C:/Program Files/Unity/Hub/Editor/6000.5.6f1/Editor/Data/Managed/UnityEngine/UnityEditor.TextRenderingModule.dll"
-r:"C:/Program Files/Unity/Hub/Editor/6000.5.6f1/Editor/Data/Managed/UnityEngine/UnityEditor.TilemapModule.dll"
-r:"C:/Program Files/Unity/Hub/Editor/6000.5.6f1/Editor/Data/Managed/UnityEngine/UnityEditor.TreeModule.dll"
-r:"C:/Program Files/Unity/Hub/Editor/6000.5.6f1/Editor/Data/Managed/UnityEngine/UnityEditor.U2DModule.dll"
-r:"C:/Program Files/Unity/Hub/Editor/6000.5.6f1/Editor/Data/Managed/UnityEngine/UnityEditor.UIAutomationModule.dll"
-r:"C:/Program Files/Unity/Hub/Editor/6000.5.6f1/Editor/Data/Managed/UnityEngine/UnityEditor.UIBuilderModule.dll"
-r:"C:/Program Files/Unity/Hub/Editor/6000.5.6f1/Editor/Data/Managed/UnityEngine/UnityEditor.UIElementsModule.dll"
-r:"C:/Program Files/Unity/Hub/Editor/6000.5.6f1/Editor/Data/Managed/UnityEngine/UnityEditor.UIElementsSamplesModule.dll"
-r:"C:/Program Files/Unity/Hub/Editor/6000.5.6f1/Editor/Data/Managed/UnityEngine/UnityEditor.UIToolkitAuthoringModule.dll"
-r:"C:/Program Files/Unity/Hub/Editor/6000.5.6f1/Editor/Data/Managed/UnityEngine/UnityEditor.UmbraModule.dll"
-r:"C:/Program Files/Unity/Hub/Editor/6000.5.6f1/Editor/Data/Managed/UnityEngine/UnityEditor.UnityConnectModule.dll"
-r:"C:/Program Files/Unity/Hub/Editor/6000.5.6f1/Editor/Data/Managed/UnityEngine/UnityEditor.VFXModule.dll"
-r:"C:/Program Files/Unity/Hub/Editor/6000.5.6f1/Editor/Data/Managed/UnityEngine/UnityEditor.VectorGraphicsModule.dll"
-r:"C:/Program Files/Unity/Hub/Editor/6000.5.6f1/Editor/Data/Managed/UnityEngine/UnityEditor.VideoModule.dll"
-r:"C:/Program Files/Unity/Hub/Editor/6000.5.6f1/Editor/Data/Managed/UnityEngine/UnityEditor.XRModule.dll"
-r:"C:/Program Files/Unity/Hub/Editor/6000.5.6f1/Editor/Data/Managed/UnityEngine/UnityEditor.dll"
-r:"C:/Program Files/Unity/Hub/Editor/6000.5.6f1/Editor/Data/Managed/UnityEngine/UnityEngine.AIModule.dll"
-r:"C:/Program Files/Unity/Hub/Editor/6000.5.6f1/Editor/Data/Managed/UnityEngine/UnityEngine.ARModule.dll"
-r:"C:/Program Files/Unity/Hub/Editor/6000.5.6f1/Editor/Data/Managed/UnityEngine/UnityEngine.AccessibilityModule.dll"
-r:"C:/Program Files/Unity/Hub/Editor/6000.5.6f1/Editor/Data/Managed/UnityEngine/UnityEngine.AdaptivePerformanceModule.dll"
-r:"C:/Program Files/Unity/Hub/Editor/6000.5.6f1/Editor/Data/Managed/UnityEngine/UnityEngine.AndroidJNIModule.dll"
-r:"C:/Program Files/Unity/Hub/Editor/6000.5.6f1/Editor/Data/Managed/UnityEngine/UnityEngine.AnimationModule.dll"
-r:"C:/Program Files/Unity/Hub/Editor/6000.5.6f1/Editor/Data/Managed/UnityEngine/UnityEngine.AssetBundleModule.dll"
-r:"C:/Program Files/Unity/Hub/Editor/6000.5.6f1/Editor/Data/Managed/UnityEngine/UnityEngine.AudioModule.dll"
-r:"C:/Program Files/Unity/Hub/Editor/6000.5.6f1/Editor/Data/Managed/UnityEngine/UnityEngine.ClothModule.dll"
-r:"C:/Program Files/Unity/Hub/Editor/6000.5.6f1/Editor/Data/Managed/UnityEngine/UnityEngine.ClusterInputModule.dll"
-r:"C:/Program Files/Unity/Hub/Editor/6000.5.6f1/Editor/Data/Managed/UnityEngine/UnityEngine.ClusterRendererModule.dll"
-r:"C:/Program Files/Unity/Hub/Editor/6000.5.6f1/Editor/Data/Managed/UnityEngine/UnityEngine.ContentLoadModule.dll"
-r:"C:/Program Files/Unity/Hub/Editor/6000.5.6f1/Editor/Data/Managed/UnityEngine/UnityEngine.CoreModule.dll"
-r:"C:/Program Files/Unity/Hub/Editor/6000.5.6f1/Editor/Data/Managed/UnityEngine/UnityEngine.CrashReportingModule.dll"
-r:"C:/Program Files/Unity/Hub/Editor/6000.5.6f1/Editor/Data/Managed/UnityEngine/UnityEngine.DSPGraphModule.dll"
-r:"C:/Program Files/Unity/Hub/Editor/6000.5.6f1/Editor/Data/Managed/UnityEngine/UnityEngine.DirectorModule.dll"
-r:"C:/Program Files/Unity/Hub/Editor/6000.5.6f1/Editor/Data/Managed/UnityEngine/UnityEngine.GIModule.dll"
-r:"C:/Program Files/Unity/Hub/Editor/6000.5.6f1/Editor/Data/Managed/UnityEngine/UnityEngine.GameCenterModule.dll"
-r:"C:/Program Files/Unity/Hub/Editor/6000.5.6f1/Editor/Data/Managed/UnityEngine/UnityEngine.GraphicsStateCollectionSerializerModule.dll"
-r:"C:/Program Files/Unity/Hub/Editor/6000.5.6f1/Editor/Data/Managed/UnityEngine/UnityEngine.GridModule.dll"
-r:"C:/Program Files/Unity/Hub/Editor/6000.5.6f1/Editor/Data/Managed/UnityEngine/UnityEngine.HierarchyCoreModule.dll"
-r:"C:/Program Files/Unity/Hub/Editor/6000.5.6f1/Editor/Data/Managed/UnityEngine/UnityEngine.HotReloadModule.dll"
-r:"C:/Program Files/Unity/Hub/Editor/6000.5.6f1/Editor/Data/Managed/UnityEngine/UnityEngine.IMGUIModule.dll"
-r:"C:/Program Files/Unity/Hub/Editor/6000.5.6f1/Editor/Data/Managed/UnityEngine/UnityEngine.IdentifiersModule.dll"
-r:"C:/Program Files/Unity/Hub/Editor/6000.5.6f1/Editor/Data/Managed/UnityEngine/UnityEngine.ImageConversionModule.dll"
-r:"C:/Program Files/Unity/Hub/Editor/6000.5.6f1/Editor/Data/Managed/UnityEngine/UnityEngine.InputForUIModule.dll"
-r:"C:/Program Files/Unity/Hub/Editor/6000.5.6f1/Editor/Data/Managed/UnityEngine/UnityEngine.InputLegacyModule.dll"
-r:"C:/Program Files/Unity/Hub/Editor/6000.5.6f1/Editor/Data/Managed/UnityEngine/UnityEngine.InputModule.dll"
-r:"C:/Program Files/Unity/Hub/Editor/6000.5.6f1/Editor/Data/Managed/UnityEngine/UnityEngine.InsightsModule.dll"
-r:"C:/Program Files/Unity/Hub/Editor/6000.5.6f1/Editor/Data/Managed/UnityEngine/UnityEngine.JSONSerializeModule.dll"
-r:"C:/Program Files/Unity/Hub/Editor/6000.5.6f1/Editor/Data/Managed/UnityEngine/UnityEngine.LocalizationModule.dll"
-r:"C:/Program Files/Unity/Hub/Editor/6000.5.6f1/Editor/Data/Managed/UnityEngine/UnityEngine.MarshallingModule.dll"
-r:"C:/Program Files/Unity/Hub/Editor/6000.5.6f1/Editor/Data/Managed/UnityEngine/UnityEngine.MathematicsModule.dll"
-r:"C:/Program Files/Unity/Hub/Editor/6000.5.6f1/Editor/Data/Managed/UnityEngine/UnityEngine.MultiplayerModule.dll"
-r:"C:/Program Files/Unity/Hub/Editor/6000.5.6f1/Editor/Data/Managed/UnityEngine/UnityEngine.ParticleSystemModule.dll"
-r:"C:/Program Files/Unity/Hub/Editor/6000.5.6f1/Editor/Data/Managed/UnityEngine/UnityEngine.PerformanceReportingModule.dll"
-r:"C:/Program Files/Unity/Hub/Editor/6000.5.6f1/Editor/Data/Managed/UnityEngine/UnityEngine.Physics2DModule.dll"
-r:"C:/Program Files/Unity/Hub/Editor/6000.5.6f1/Editor/Data/Managed/UnityEngine/UnityEngine.PhysicsBackendPhysXModule.dll"
-r:"C:/Program Files/Unity/Hub/Editor/6000.5.6f1/Editor/Data/Managed/UnityEngine/UnityEngine.PhysicsCore2DModule.dll"
-r:"C:/Program Files/Unity/Hub/Editor/6000.5.6f1/Editor/Data/Managed/UnityEngine/UnityEngine.PhysicsModule.dll"
-r:"C:/Program Files/Unity/Hub/Editor/6000.5.6f1/Editor/Data/Managed/UnityEngine/UnityEngine.PropertiesModule.dll"
-r:"C:/Program Files/Unity/Hub/Editor/6000.5.6f1/Editor/Data/Managed/UnityEngine/UnityEngine.RenderAs2DModule.dll"
-r:"C:/Program Files/Unity/Hub/Editor/6000.5.6f1/Editor/Data/Managed/UnityEngine/UnityEngine.RuntimeInitializeOnLoadManagerInitializerModule.dll"
-r:"C:/Program Files/Unity/Hub/Editor/6000.5.6f1/Editor/Data/Managed/UnityEngine/UnityEngine.ScreenCaptureModule.dll"
-r:"C:/Program Files/Unity/Hub/Editor/6000.5.6f1/Editor/Data/Managed/UnityEngine/UnityEngine.ScriptingModule.dll"
-r:"C:/Program Files/Unity/Hub/Editor/6000.5.6f1/Editor/Data/Managed/UnityEngine/UnityEngine.ShaderVariantAnalyticsModule.dll"
-r:"C:/Program Files/Unity/Hub/Editor/6000.5.6f1/Editor/Data/Managed/UnityEngine/UnityEngine.SharedInternalsModule.dll"
-r:"C:/Program Files/Unity/Hub/Editor/6000.5.6f1/Editor/Data/Managed/UnityEngine/UnityEngine.SpriteMaskModule.dll"
-r:"C:/Program Files/Unity/Hub/Editor/6000.5.6f1/Editor/Data/Managed/UnityEngine/UnityEngine.SpriteShapeModule.dll"
-r:"C:/Program Files/Unity/Hub/Editor/6000.5.6f1/Editor/Data/Managed/UnityEngine/UnityEngine.StreamingModule.dll"
-r:"C:/Program Files/Unity/Hub/Editor/6000.5.6f1/Editor/Data/Managed/UnityEngine/UnityEngine.SubstanceModule.dll"
-r:"C:/Program Files/Unity/Hub/Editor/6000.5.6f1/Editor/Data/Managed/UnityEngine/UnityEngine.SubsystemsModule.dll"
-r:"C:/Program Files/Unity/Hub/Editor/6000.5.6f1/Editor/Data/Managed/UnityEngine/UnityEngine.TLSModule.dll"
-r:"C:/Program Files/Unity/Hub/Editor/6000.5.6f1/Editor/Data/Managed/UnityEngine/UnityEngine.TerrainModule.dll"
-r:"C:/Program Files/Unity/Hub/Editor/6000.5.6f1/Editor/Data/Managed/UnityEngine/UnityEngine.TerrainPhysicsModule.dll"
-r:"C:/Program Files/Unity/Hub/Editor/6000.5.6f1/Editor/Data/Managed/UnityEngine/UnityEngine.TextCoreFontEngineModule.dll"
-r:"C:/Program Files/Unity/Hub/Editor/6000.5.6f1/Editor/Data/Managed/UnityEngine/UnityEngine.TextCoreTextEngineModule.dll"
-r:"C:/Program Files/Unity/Hub/Editor/6000.5.6f1/Editor/Data/Managed/UnityEngine/UnityEngine.TextRenderingModule.dll"
-r:"C:/Program Files/Unity/Hub/Editor/6000.5.6f1/Editor/Data/Managed/UnityEngine/UnityEngine.TilemapModule.dll"
-r:"C:/Program Files/Unity/Hub/Editor/6000.5.6f1/Editor/Data/Managed/UnityEngine/UnityEngine.U2DRuntimeModule.dll"
-r:"C:/Program Files/Unity/Hub/Editor/6000.5.6f1/Editor/Data/Managed/UnityEngine/UnityEngine.UIElementsModule.dll"
-r:"C:/Program Files/Unity/Hub/Editor/6000.5.6f1/Editor/Data/Managed/UnityEngine/UnityEngine.UIModule.dll"
-r:"C:/Program Files/Unity/Hub/Editor/6000.5.6f1/Editor/Data/Managed/UnityEngine/UnityEngine.UmbraModule.dll"
-r:"C:/Program Files/Unity/Hub/Editor/6000.5.6f1/Editor/Data/Managed/UnityEngine/UnityEngine.UnityAnalyticsCommonModule.dll"
-r:"C:/Program Files/Unity/Hub/Editor/6000.5.6f1/Editor/Data/Managed/UnityEngine/UnityEngine.UnityAnalyticsModule.dll"
-r:"C:/Program Files/Unity/Hub/Editor/6000.5.6f1/Editor/Data/Managed/UnityEngine/UnityEngine.UnityConnectModule.dll"
-r:"C:/Program Files/Unity/Hub/Editor/6000.5.6f1/Editor/Data/Managed/UnityEngine/UnityEngine.UnityConsentModule.dll"
-r:"C:/Program Files/Unity/Hub/Editor/6000.5.6f1/Editor/Data/Managed/UnityEngine/UnityEngine.UnityCurlModule.dll"
-r:"C:/Program Files/Unity/Hub/Editor/6000.5.6f1/Editor/Data/Managed/UnityEngine/UnityEngine.UnityWebRequestAssetBundleModule.dll"
-r:"C:/Program Files/Unity/Hub/Editor/6000.5.6f1/Editor/Data/Managed/UnityEngine/UnityEngine.UnityWebRequestAudioModule.dll"
-r:"C:/Program Files/Unity/Hub/Editor/6000.5.6f1/Editor/Data/Managed/UnityEngine/UnityEngine.UnityWebRequestModule.dll"
-r:"C:/Program Files/Unity/Hub/Editor/6000.5.6f1/Editor/Data/Managed/UnityEngine/UnityEngine.UnityWebRequestTextureModule.dll"
-r:"C:/Program Files/Unity/Hub/Editor/6000.5.6f1/Editor/Data/Managed/UnityEngine/UnityEngine.UnityWebRequestWWWModule.dll"
-r:"C:/Program Files/Unity/Hub/Editor/6000.5.6f1/Editor/Data/Managed/UnityEngine/UnityEngine.VFXModule.dll"
-r:"C:/Program Files/Unity/Hub/Editor/6000.5.6f1/Editor/Data/Managed/UnityEngine/UnityEngine.VectorGraphicsModule.dll"
-r:"C:/Program Files/Unity/Hub/Editor/6000.5.6f1/Editor/Data/Managed/UnityEngine/UnityEngine.VehiclesModule.dll"
-r:"C:/Program Files/Unity/Hub/Editor/6000.5.6f1/Editor/Data/Managed/UnityEngine/UnityEngine.VideoModule.dll"
-r:"C:/Program Files/Unity/Hub/Editor/6000.5.6f1/Editor/Data/Managed/UnityEngine/UnityEngine.VirtualTexturingModule.dll"
-r:"C:/Program Files/Unity/Hub/Editor/6000.5.6f1/Editor/Data/Managed/UnityEngine/UnityEngine.WindModule.dll"
-r:"C:/Program Files/Unity/Hub/Editor/6000.5.6f1/Editor/Data/Managed/UnityEngine/UnityEngine.XRModule.dll"
-r:"C:/Program Files/Unity/Hub/Editor/6000.5.6f1/Editor/Data/Managed/UnityEngine/UnityEngine.dll"
-r:"C:/Program Files/Unity/Hub/Editor/6000.5.6f1/Editor/Data/NetStandard/Extensions/2.0.0/System.Runtime.InteropServices.WindowsRuntime.dll"
-r:"C:/Program Files/Unity/Hub/Editor/6000.5.6f1/Editor/Data/NetStandard/compat/2.1.0/shims/netfx/System.ComponentModel.Composition.dll"
-r:"C:/Program Files/Unity/Hub/Editor/6000.5.6f1/Editor/Data/NetStandard/compat/2.1.0/shims/netfx/System.Core.dll"
-r:"C:/Program Files/Unity/Hub/Editor/6000.5.6f1/Editor/Data/NetStandard/compat/2.1.0/shims/netfx/System.Data.dll"
-r:"C:/Program Files/Unity/Hub/Editor/6000.5.6f1/Editor/Data/NetStandard/compat/2.1.0/shims/netfx/System.Drawing.dll"
-r:"C:/Program Files/Unity/Hub/Editor/6000.5.6f1/Editor/Data/NetStandard/compat/2.1.0/shims/netfx/System.IO.Compression.FileSystem.dll"
-r:"C:/Program Files/Unity/Hub/Editor/6000.5.6f1/Editor/Data/NetStandard/compat/2.1.0/shims/netfx/System.Net.dll"
-r:"C:/Program Files/Unity/Hub/Editor/6000.5.6f1/Editor/Data/NetStandard/compat/2.1.0/shims/netfx/System.Numerics.dll"
-r:"C:/Program Files/Unity/Hub/Editor/6000.5.6f1/Editor/Data/NetStandard/compat/2.1.0/shims/netfx/System.Runtime.Serialization.dll"
-r:"C:/Program Files/Unity/Hub/Editor/6000.5.6f1/Editor/Data/NetStandard/compat/2.1.0/shims/netfx/System.ServiceModel.Web.dll"
-r:"C:/Program Files/Unity/Hub/Editor/6000.5.6f1/Editor/Data/NetStandard/compat/2.1.0/shims/netfx/System.Transactions.dll"
-r:"C:/Program Files/Unity/Hub/Editor/6000.5.6f1/Editor/Data/NetStandard/compat/2.1.0/shims/netfx/System.Web.dll"
-r:"C:/Program Files/Unity/Hub/Editor/6000.5.6f1/Editor/Data/NetStandard/compat/2.1.0/shims/netfx/System.Windows.dll"
-r:"C:/Program Files/Unity/Hub/Editor/6000.5.6f1/Editor/Data/NetStandard/compat/2.1.0/shims/netfx/System.Xml.Linq.dll"
-r:"C:/Program Files/Unity/Hub/Editor/6000.5.6f1/Editor/Data/NetStandard/compat/2.1.0/shims/netfx/System.Xml.Serialization.dll"
-r:"C:/Program Files/Unity/Hub/Editor/6000.5.6f1/Editor/Data/NetStandard/compat/2.1.0/shims/netfx/System.Xml.dll"
-r:"C:/Program Files/Unity/Hub/Editor/6000.5.6f1/Editor/Data/NetStandard/compat/2.1.0/shims/netfx/System.dll"
-r:"C:/Program Files/Unity/Hub/Editor/6000.5.6f1/Editor/Data/NetStandard/compat/2.1.0/shims/netfx/mscorlib.dll"
-r:"C:/Program Files/Unity/Hub/Editor/6000.5.6f1/Editor/Data/NetStandard/compat/2.1.0/shims/netstandard/Microsoft.Win32.Primitives.dll"
-r:"C:/Program Files/Unity/Hub/Editor/6000.5.6f1/Editor/Data/NetStandard/compat/2.1.0/shims/netstandard/System.AppContext.dll"
-r:"C:/Program Files/Unity/Hub/Editor/6000.5.6f1/Editor/Data/NetStandard/compat/2.1.0/shims/netstandard/System.Buffers.dll"
-r:"C:/Program Files/Unity/Hub/Editor/6000.5.6f1/Editor/Data/NetStandard/compat/2.1.0/shims/netstandard/System.Collections.Concurrent.dll"
-r:"C:/Program Files/Unity/Hub/Editor/6000.5.6f1/Editor/Data/NetStandard/compat/2.1.0/shims/netstandard/System.Collections.NonGeneric.dll"
-r:"C:/Program Files/Unity/Hub/Editor/6000.5.6f1/Editor/Data/NetStandard/compat/2.1.0/shims/netstandard/System.Collections.Specialized.dll"
-r:"C:/Program Files/Unity/Hub/Editor/6000.5.6f1/Editor/Data/NetStandard/compat/2.1.0/shims/netstandard/System.Collections.dll"
-r:"C:/Program Files/Unity/Hub/Editor/6000.5.6f1/Editor/Data/NetStandard/compat/2.1.0/shims/netstandard/System.ComponentModel.EventBasedAsync.dll"
-r:"C:/Program Files/Unity/Hub/Editor/6000.5.6f1/Editor/Data/NetStandard/compat/2.1.0/shims/netstandard/System.ComponentModel.Primitives.dll"
-r:"C:/Program Files/Unity/Hub/Editor/6000.5.6f1/Editor/Data/NetStandard/compat/2.1.0/shims/netstandard/System.ComponentModel.TypeConverter.dll"
-r:"C:/Program Files/Unity/Hub/Editor/6000.5.6f1/Editor/Data/NetStandard/compat/2.1.0/shims/netstandard/System.ComponentModel.dll"
-r:"C:/Program Files/Unity/Hub/Editor/6000.5.6f1/Editor/Data/NetStandard/compat/2.1.0/shims/netstandard/System.Console.dll"
-r:"C:/Program Files/Unity/Hub/Editor/6000.5.6f1/Editor/Data/NetStandard/compat/2.1.0/shims/netstandard/System.Data.Common.dll"
-r:"C:/Program Files/Unity/Hub/Editor/6000.5.6f1/Editor/Data/NetStandard/compat/2.1.0/shims/netstandard/System.Diagnostics.Contracts.dll"
-r:"C:/Program Files/Unity/Hub/Editor/6000.5.6f1/Editor/Data/NetStandard/compat/2.1.0/shims/netstandard/System.Diagnostics.Debug.dll"
-r:"C:/Program Files/Unity/Hub/Editor/6000.5.6f1/Editor/Data/NetStandard/compat/2.1.0/shims/netstandard/System.Diagnostics.FileVersionInfo.dll"
-r:"C:/Program Files/Unity/Hub/Editor/6000.5.6f1/Editor/Data/NetStandard/compat/2.1.0/shims/netstandard/System.Diagnostics.Process.dll"
-r:"C:/Program Files/Unity/Hub/Editor/6000.5.6f1/Editor/Data/NetStandard/compat/2.1.0/shims/netstandard/System.Diagnostics.StackTrace.dll"
-r:"C:/Program Files/Unity/Hub/Editor/6000.5.6f1/Editor/Data/NetStandard/compat/2.1.0/shims/netstandard/System.Diagnostics.TextWriterTraceListener.dll"
-r:"C:/Program Files/Unity/Hub/Editor/6000.5.6f1/Editor/Data/NetStandard/compat/2.1.0/shims/netstandard/System.Diagnostics.Tools.dll"
-r:"C:/Program Files/Unity/Hub/Editor/6000.5.6f1/Editor/Data/NetStandard/compat/2.1.0/shims/netstandard/System.Diagnostics.TraceSource.dll"
-r:"C:/Program Files/Unity/Hub/Editor/6000.5.6f1/Editor/Data/NetStandard/compat/2.1.0/shims/netstandard/System.Diagnostics.Tracing.dll"
-r:"C:/Program Files/Unity/Hub/Editor/6000.5.6f1/Editor/Data/NetStandard/compat/2.1.0/shims/netstandard/System.Drawing.Primitives.dll"
-r:"C:/Program Files/Unity/Hub/Editor/6000.5.6f1/Editor/Data/NetStandard/compat/2.1.0/shims/netstandard/System.Dynamic.Runtime.dll"
-r:"C:/Program Files/Unity/Hub/Editor/6000.5.6f1/Editor/Data/NetStandard/compat/2.1.0/shims/netstandard/System.Globalization.Calendars.dll"
-r:"C:/Program Files/Unity/Hub/Editor/6000.5.6f1/Editor/Data/NetStandard/compat/2.1.0/shims/netstandard/System.Globalization.Extensions.dll"
-r:"C:/Program Files/Unity/Hub/Editor/6000.5.6f1/Editor/Data/NetStandard/compat/2.1.0/shims/netstandard/System.Globalization.dll"
-r:"C:/Program Files/Unity/Hub/Editor/6000.5.6f1/Editor/Data/NetStandard/compat/2.1.0/shims/netstandard/System.IO.Compression.ZipFile.dll"
-r:"C:/Program Files/Unity/Hub/Editor/6000.5.6f1/Editor/Data/NetStandard/compat/2.1.0/shims/netstandard/System.IO.Compression.dll"
-r:"C:/Program Files/Unity/Hub/Editor/6000.5.6f1/Editor/Data/NetStandard/compat/2.1.0/shims/netstandard/System.IO.FileSystem.DriveInfo.dll"
-r:"C:/Program Files/Unity/Hub/Editor/6000.5.6f1/Editor/Data/NetStandard/compat/2.1.0/shims/netstandard/System.IO.FileSystem.Primitives.dll"
-r:"C:/Program Files/Unity/Hub/Editor/6000.5.6f1/Editor/Data/NetStandard/compat/2.1.0/shims/netstandard/System.IO.FileSystem.Watcher.dll"
-r:"C:/Program Files/Unity/Hub/Editor/6000.5.6f1/Editor/Data/NetStandard/compat/2.1.0/shims/netstandard/System.IO.FileSystem.dll"
-r:"C:/Program Files/Unity/Hub/Editor/6000.5.6f1/Editor/Data/NetStandard/compat/2.1.0/shims/netstandard/System.IO.IsolatedStorage.dll"
-r:"C:/Program Files/Unity/Hub/Editor/6000.5.6f1/Editor/Data/NetStandard/compat/2.1.0/shims/netstandard/System.IO.MemoryMappedFiles.dll"
-r:"C:/Program Files/Unity/Hub/Editor/6000.5.6f1/Editor/Data/NetStandard/compat/2.1.0/shims/netstandard/System.IO.Pipes.dll"
-r:"C:/Program Files/Unity/Hub/Editor/6000.5.6f1/Editor/Data/NetStandard/compat/2.1.0/shims/netstandard/System.IO.UnmanagedMemoryStream.dll"
-r:"C:/Program Files/Unity/Hub/Editor/6000.5.6f1/Editor/Data/NetStandard/compat/2.1.0/shims/netstandard/System.IO.dll"
-r:"C:/Program Files/Unity/Hub/Editor/6000.5.6f1/Editor/Data/NetStandard/compat/2.1.0/shims/netstandard/System.Linq.Expressions.dll"
-r:"C:/Program Files/Unity/Hub/Editor/6000.5.6f1/Editor/Data/NetStandard/compat/2.1.0/shims/netstandard/System.Linq.Parallel.dll"
-r:"C:/Program Files/Unity/Hub/Editor/6000.5.6f1/Editor/Data/NetStandard/compat/2.1.0/shims/netstandard/System.Linq.Queryable.dll"
-r:"C:/Program Files/Unity/Hub/Editor/6000.5.6f1/Editor/Data/NetStandard/compat/2.1.0/shims/netstandard/System.Linq.dll"
-r:"C:/Program Files/Unity/Hub/Editor/6000.5.6f1/Editor/Data/NetStandard/compat/2.1.0/shims/netstandard/System.Memory.dll"
-r:"C:/Program Files/Unity/Hub/Editor/6000.5.6f1/Editor/Data/NetStandard/compat/2.1.0/shims/netstandard/System.Net.Http.dll"
-r:"C:/Program Files/Unity/Hub/Editor/6000.5.6f1/Editor/Data/NetStandard/compat/2.1.0/shims/netstandard/System.Net.NameResolution.dll"
-r:"C:/Program Files/Unity/Hub/Editor/6000.5.6f1/Editor/Data/NetStandard/compat/2.1.0/shims/netstandard/System.Net.NetworkInformation.dll"
-r:"C:/Program Files/Unity/Hub/Editor/6000.5.6f1/Editor/Data/NetStandard/compat/2.1.0/shims/netstandard/System.Net.Ping.dll"
-r:"C:/Program Files/Unity/Hub/Editor/6000.5.6f1/Editor/Data/NetStandard/compat/2.1.0/shims/netstandard/System.Net.Primitives.dll"
-r:"C:/Program Files/Unity/Hub/Editor/6000.5.6f1/Editor/Data/NetStandard/compat/2.1.0/shims/netstandard/System.Net.Requests.dll"
-r:"C:/Program Files/Unity/Hub/Editor/6000.5.6f1/Editor/Data/NetStandard/compat/2.1.0/shims/netstandard/System.Net.Security.dll"
-r:"C:/Program Files/Unity/Hub/Editor/6000.5.6f1/Editor/Data/NetStandard/compat/2.1.0/shims/netstandard/System.Net.Sockets.dll"
-r:"C:/Program Files/Unity/Hub/Editor/6000.5.6f1/Editor/Data/NetStandard/compat/2.1.0/shims/netstandard/System.Net.WebHeaderCollection.dll"
-r:"C:/Program Files/Unity/Hub/Editor/6000.5.6f1/Editor/Data/NetStandard/compat/2.1.0/shims/netstandard/System.Net.WebSockets.Client.dll"
-r:"C:/Program Files/Unity/Hub/Editor/6000.5.6f1/Editor/Data/NetStandard/compat/2.1.0/shims/netstandard/System.Net.WebSockets.dll"
-r:"C:/Program Files/Unity/Hub/Editor/6000.5.6f1/Editor/Data/NetStandard/compat/2.1.0/shims/netstandard/System.Numerics.Vectors.dll"
-r:"C:/Program Files/Unity/Hub/Editor/6000.5.6f1/Editor/Data/NetStandard/compat/2.1.0/shims/netstandard/System.ObjectModel.dll"
-r:"C:/Program Files/Unity/Hub/Editor/6000.5.6f1/Editor/Data/NetStandard/compat/2.1.0/shims/netstandard/System.Reflection.DispatchProxy.dll"
-r:"C:/Program Files/Unity/Hub/Editor/6000.5.6f1/Editor/Data/NetStandard/compat/2.1.0/shims/netstandard/System.Reflection.Emit.ILGeneration.dll"
-r:"C:/Program Files/Unity/Hub/Editor/6000.5.6f1/Editor/Data/NetStandard/compat/2.1.0/shims/netstandard/System.Reflection.Emit.Lightweight.dll"
-r:"C:/Program Files/Unity/Hub/Editor/6000.5.6f1/Editor/Data/NetStandard/compat/2.1.0/shims/netstandard/System.Reflection.Emit.dll"
-r:"C:/Program Files/Unity/Hub/Editor/6000.5.6f1/Editor/Data/NetStandard/compat/2.1.0/shims/netstandard/System.Reflection.Extensions.dll"
-r:"C:/Program Files/Unity/Hub/Editor/6000.5.6f1/Editor/Data/NetStandard/compat/2.1.0/shims/netstandard/System.Reflection.Primitives.dll"
-r:"C:/Program Files/Unity/Hub/Editor/6000.5.6f1/Editor/Data/NetStandard/compat/2.1.0/shims/netstandard/System.Reflection.dll"
-r:"C:/Program Files/Unity/Hub/Editor/6000.5.6f1/Editor/Data/NetStandard/compat/2.1.0/shims/netstandard/System.Resources.Reader.dll"
-r:"C:/Program Files/Unity/Hub/Editor/6000.5.6f1/Editor/Data/NetStandard/compat/2.1.0/shims/netstandard/System.Resources.ResourceManager.dll"
-r:"C:/Program Files/Unity/Hub/Editor/6000.5.6f1/Editor/Data/NetStandard/compat/2.1.0/shims/netstandard/System.Resources.Writer.dll"
-r:"C:/Program Files/Unity/Hub/Editor/6000.5.6f1/Editor/Data/NetStandard/compat/2.1.0/shims/netstandard/System.Runtime.CompilerServices.VisualC.dll"
-r:"C:/Program Files/Unity/Hub/Editor/6000.5.6f1/Editor/Data/NetStandard/compat/2.1.0/shims/netstandard/System.Runtime.Extensions.dll"
-r:"C:/Program Files/Unity/Hub/Editor/6000.5.6f1/Editor/Data/NetStandard/compat/2.1.0/shims/netstandard/System.Runtime.Handles.dll"
-r:"C:/Program Files/Unity/Hub/Editor/6000.5.6f1/Editor/Data/NetStandard/compat/2.1.0/shims/netstandard/System.Runtime.InteropServices.RuntimeInformation.dll"
-r:"C:/Program Files/Unity/Hub/Editor/6000.5.6f1/Editor/Data/NetStandard/compat/2.1.0/shims/netstandard/System.Runtime.InteropServices.dll"
-r:"C:/Program Files/Unity/Hub/Editor/6000.5.6f1/Editor/Data/NetStandard/compat/2.1.0/shims/netstandard/System.Runtime.Numerics.dll"
-r:"C:/Program Files/Unity/Hub/Editor/6000.5.6f1/Editor/Data/NetStandard/compat/2.1.0/shims/netstandard/System.Runtime.Serialization.Formatters.dll"
-r:"C:/Program Files/Unity/Hub/Editor/6000.5.6f1/Editor/Data/NetStandard/compat/2.1.0/shims/netstandard/System.Runtime.Serialization.Json.dll"
-r:"C:/Program Files/Unity/Hub/Editor/6000.5.6f1/Editor/Data/NetStandard/compat/2.1.0/shims/netstandard/System.Runtime.Serialization.Primitives.dll"
-r:"C:/Program Files/Unity/Hub/Editor/6000.5.6f1/Editor/Data/NetStandard/compat/2.1.0/shims/netstandard/System.Runtime.Serialization.Xml.dll"
-r:"C:/Program Files/Unity/Hub/Editor/6000.5.6f1/Editor/Data/NetStandard/compat/2.1.0/shims/netstandard/System.Runtime.dll"
-r:"C:/Program Files/Unity/Hub/Editor/6000.5.6f1/Editor/Data/NetStandard/compat/2.1.0/shims/netstandard/System.Security.Claims.dll"
-r:"C:/Program Files/Unity/Hub/Editor/6000.5.6f1/Editor/Data/NetStandard/compat/2.1.0/shims/netstandard/System.Security.Cryptography.Algorithms.dll"
-r:"C:/Program Files/Unity/Hub/Editor/6000.5.6f1/Editor/Data/NetStandard/compat/2.1.0/shims/netstandard/System.Security.Cryptography.Csp.dll"
-r:"C:/Program Files/Unity/Hub/Editor/6000.5.6f1/Editor/Data/NetStandard/compat/2.1.0/shims/netstandard/System.Security.Cryptography.Encoding.dll"
-r:"C:/Program Files/Unity/Hub/Editor/6000.5.6f1/Editor/Data/NetStandard/compat/2.1.0/shims/netstandard/System.Security.Cryptography.Primitives.dll"
-r:"C:/Program Files/Unity/Hub/Editor/6000.5.6f1/Editor/Data/NetStandard/compat/2.1.0/shims/netstandard/System.Security.Cryptography.X509Certificates.dll"
-r:"C:/Program Files/Unity/Hub/Editor/6000.5.6f1/Editor/Data/NetStandard/compat/2.1.0/shims/netstandard/System.Security.Principal.dll"
-r:"C:/Program Files/Unity/Hub/Editor/6000.5.6f1/Editor/Data/NetStandard/compat/2.1.0/shims/netstandard/System.Security.SecureString.dll"
-r:"C:/Program Files/Unity/Hub/Editor/6000.5.6f1/Editor/Data/NetStandard/compat/2.1.0/shims/netstandard/System.Text.Encoding.Extensions.dll"
-r:"C:/Program Files/Unity/Hub/Editor/6000.5.6f1/Editor/Data/NetStandard/compat/2.1.0/shims/netstandard/System.Text.Encoding.dll"
-r:"C:/Program Files/Unity/Hub/Editor/6000.5.6f1/Editor/Data/NetStandard/compat/2.1.0/shims/netstandard/System.Text.RegularExpressions.dll"
-r:"C:/Program Files/Unity/Hub/Editor/6000.5.6f1/Editor/Data/NetStandard/compat/2.1.0/shims/netstandard/System.Threading.Overlapped.dll"
-r:"C:/Program Files/Unity/Hub/Editor/6000.5.6f1/Editor/Data/NetStandard/compat/2.1.0/shims/netstandard/System.Threading.Tasks.Extensions.dll"
-r:"C:/Program Files/Unity/Hub/Editor/6000.5.6f1/Editor/Data/NetStandard/compat/2.1.0/shims/netstandard/System.Threading.Tasks.Parallel.dll"
-r:"C:/Program Files/Unity/Hub/Editor/6000.5.6f1/Editor/Data/NetStandard/compat/2.1.0/shims/netstandard/System.Threading.Tasks.dll"
-r:"C:/Program Files/Unity/Hub/Editor/6000.5.6f1/Editor/Data/NetStandard/compat/2.1.0/shims/netstandard/System.Threading.Thread.dll"
-r:"C:/Program Files/Unity/Hub/Editor/6000.5.6f1/Editor/Data/NetStandard/compat/2.1.0/shims/netstandard/System.Threading.ThreadPool.dll"
-r:"C:/Program Files/Unity/Hub/Editor/6000.5.6f1/Editor/Data/NetStandard/compat/2.1.0/shims/netstandard/System.Threading.Timer.dll"
-r:"C:/Program Files/Unity/Hub/Editor/6000.5.6f1/Editor/Data/NetStandard/compat/2.1.0/shims/netstandard/System.Threading.dll"
-r:"C:/Program Files/Unity/Hub/Editor/6000.5.6f1/Editor/Data/NetStandard/compat/2.1.0/shims/netstandard/System.ValueTuple.dll"
-r:"C:/Program Files/Unity/Hub/Editor/6000.5.6f1/Editor/Data/NetStandard/compat/2.1.0/shims/netstandard/System.Xml.ReaderWriter.dll"
-r:"C:/Program Files/Unity/Hub/Editor/6000.5.6f1/Editor/Data/NetStandard/compat/2.1.0/shims/netstandard/System.Xml.XDocument.dll"
-r:"C:/Program Files/Unity/Hub/Editor/6000.5.6f1/Editor/Data/NetStandard/compat/2.1.0/shims/netstandard/System.Xml.XPath.XDocument.dll"
-r:"C:/Program Files/Unity/Hub/Editor/6000.5.6f1/Editor/Data/NetStandard/compat/2.1.0/shims/netstandard/System.Xml.XPath.dll"
-r:"C:/Program Files/Unity/Hub/Editor/6000.5.6f1/Editor/Data/NetStandard/compat/2.1.0/shims/netstandard/System.Xml.XmlDocument.dll"
-r:"C:/Program Files/Unity/Hub/Editor/6000.5.6f1/Editor/Data/NetStandard/compat/2.1.0/shims/netstandard/System.Xml.XmlSerializer.dll"
-r:"C:/Program Files/Unity/Hub/Editor/6000.5.6f1/Editor/Data/NetStandard/ref/2.1.0/netstandard.dll"
-r:"Library/PackageCache/com.unity.collections@a43cabe808ca/Unity.Collections.LowLevel.ILSupport/Unity.Collections.LowLevel.ILSupport.dll"
-r:"Library/PackageCache/com.unity.ext.nunit@44f7d31723bd/net472/unity-custom/nunit.framework.dll"
-r:"Library/PackageCache/com.unity.nuget.mono-cecil@ecb9724e46ff/Mono.Cecil.dll"
-r:"Library/PackageCache/com.unity.visualscripting@8bed5ad90189/Runtime/VisualScripting.Flow/Dependencies/NCalc/Unity.VisualScripting.Antlr3.Runtime.dll"
-r:"Library/Bee/artifacts/1900b0aE.dag/Unity.AI.Navigation.Editor.ConversionSystem.ref.dll"
-r:"Library/Bee/artifacts/1900b0aE.dag/Unity.AI.Navigation.Editor.ref.dll"
-r:"Library/Bee/artifacts/1900b0aE.dag/Unity.AI.Navigation.ref.dll"
-r:"Library/Bee/artifacts/1900b0aE.dag/Unity.AI.Navigation.Updater.ref.dll"
-r:"Library/Bee/artifacts/1900b0aE.dag/Unity.Burst.Editor.ref.dll"
-r:"Library/Bee/artifacts/1900b0aE.dag/Unity.Burst.ref.dll"
-r:"Library/Bee/artifacts/1900b0aE.dag/Unity.Collections.Editor.ref.dll"
-r:"Library/Bee/artifacts/1900b0aE.dag/Unity.Collections.ref.dll"
-r:"Library/Bee/artifacts/1900b0aE.dag/Unity.InputSystem.ForUI.Editor.ref.dll"
-r:"Library/Bee/artifacts/1900b0aE.dag/Unity.InputSystem.ForUI.ref.dll"
-r:"Library/Bee/artifacts/1900b0aE.dag/Unity.InputSystem.ref.dll"
-r:"Library/Bee/artifacts/1900b0aE.dag/Unity.InternalAPIEditorBridge.ShaderGraph.Editor.ref.dll"
-r:"Library/Bee/artifacts/1900b0aE.dag/Unity.InternalAPIEngineBridge.004.ref.dll"
-r:"Library/Bee/artifacts/1900b0aE.dag/Unity.InternalAPIEngineBridge.RenderPipelines.Core.Editor.ref.dll"
-r:"Library/Bee/artifacts/1900b0aE.dag/Unity.InternalAPIEngineBridge.RenderPipelines.Core.Runtime.Shared.ref.dll"
-r:"Library/Bee/artifacts/1900b0aE.dag/Unity.Mathematics.ref.dll"
-r:"Library/Bee/artifacts/1900b0aE.dag/Unity.Multiplayer.Center.Common.ref.dll"
-r:"Library/Bee/artifacts/1900b0aE.dag/Unity.Multiplayer.Center.Editor.ref.dll"
-r:"Library/Bee/artifacts/1900b0aE.dag/Unity.PathTracing.Editor.ref.dll"
-r:"Library/Bee/artifacts/1900b0aE.dag/Unity.PathTracing.Runtime.ref.dll"
-r:"Library/Bee/artifacts/1900b0aE.dag/Unity.PlasticSCM.Editor.Assistant.ref.dll"
-r:"Library/Bee/artifacts/1900b0aE.dag/Unity.PlasticSCM.Editor.ref.dll"
-r:"Library/Bee/artifacts/1900b0aE.dag/Unity.Rendering.LightTransport.Editor.ref.dll"
-r:"Library/Bee/artifacts/1900b0aE.dag/Unity.RenderPipeline.Universal.ShaderLibrary.ref.dll"
-r:"Library/Bee/artifacts/1900b0aE.dag/Unity.RenderPipelines.Core.Editor.ref.dll"
-r:"Library/Bee/artifacts/1900b0aE.dag/Unity.RenderPipelines.Core.Editor.Shared.ref.dll"
-r:"Library/Bee/artifacts/1900b0aE.dag/Unity.RenderPipelines.Core.Runtime.ref.dll"
-r:"Library/Bee/artifacts/1900b0aE.dag/Unity.RenderPipelines.Core.Runtime.Shared.ref.dll"
-r:"Library/Bee/artifacts/1900b0aE.dag/Unity.RenderPipelines.Core.ShaderLibrary.ref.dll"
-r:"Library/Bee/artifacts/1900b0aE.dag/Unity.RenderPipelines.GPUDriven.Runtime.ref.dll"
-r:"Library/Bee/artifacts/1900b0aE.dag/Unity.RenderPipelines.ShaderGraph.ShaderGraphLibrary.ref.dll"
-r:"Library/Bee/artifacts/1900b0aE.dag/Unity.RenderPipelines.Universal.2D.Editor.Overrides.ref.dll"
-r:"Library/Bee/artifacts/1900b0aE.dag/Unity.RenderPipelines.Universal.2D.Runtime.ref.dll"
-r:"Library/Bee/artifacts/1900b0aE.dag/Unity.RenderPipelines.Universal.Config.Runtime.ref.dll"
-r:"Library/Bee/artifacts/1900b0aE.dag/Unity.RenderPipelines.Universal.Editor.ref.dll"
-r:"Library/Bee/artifacts/1900b0aE.dag/Unity.RenderPipelines.Universal.Runtime.ref.dll"
-r:"Library/Bee/artifacts/1900b0aE.dag/Unity.RenderPipelines.Universal.Shaders.ref.dll"
-r:"Library/Bee/artifacts/1900b0aE.dag/Unity.Rider.Editor.ref.dll"
-r:"Library/Bee/artifacts/1900b0aE.dag/Unity.Searcher.Editor.ref.dll"
-r:"Library/Bee/artifacts/1900b0aE.dag/Unity.ShaderGraph.Editor.ref.dll"
-r:"Library/Bee/artifacts/1900b0aE.dag/Unity.SurfaceCache.Runtime.ref.dll"
-r:"Library/Bee/artifacts/1900b0aE.dag/Unity.TextMeshPro.Editor.ref.dll"
-r:"Library/Bee/artifacts/1900b0aE.dag/Unity.TextMeshPro.ref.dll"
-r:"Library/Bee/artifacts/1900b0aE.dag/Unity.Timeline.Editor.ref.dll"
-r:"Library/Bee/artifacts/1900b0aE.dag/Unity.Timeline.ref.dll"
-r:"Library/Bee/artifacts/1900b0aE.dag/Unity.UnifiedRayTracing.Runtime.ref.dll"
-r:"Library/Bee/artifacts/1900b0aE.dag/Unity.VisualScripting.Core.Editor.ref.dll"
-r:"Library/Bee/artifacts/1900b0aE.dag/Unity.VisualScripting.Core.ref.dll"
-r:"Library/Bee/artifacts/1900b0aE.dag/Unity.VisualScripting.Flow.Editor.ref.dll"
-r:"Library/Bee/artifacts/1900b0aE.dag/Unity.VisualScripting.Flow.ref.dll"
-r:"Library/Bee/artifacts/1900b0aE.dag/Unity.VisualScripting.SettingsProvider.Editor.ref.dll"
-r:"Library/Bee/artifacts/1900b0aE.dag/Unity.VisualScripting.Shared.Editor.ref.dll"
-r:"Library/Bee/artifacts/1900b0aE.dag/Unity.VisualScripting.State.Editor.ref.dll"
-r:"Library/Bee/artifacts/1900b0aE.dag/Unity.VisualScripting.State.ref.dll"
-r:"Library/Bee/artifacts/1900b0aE.dag/Unity.VisualStudio.Editor.ref.dll"
-r:"Library/Bee/artifacts/1900b0aE.dag/UnityEditor.UI.Analytics.ref.dll"
-r:"Library/Bee/artifacts/1900b0aE.dag/UnityEditor.UI.ref.dll"
-r:"Library/Bee/artifacts/1900b0aE.dag/UnityEngine.UI.ref.dll"
-analyzer:"C:/Program Files/Unity/Hub/Editor/6000.5.6f1/Editor/Data/BCLExtensions/TargetingPacks/netstandard2.1/analyzers/dotnet/roslyn4.0/cs/Microsoft.Extensions.Logging.Generators.dll"
-analyzer:"C:/Program Files/Unity/Hub/Editor/6000.5.6f1/Editor/Data/BCLExtensions/TargetingPacks/netstandard2.1/analyzers/dotnet/roslyn4.0/cs/System.Text.Json.SourceGeneration.dll"
-analyzer:"C:/Program Files/Unity/Hub/Editor/6000.5.6f1/Editor/Data/Tools/BuildPipeline/Unity.Analyzers.Common/Unity.Analyzers.Common.dll"
-analyzer:"C:/Program Files/Unity/Hub/Editor/6000.5.6f1/Editor/Data/Tools/BuildPipeline/Unity.Analyzers.LongLiving/Unity.Analyzers.LongLiving.dll"
-analyzer:"C:/Program Files/Unity/Hub/Editor/6000.5.6f1/Editor/Data/Tools/BuildPipeline/Unity.SourceGenerators/Unity.Properties.SourceGenerator.dll"
-analyzer:"C:/Program Files/Unity/Hub/Editor/6000.5.6f1/Editor/Data/Tools/BuildPipeline/Unity.SourceGenerators/Unity.SourceGenerators.dll"
-analyzer:"C:/Program Files/Unity/Hub/Editor/6000.5.6f1/Editor/Data/Tools/BuildPipeline/Unity.SourceGenerators/Unity.UIToolkit.SourceGenerator.dll"
"Assets/Scripts/RISController.cs"
"Assets/TutorialInfo/Scripts/Readme.cs"
-langversion:9.0
/deterministic
/optimize+
/debug:portable
/nologo
/RuntimeMetadataVersion:v4.0.30319
/nowarn:0169
/nowarn:0649
/nowarn:0282
/nowarn:1701
/nowarn:1702
/utf8output
/preferreduilang:en-US
/additionalfile:"Library/Bee/artifacts/1900b0aE.dag/Assembly-CSharp.UnityAdditionalFile.txt"
##### Custom Environment Variables
DOTNET_HOST_PATH=C:\Program Files\Unity\Hub\Editor\6000.5.6f1\Editor\Data\DotNetSdk\dotnet.exe
DOTNET_MULTILEVEL_LOOKUP=0
##### ExitCode
1
##### Output
Assets\Scripts\RISController.cs(50,5): error CS0106: The modifier 'public' is not valid for this item

Assets\Scripts\RISController.cs(71,5): error CS0106: The modifier 'public' is not valid for this item

Assets\Scripts\RISController.cs(86,2): error CS1513: } expected
*** Tundra build failed (0.27 seconds), 2 items updated, 937 evaluated
## Script Compilation Error for: Csc Library/Bee/artifacts/1900b0aE.dag/Assembly-CSharp.dll (+2 others)
## CmdLine: "C:\Program Files\Unity\Hub\Editor\6000.5.6f1\Editor\Data\DotNetSdk\dotnet.exe" exec "C:/Program Files/Unity/Hub/Editor/6000.5.6f1/Editor/Data/DotNetSdk/sdk/8.0.318/Roslyn/bincore/csc.dll" /nostdlib /noconfig /shared "@Library/Bee/artifacts/1900b0aE.dag/Assembly-CSharp.rsp" "@Library/Bee/artifacts/1900b0aE.dag/Assembly-CSharp.rsp2"
## Output:
Assets\Scripts\RISController.cs(50,5): error CS0106: The modifier 'public' is not valid for this item
Assets\Scripts\RISController.cs(71,5): error CS0106: The modifier 'public' is not valid for this item
Assets\Scripts\RISController.cs(86,2): error CS1513: } expected

Assets\Scripts\RISController.cs(50,5): error CS0106: The modifier 'public' is not valid for this item
Assets\Scripts\RISController.cs(71,5): error CS0106: The modifier 'public' is not valid for this item
Assets\Scripts\RISController.cs(86,2): error CS1513: } expected
Total cache size 267245200
Total cache size after purge 267245200, took 00:00:00.5220037
Asset Pipeline Refresh (id=faa189d0c9a39a14d9808478928b3dff): Total: 0.005 seconds - Initiated by RefreshV2(AllowForceSynchronousImport)
Asset Pipeline Refresh (id=71f49f0ec0f26cc4d899a544fc387641): Total: 0.013 seconds - Initiated by RefreshV2(NoUpdateAssetOptions)
[ScriptCompilation] Requested script compilation because: AssetDatabase observed changes in script compilation related files
Refreshing native plugins compatible for Editor in 2.07 ms, found 4 plugins.
Asset Pipeline Refresh (id=6cea71b7e27624f418386a6fc3ae0d07): Total: 0.096 seconds - Initiated by RefreshV2(NoUpdateAssetOptions)
[Licensing::Client] Successfully resolved entitlement details
info: Microsoft.AspNetCore.Hosting.Diagnostics[1]
      Request starting HTTP/2 POST http://ilpp/UnityILPP.PostProcessing/Ping - application/grpc -
info: Microsoft.AspNetCore.Routing.EndpointMiddleware[0]
      Executing endpoint 'gRPC - /UnityILPP.PostProcessing/Ping'
info: Microsoft.AspNetCore.Routing.EndpointMiddleware[1]
      Executed endpoint 'gRPC - /UnityILPP.PostProcessing/Ping'
info: Microsoft.AspNetCore.Hosting.Diagnostics[2]
      Request finished HTTP/2 POST http://ilpp/UnityILPP.PostProcessing/Ping - 200 - application/grpc 0.1585ms
Starting: C:\Program Files\Unity\Hub\Editor\6000.5.6f1\Editor\Data\Tools\BuildPipeline\bee_backend.exe --ipc --defer-dag-verification --dagfile="Library/Bee/1900b0aE.dag" --continue-on-failure --profile="Library/Bee/backend1.traceevents" ScriptAssemblies
WorkingDir: D:/Private/unity projects/graduation project
info: Microsoft.AspNetCore.Hosting.Diagnostics[1]
      Request starting HTTP/2 POST http://ilpp/UnityILPP.PostProcessing/ConfigurePostProcessors - application/grpc -
info: Microsoft.AspNetCore.Routing.EndpointMiddleware[0]
      Executing endpoint 'gRPC - /UnityILPP.PostProcessing/ConfigurePostProcessors'
info: Unity.ILPP.Runner.PostProcessingAssemblyLoadContext[0]
      Current configuration matches the requested one, skipping
info: Microsoft.AspNetCore.Routing.EndpointMiddleware[1]
      Executed endpoint 'gRPC - /UnityILPP.PostProcessing/ConfigurePostProcessors'
info: Microsoft.AspNetCore.Hosting.Diagnostics[2]
      Request finished HTTP/2 POST http://ilpp/UnityILPP.PostProcessing/ConfigurePostProcessors - 200 - application/grpc 1.1124ms
info: Microsoft.AspNetCore.Hosting.Diagnostics[1]
      Request starting HTTP/2 POST http://ilpp/UnityILPP.PostProcessing/PostProcessAssembly - application/grpc -
info: Microsoft.AspNetCore.Routing.EndpointMiddleware[0]
      Executing endpoint 'gRPC - /UnityILPP.PostProcessing/PostProcessAssembly'
info: Unity.ILPP.Runner.PostProcessingPipeline[0]
      Processing assembly Library/Bee/artifacts/1900b0aE.dag/Assembly-CSharp.dll, with 142 defines and 339 references
info: Unity.ILPP.Runner.PostProcessingPipeline[0]
      processors: Unity.Jobs.CodeGen.JobsILPostProcessor, zzzUnity.Burst.CodeGen.BurstILPostProcessor
info: Unity.ILPP.Runner.PostProcessingPipeline[0]
      running Unity.Jobs.CodeGen.JobsILPostProcessor
info: Unity.ILPP.Runner.PostProcessingPipeline[0]
      running zzzUnity.Burst.CodeGen.BurstILPostProcessor
info: Microsoft.AspNetCore.Routing.EndpointMiddleware[1]
      Executed endpoint 'gRPC - /UnityILPP.PostProcessing/PostProcessAssembly'
info: Microsoft.AspNetCore.Hosting.Diagnostics[2]
      Request finished HTTP/2 POST http://ilpp/UnityILPP.PostProcessing/PostProcessAssembly - 200 - application/grpc 17.7568ms
info: Microsoft.AspNetCore.Hosting.Diagnostics[1]
      Request starting HTTP/2 POST http://ilpp/UnityILPP.PostProcessing/PostProcessAssembly - application/grpc -
info: Microsoft.AspNetCore.Routing.EndpointMiddleware[0]
      Executing endpoint 'gRPC - /UnityILPP.PostProcessing/PostProcessAssembly'
info: Unity.ILPP.Runner.PostProcessingPipeline[0]
      Processing assembly Library/Bee/artifacts/1900b0aE.dag/Assembly-CSharp-Editor.dll, with 140 defines and 362 references
info: Unity.ILPP.Runner.PostProcessingPipeline[0]
      processors: Unity.Jobs.CodeGen.JobsILPostProcessor, zzzUnity.Burst.CodeGen.BurstILPostProcessor
info: Unity.ILPP.Runner.PostProcessingPipeline[0]
      running Unity.Jobs.CodeGen.JobsILPostProcessor
info: Unity.ILPP.Runner.PostProcessingPipeline[0]
      running zzzUnity.Burst.CodeGen.BurstILPostProcessor
info: Microsoft.AspNetCore.Routing.EndpointMiddleware[1]
      Executed endpoint 'gRPC - /UnityILPP.PostProcessing/PostProcessAssembly'
info: Microsoft.AspNetCore.Hosting.Diagnostics[2]
      Request finished HTTP/2 POST http://ilpp/UnityILPP.PostProcessing/PostProcessAssembly - 200 - application/grpc 15.5208ms
ExitCode: 0 Duration: 0s750ms
[736/937    0s] ILPP-Configuration Library/ilpp-configuration.nevergeneratedoutput
[929/937    0s] Csc Library/Bee/artifacts/1900b0aE.dag/Assembly-CSharp.dll (+2 others)
[930/937    0s] ILPostProcess Library/Bee/artifacts/1900b0aE.dag/post-processed/Assembly-CSharp.dll (+pdb)
Processing assembly Library/Bee/artifacts/1900b0aE.dag/Assembly-CSharp.dll, with 142 defines and 339 references

processors: Unity.Jobs.CodeGen.JobsILPostProcessor, zzzUnity.Burst.CodeGen.BurstILPostProcessor

running Unity.Jobs.CodeGen.JobsILPostProcessor

running zzzUnity.Burst.CodeGen.BurstILPostProcessor
[931/937    0s] CopyFiles Library/ScriptAssemblies/Assembly-CSharp.dll
[932/937    0s] CopyFiles Library/ScriptAssemblies/Assembly-CSharp.pdb
[933/937    0s] Csc Library/Bee/artifacts/1900b0aE.dag/Assembly-CSharp-Editor.dll (+2 others)
[934/937    0s] ILPostProcess Library/Bee/artifacts/1900b0aE.dag/post-processed/Assembly-CSharp-Editor.dll (+pdb)
Processing assembly Library/Bee/artifacts/1900b0aE.dag/Assembly-CSharp-Editor.dll, with 140 defines and 362 references

processors: Unity.Jobs.CodeGen.JobsILPostProcessor, zzzUnity.Burst.CodeGen.BurstILPostProcessor

running Unity.Jobs.CodeGen.JobsILPostProcessor

running zzzUnity.Burst.CodeGen.BurstILPostProcessor
[935/937    0s] CopyFiles Library/ScriptAssemblies/Assembly-CSharp-Editor.pdb
[936/937    0s] CopyFiles Library/ScriptAssemblies/Assembly-CSharp-Editor.dll
*** Tundra build success (0.72 seconds), 9 items updated, 937 evaluated
Reloading assemblies after finishing script compilation.
Reloading assemblies after forced synchronous recompile.
Begin MonoManager ReloadAssembly
Total cache size 267245200
Total cache size after purge 267245200, took 00:00:00.6356419
Refreshing native plugins compatible for Editor in 2.14 ms, found 4 plugins.
Native extension for WindowsStandalone target not found
Native extension for WebGL target not found
[MODES] ModeService[none].Initialize
[MODES] ModeService[none].LoadModes
ScheduleIndexationOnStartup MainProcess:True IndexOnStartup:True
Mono: successfully reloaded assembly
- Finished resetting the current domain, in  3.027 seconds
Domain Reload Profiling: 5318ms
	BeginReloadAssembly (1529ms)
		DisableScriptedObjects (351ms)
		CreateAndSetChildDomain (772ms)
	RebuildCommonClasses (19ms)
	RebuildNativeTypeToScriptingClass (27ms)
	initialDomainReloadingComplete (103ms)
	LoadAllAssembliesAndSetupDomain (612ms)
		LoadAssemblies (249ms)
		AnalyzeDomain (353ms)
			TypeCache.Refresh (15ms)
			BuildScriptInfoCaches (298ms)
			ResolveRequiredComponents (37ms)
	FinalizeReload (3028ms)
		SetupLoadedEditorAssemblies (0ms)
			InitializePlatformSupportModulesInManaged (3ms)
			BeforeProcessingInitializeOnLoad (260ms)
			ProcessInitializeOnLoadAttributes (624ms)
			ProcessInitializeOnLoadMethodAttributes (221ms)
			AfterProcessingInitializeOnLoad (10ms)
		AwakeInstancesAfterBackupRestoration (942ms)

Asset Pipeline Refresh (id=c30219f38051cba439f56cab25683af2): Total: 5.681 seconds - Initiated by StopAssetImportingV2(ForceSynchronousImport | ForceDomainReload)
	(Values over 0.05ms)
	Summary:
		Imports: total=0 (actual=0, local cache=0, cache server=0)
		Asset DB Process Time: managed=0 ms, native=3215 ms
		Asset DB Callback time: managed=55 ms, native=0 ms
		Scripting: domain reloads=1, domain reload time=2407 ms, compile time=2 ms, other=0 ms
		Project Asset Count: scripts=1362, non-scripts=2318
		Asset File Changes: new=0, changed=0, moved=0, deleted=0
		Scan Filter Count: 0
	InvokePackagesCallback: 2.156ms
	ApplyChangesToAssetFolders: 0.565ms
	Collect global state as custom dependencies: 3.607ms
	ProcessAssetsWithTransientArtifactChanges: 9.033ms
	CategorizeAssets: 58.163ms
	CompileScripts: 1.781ms
	ImportOutOfDateAssets: 3093.137ms (3043.143ms without children)
		CollectScriptTypesHashes: 1.824ms
		ReloadNativeAssets: 1.217ms
		UnloadImportedAssets: 0.323ms
		EnsureUptoDateAssetsAreRegisteredWithGuidPM: 0.773ms
		ImportSchedulerStart: 47.648ms
	PostProcessAllAssets: 55.453ms
		MonoPostProcessAllAssets: 55.448ms
			UniversalRenderPipelineGlobalSettingsPostprocessor.OnPostprocessAllAssets 17.583ms
			SyncVS.PostprocessSyncProject 5.314ms
			WindowAssetPostprocessingWatcher.OnPostprocessAllAssets 4.085ms
			SpeedTree9Postprocessor.OnPostprocessAllAssets 3.101ms
			EditModeScopePostprocessor.OnPostprocessAllAssets 1.614ms
			RenderPipelineGlobalSettingsPostprocessor.OnPostprocessAllAssets 1.224ms
			ProjectSettingsPostprocessor.OnPostprocessAllAssets 1.117ms
			ReferencedClipsPostProcessor.OnPostprocessAllAssets 0.697ms
			ShaderReflectionAssetPostProcessor.OnPostprocessAllAssets 0.476ms
			InputActionAssetPostprocessor.OnPostprocessAllAssets 0.445ms
			AssetDatabaseCallbacks.OnPostprocessAllAssets 0.379ms
			AssetChangedListener.OnPostprocessAllAssets 0.249ms
			TerrainToolbarOverlayPostProcessor.OnPostprocessAllAssets 0.234ms
			ShaderGraphAssetPostProcessor.OnPostprocessAllAssets 0.118ms
			AssetPostprocessor.OnPostprocessAllAssets 0.075ms
	GatherAllCurrentPrimaryImportResultRevisions: 0.172ms
	PersistCurrentRevisions: 0.104ms
	GenerateScriptTypeHashes: 2.722ms
	GenerateScriptTypeSerializationHashes: 4.517ms
	Untracked: 2451.402ms

[Licensing::Client] Successfully resolved entitlement details
[Licensing::Client] Successfully resolved entitlement details
[Licensing::Client] Successfully resolved entitlement details
Asset Pipeline Refresh (id=0f899c599b642334a837aef391e3ed01): Total: 0.013 seconds - Initiated by RefreshV2(AllowForceSynchronousImport)
Asset Pipeline Refresh (id=5abe5bd77ffe1b649b2e51d7dacc0ecc): Total: 0.005 seconds - Initiated by RefreshV2(AllowForceSynchronousImport)
Asset Pipeline Refresh (id=7a0a68aa4a61f2548a7a45c6efe864e9): Total: 0.006 seconds - Initiated by RefreshV2(AllowForceSynchronousImport)
[Licensing::Client] Successfully resolved entitlement details
Asset Pipeline Refresh (id=2061187ebd7c90842b8edb29740cbdf5): Total: 0.006 seconds - Initiated by RefreshV2(AllowForceSynchronousImport)
[ScriptCompilation] Requested script compilation because: AssetDatabase observed changes in script compilation related files
Refreshing native plugins compatible for Editor in 2.19 ms, found 4 plugins.
Asset Pipeline Refresh (id=c7e86ede578c89d4dadc785e00dcb842): Total: 0.121 seconds - Initiated by RefreshV2(NoUpdateAssetOptions)
[Licensing::Client] Successfully resolved entitlement details
info: Microsoft.AspNetCore.Hosting.Diagnostics[1]
      Request starting HTTP/2 POST http://ilpp/UnityILPP.PostProcessing/Ping - application/grpc -
info: Microsoft.AspNetCore.Routing.EndpointMiddleware[0]
      Executing endpoint 'gRPC - /UnityILPP.PostProcessing/Ping'
info: Microsoft.AspNetCore.Routing.EndpointMiddleware[1]
      Executed endpoint 'gRPC - /UnityILPP.PostProcessing/Ping'
info: Microsoft.AspNetCore.Hosting.Diagnostics[2]
      Request finished HTTP/2 POST http://ilpp/UnityILPP.PostProcessing/Ping - 200 - application/grpc 0.2004ms
Starting: C:\Program Files\Unity\Hub\Editor\6000.5.6f1\Editor\Data\Tools\BuildPipeline\bee_backend.exe --ipc --defer-dag-verification --dagfile="Library/Bee/1900b0aE.dag" --continue-on-failure --profile="Library/Bee/backend1.traceevents" ScriptAssemblies
WorkingDir: D:/Private/unity projects/graduation project
info: Microsoft.AspNetCore.Hosting.Diagnostics[1]
      Request starting HTTP/2 POST http://ilpp/UnityILPP.PostProcessing/ConfigurePostProcessors - application/grpc -
info: Microsoft.AspNetCore.Routing.EndpointMiddleware[0]
      Executing endpoint 'gRPC - /UnityILPP.PostProcessing/ConfigurePostProcessors'
info: Unity.ILPP.Runner.PostProcessingAssemblyLoadContext[0]
      Current configuration matches the requested one, skipping
info: Microsoft.AspNetCore.Routing.EndpointMiddleware[1]
      Executed endpoint 'gRPC - /UnityILPP.PostProcessing/ConfigurePostProcessors'
info: Microsoft.AspNetCore.Hosting.Diagnostics[2]
      Request finished HTTP/2 POST http://ilpp/UnityILPP.PostProcessing/ConfigurePostProcessors - 200 - application/grpc 1.6167ms
info: Microsoft.AspNetCore.Hosting.Diagnostics[1]
      Request starting HTTP/2 POST http://ilpp/UnityILPP.PostProcessing/PostProcessAssembly - application/grpc -
info: Microsoft.AspNetCore.Hosting.Diagnostics[1]
      Request starting HTTP/2 POST http://ilpp/UnityILPP.PostProcessing/PostProcessAssembly - application/grpc -
info: Microsoft.AspNetCore.Routing.EndpointMiddleware[0]
      Executing endpoint 'gRPC - /UnityILPP.PostProcessing/PostProcessAssembly'
info: Microsoft.AspNetCore.Routing.EndpointMiddleware[0]
      Executing endpoint 'gRPC - /UnityILPP.PostProcessing/PostProcessAssembly'
info: Unity.ILPP.Runner.PostProcessingPipeline[0]
      Processing assembly Library/Bee/artifacts/1900b0aE.dag/Assembly-CSharp-Editor.dll, with 140 defines and 362 references
info: Unity.ILPP.Runner.PostProcessingPipeline[0]
      processors: Unity.Jobs.CodeGen.JobsILPostProcessor, zzzUnity.Burst.CodeGen.BurstILPostProcessor
info: Unity.ILPP.Runner.PostProcessingPipeline[0]
      Processing assembly Library/Bee/artifacts/1900b0aE.dag/Assembly-CSharp.dll, with 142 defines and 339 references
info: Unity.ILPP.Runner.PostProcessingPipeline[0]
      processors: Unity.Jobs.CodeGen.JobsILPostProcessor, zzzUnity.Burst.CodeGen.BurstILPostProcessor
info: Unity.ILPP.Runner.PostProcessingPipeline[0]
      running Unity.Jobs.CodeGen.JobsILPostProcessor
info: Unity.ILPP.Runner.PostProcessingPipeline[0]
      running Unity.Jobs.CodeGen.JobsILPostProcessor
info: Unity.ILPP.Runner.PostProcessingPipeline[0]
      running zzzUnity.Burst.CodeGen.BurstILPostProcessor
info: Unity.ILPP.Runner.PostProcessingPipeline[0]
      running zzzUnity.Burst.CodeGen.BurstILPostProcessor
info: Microsoft.AspNetCore.Routing.EndpointMiddleware[1]
      Executed endpoint 'gRPC - /UnityILPP.PostProcessing/PostProcessAssembly'
info: Microsoft.AspNetCore.Hosting.Diagnostics[2]
      Request finished HTTP/2 POST http://ilpp/UnityILPP.PostProcessing/PostProcessAssembly - 200 - application/grpc 26.2136ms
info: Microsoft.AspNetCore.Routing.EndpointMiddleware[1]
      Executed endpoint 'gRPC - /UnityILPP.PostProcessing/PostProcessAssembly'
info: Microsoft.AspNetCore.Hosting.Diagnostics[2]
      Request finished HTTP/2 POST http://ilpp/UnityILPP.PostProcessing/PostProcessAssembly - 200 - application/grpc 32.6766ms
ExitCode: 0 Duration: 0s595ms
[736/937    0s] ILPP-Configuration Library/ilpp-configuration.nevergeneratedoutput
[929/937    0s] Csc Library/Bee/artifacts/1900b0aE.dag/Assembly-CSharp.dll (+2 others)
[931/937    0s] ILPostProcess Library/Bee/artifacts/1900b0aE.dag/post-processed/Assembly-CSharp-Editor.dll (+pdb)
Processing assembly Library/Bee/artifacts/1900b0aE.dag/Assembly-CSharp-Editor.dll, with 140 defines and 362 references

processors: Unity.Jobs.CodeGen.JobsILPostProcessor, zzzUnity.Burst.CodeGen.BurstILPostProcessor

running Unity.Jobs.CodeGen.JobsILPostProcessor

running zzzUnity.Burst.CodeGen.BurstILPostProcessor
[932/937    0s] ILPostProcess Library/Bee/artifacts/1900b0aE.dag/post-processed/Assembly-CSharp.dll (+pdb)
Processing assembly Library/Bee/artifacts/1900b0aE.dag/Assembly-CSharp.dll, with 142 defines and 339 references

processors: Unity.Jobs.CodeGen.JobsILPostProcessor, zzzUnity.Burst.CodeGen.BurstILPostProcessor

running Unity.Jobs.CodeGen.JobsILPostProcessor

running zzzUnity.Burst.CodeGen.BurstILPostProcessor
[935/937    0s] CopyFiles Library/ScriptAssemblies/Assembly-CSharp.pdb
[936/937    0s] CopyFiles Library/ScriptAssemblies/Assembly-CSharp.dll
*** Tundra build success (0.49 seconds), 6 items updated, 937 evaluated
Reloading assemblies after finishing script compilation.
Reloading assemblies after forced synchronous recompile.
Begin MonoManager ReloadAssembly
Total cache size 267245200
Total cache size after purge 267245200, took 00:00:00.6398118
Native extension for WindowsStandalone target not found
Native extension for WebGL target not found
[MODES] ModeService[none].Initialize
[MODES] ModeService[none].LoadModes
ScheduleIndexationOnStartup MainProcess:True IndexOnStartup:True
Mono: successfully reloaded assembly
- Finished resetting the current domain, in  2.742 seconds
Domain Reload Profiling: 5057ms
	BeginReloadAssembly (1531ms)
		DisableScriptedObjects (283ms)
		CreateAndSetChildDomain (720ms)
	RebuildCommonClasses (25ms)
	RebuildNativeTypeToScriptingClass (31ms)
	initialDomainReloadingComplete (129ms)
	LoadAllAssembliesAndSetupDomain (598ms)
		LoadAssemblies (298ms)
		AnalyzeDomain (343ms)
			TypeCache.Refresh (18ms)
			BuildScriptInfoCaches (291ms)
			ResolveRequiredComponents (32ms)
	FinalizeReload (2743ms)
		SetupLoadedEditorAssemblies (0ms)
			InitializePlatformSupportModulesInManaged (3ms)
			BeforeProcessingInitializeOnLoad (239ms)
			ProcessInitializeOnLoadAttributes (567ms)
			ProcessInitializeOnLoadMethodAttributes (185ms)
			AfterProcessingInitializeOnLoad (7ms)
		AwakeInstancesAfterBackupRestoration (931ms)

Asset Pipeline Refresh (id=a210562e9d0bc8a429e398c3f76db202): Total: 5.386 seconds - Initiated by StopAssetImportingV2(ForceSynchronousImport | ForceDomainReload)
	(Values over 0.05ms)
	Summary:
		Imports: total=0 (actual=0, local cache=0, cache server=0)
		Asset DB Process Time: managed=0 ms, native=2920 ms
		Asset DB Callback time: managed=55 ms, native=0 ms
		Scripting: domain reloads=1, domain reload time=2406 ms, compile time=2 ms, other=0 ms
		Project Asset Count: scripts=1362, non-scripts=2318
		Asset File Changes: new=0, changed=0, moved=0, deleted=0
		Scan Filter Count: 0
	InvokePackagesCallback: 2.325ms
	ApplyChangesToAssetFolders: 0.498ms
	Collect global state as custom dependencies: 3.622ms
	ProcessAssetsWithTransientArtifactChanges: 9.075ms
	CategorizeAssets: 57.736ms
	CompileScripts: 1.810ms
	ImportOutOfDateAssets: 2802.705ms (2756.393ms without children)
		CollectScriptTypesHashes: 1.229ms
		ReloadNativeAssets: 1.219ms
		UnloadImportedAssets: 0.276ms
		EnsureUptoDateAssetsAreRegisteredWithGuidPM: 0.706ms
		ImportSchedulerStart: 44.079ms
	PostProcessAllAssets: 55.402ms
		MonoPostProcessAllAssets: 55.396ms
			UniversalRenderPipelineGlobalSettingsPostprocessor.OnPostprocessAllAssets 12.899ms
			BuilderAssetPostprocessor.OnPostprocessAllAssets 9.565ms
			AssetChangedListener.OnPostprocessAllAssets 7.383ms
			AssetPostprocessor.OnPostprocessAllAssets 6.097ms
			WindowAssetPostprocessingWatcher.OnPostprocessAllAssets 5.609ms
			SyncVS.PostprocessSyncProject 4.978ms
			EditModeScopePostprocessor.OnPostprocessAllAssets 3.634ms
			SpeedTree9Postprocessor.OnPostprocessAllAssets 3.021ms
			ShaderGraphAssetPostProcessor.OnPostprocessAllAssets 2.198ms
			RetainedModeAssetPostprocessor.OnPostprocessAllAssets 1.461ms
			RenderPipelineGlobalSettingsPostprocessor.OnPostprocessAllAssets 1.272ms
			ProjectSettingsPostprocessor.OnPostprocessAllAssets 1.189ms
			TMPro_TexturePostProcessor.OnPostprocessAllAssets 0.863ms
			ArtifactBrowserPostProcessor.OnPostprocessAllAssets 0.700ms
			MaterialPostprocessor.OnPostprocessAllAssets 0.637ms
			ShaderReflectionAssetPostProcessor.OnPostprocessAllAssets 0.635ms
			UVCSAssetPostprocessor.OnPostprocessAllAssets 0.526ms
			PostProcessor.OnPostprocessAllAssets 0.491ms
			ReferencedClipsPostProcessor.OnPostprocessAllAssets 0.485ms
			AudioMixerPostprocessor.OnPostprocessAllAssets 0.464ms
			TextAssetPostProcessor.OnPostprocessAllAssets 0.440ms
			SampleDependencyImporterPostProcessor.OnPostprocessAllAssets 0.438ms
			InputActionAssetPostprocessor.OnPostprocessAllAssets 0.415ms
			InputActionJsonNameModifierAssetProcessor.OnPostprocessAllAssets 0.371ms
			AssetDatabaseCallbacks.OnPostprocessAllAssets 0.328ms
			ConfigAssetsTracker.OnPostprocessAllAssets 0.297ms
			AssetEvents.OnPostprocessAllAssets 0.295ms
			StyleCatalogPostProcessor.OnPostprocessAllAssets 0.281ms
			TerrainToolbarOverlayPostProcessor.OnPostprocessAllAssets 0.234ms
			ScenarioDriftAssetsTracker.OnPostprocessAllAssets 0.211ms
			SpeedTreePostProcessor.OnPostprocessAllAssets 0.197ms
			SamplePostprocessor.OnPostprocessAllAssets 0.189ms
			AssetReloadNotifier.OnPostprocessAllAssets 0.189ms
			AudioContainerPostProcessor.OnPostprocessAllAssets 0.096ms
	GatherAllCurrentPrimaryImportResultRevisions: 0.192ms
	PersistCurrentRevisions: 0.161ms
	GenerateScriptTypeHashes: 2.611ms
	GenerateScriptTypeSerializationHashes: 4.393ms
	Untracked: 2447.596ms

[Licensing::Client] Successfully resolved entitlement details
[Licensing::Client] Successfully resolved entitlement details
Asset Pipeline Refresh (id=2070abf62ed823c48854d08860197da3): Total: 0.011 seconds - Initiated by RefreshV2(AllowForceSynchronousImport)
[Licensing::Client] Successfully resolved entitlement details
Asset Pipeline Refresh (id=2bda9589d9cd25549853d937e21606ff): Total: 0.005 seconds - Initiated by RefreshV2(AllowForceSynchronousImport)
Reloading assemblies for play mode.
Reloading assemblies after forced synchronous recompile.
Begin MonoManager ReloadAssembly
Native extension for WindowsStandalone target not found
Native extension for WebGL target not found
ScheduleIndexationOnStartup MainProcess:True IndexOnStartup:True
[MODES] ModeService[none].Initialize
[MODES] ModeService[none].LoadModes
Mono: successfully reloaded assembly
- Finished resetting the current domain, in  2.660 seconds
Domain Reload Profiling: 3946ms
	BeginReloadAssembly (944ms)
		DisableScriptedObjects (116ms)
		CreateAndSetChildDomain (602ms)
	RebuildCommonClasses (16ms)
	RebuildNativeTypeToScriptingClass (22ms)
	initialDomainReloadingComplete (71ms)
	LoadAllAssembliesAndSetupDomain (231ms)
		LoadAssemblies (169ms)
		AnalyzeDomain (44ms)
			TypeCache.Refresh (7ms)
			ResolveRequiredComponents (31ms)
	FinalizeReload (2662ms)
		SetupLoadedEditorAssemblies (0ms)
			InitializePlatformSupportModulesInManaged (3ms)
			BeforeProcessingInitializeOnLoad (114ms)
			ProcessInitializeOnLoadAttributes (558ms)
			ProcessInitializeOnLoadMethodAttributes (189ms)
			AfterProcessingInitializeOnLoad (8ms)
		AwakeInstancesAfterBackupRestoration (960ms)

Asset Pipeline Refresh (id=daefd10944bc37947b4ba501a8c093ef): Total: 4.197 seconds - Initiated by StopAssetImportingV2(ForceSynchronousImport | ForceDomainReload)
	(Values over 0.05ms)
	Summary:
		Imports: total=0 (actual=0, local cache=0, cache server=0)
		Asset DB Process Time: managed=0 ms, native=2814 ms
		Asset DB Callback time: managed=39 ms, native=0 ms
		Scripting: domain reloads=1, domain reload time=1340 ms, compile time=2 ms, other=0 ms
		Project Asset Count: scripts=1362, non-scripts=2318
		Asset File Changes: new=0, changed=0, moved=0, deleted=0
		Scan Filter Count: 0
	InvokePackagesCallback: 2.046ms
	ApplyChangesToAssetFolders: 0.402ms
	Collect global state as custom dependencies: 3.244ms
	ProcessAssetsWithTransientArtifactChanges: 0.247ms
	CategorizeAssets: 55.516ms
	CompileScripts: 1.591ms
	ImportOutOfDateAssets: 2714.159ms (2676.567ms without children)
		CollectScriptTypesHashes: 1.396ms
		ReloadNativeAssets: 2.855ms
		UnloadImportedAssets: 0.275ms
		EnsureUptoDateAssetsAreRegisteredWithGuidPM: 0.715ms
		ImportSchedulerStart: 33.714ms
	PostProcessAllAssets: 39.093ms
		MonoPostProcessAllAssets: 39.087ms
			UniversalRenderPipelineGlobalSettingsPostprocessor.OnPostprocessAllAssets 13.479ms
			BuilderAssetPostprocessor.OnPostprocessAllAssets 9.565ms
			AssetChangedListener.OnPostprocessAllAssets 7.383ms
			AssetPostprocessor.OnPostprocessAllAssets 6.097ms
			SyncVS.PostprocessSyncProject 4.132ms
			SpeedTree9Postprocessor.OnPostprocessAllAssets 2.517ms
			WindowAssetPostprocessingWatcher.OnPostprocessAllAssets 2.453ms
			ShaderGraphAssetPostProcessor.OnPostprocessAllAssets 2.198ms
			RetainedModeAssetPostprocessor.OnPostprocessAllAssets 1.461ms
			ProjectSettingsPostprocessor.OnPostprocessAllAssets 0.956ms
			TMPro_TexturePostProcessor.OnPostprocessAllAssets 0.863ms
			RenderPipelineGlobalSettingsPostprocessor.OnPostprocessAllAssets 0.851ms
			ArtifactBrowserPostProcessor.OnPostprocessAllAssets 0.700ms
			MaterialPostprocessor.OnPostprocessAllAssets 0.637ms
			ShaderReflectionAssetPostProcessor.OnPostprocessAllAssets 0.556ms
			UVCSAssetPostprocessor.OnPostprocessAllAssets 0.526ms
			PostProcessor.OnPostprocessAllAssets 0.491ms
			AudioMixerPostprocessor.OnPostprocessAllAssets 0.464ms
			TextAssetPostProcessor.OnPostprocessAllAssets 0.440ms
			SampleDependencyImporterPostProcessor.OnPostprocessAllAssets 0.438ms
			InputActionAssetPostprocessor.OnPostprocessAllAssets 0.402ms
			InputActionJsonNameModifierAssetProcessor.OnPostprocessAllAssets 0.371ms
			ReferencedClipsPostProcessor.OnPostprocessAllAssets 0.371ms
			EditModeScopePostprocessor.OnPostprocessAllAssets 0.356ms
			ConfigAssetsTracker.OnPostprocessAllAssets 0.297ms
			AssetEvents.OnPostprocessAllAssets 0.295ms
			StyleCatalogPostProcessor.OnPostprocessAllAssets 0.281ms
			ScenarioDriftAssetsTracker.OnPostprocessAllAssets 0.211ms
			SpeedTreePostProcessor.OnPostprocessAllAssets 0.197ms
			AssetDatabaseCallbacks.OnPostprocessAllAssets 0.196ms
			SamplePostprocessor.OnPostprocessAllAssets 0.189ms
			AssetReloadNotifier.OnPostprocessAllAssets 0.189ms
			TerrainToolbarOverlayPostProcessor.OnPostprocessAllAssets 0.188ms
			AudioContainerPostProcessor.OnPostprocessAllAssets 0.096ms
	GatherAllCurrentPrimaryImportResultRevisions: 0.129ms
	PersistCurrentRevisions: 0.105ms
	GenerateScriptTypeHashes: 4.236ms
	GenerateScriptTypeSerializationHashes: 6.723ms
	Untracked: 1374.039ms

Loaded scene 'Temp/__Backupscenes/0.backup'
	Deserialize:            2.205 ms
	Integration:            438.141 ms
	Integration of assets:  0.008 ms
	Thread Wait Time:       0.021 ms
	Total Operation Time:   440.374 ms
RIS Controller Started
UnityEngine.Debug:ExtractStackTraceNoAlloc (byte*,int,string)
UnityEngine.StackTraceUtility:ExtractStackTrace ()
UnityEngine.DebugLogHandler:Internal_Log (UnityEngine.LogType,UnityEngine.LogOption,string,UnityEngine.Object)
UnityEngine.DebugLogHandler:LogFormat (UnityEngine.LogType,UnityEngine.Object,string,object[])
UnityEngine.Logger:Log (UnityEngine.LogType,object)
UnityEngine.Debug:Log (object)
RISController:Start () (at Assets/Scripts/RISController.cs:18)

(Filename: Assets/Scripts/RISController.cs Line: 18)

Number of RIS Elements: 16
UnityEngine.Debug:ExtractStackTraceNoAlloc (byte*,int,string)
UnityEngine.StackTraceUtility:ExtractStackTrace ()
UnityEngine.DebugLogHandler:Internal_Log (UnityEngine.LogType,UnityEngine.LogOption,string,UnityEngine.Object)
UnityEngine.DebugLogHandler:LogFormat (UnityEngine.LogType,UnityEngine.Object,string,object[])
UnityEngine.Logger:Log (UnityEngine.LogType,object)
UnityEngine.Debug:Log (object)
RISController:Start () (at Assets/Scripts/RISController.cs:19)

(Filename: Assets/Scripts/RISController.cs Line: 19)

RIS Phase System Ready
UnityEngine.Debug:ExtractStackTraceNoAlloc (byte*,int,string)
UnityEngine.StackTraceUtility:ExtractStackTrace ()
UnityEngine.DebugLogHandler:Internal_Log (UnityEngine.LogType,UnityEngine.LogOption,string,UnityEngine.Object)
UnityEngine.DebugLogHandler:LogFormat (UnityEngine.LogType,UnityEngine.Object,string,object[])
UnityEngine.Logger:Log (UnityEngine.LogType,object)
UnityEngine.Debug:Log (object)
RISController:Start () (at Assets/Scripts/RISController.cs:36)

(Filename: Assets/Scripts/RISController.cs Line: 36)

Element 1 Phase = 0°
UnityEngine.Debug:ExtractStackTraceNoAlloc (byte*,int,string)
UnityEngine.StackTraceUtility:ExtractStackTrace ()
UnityEngine.DebugLogHandler:Internal_Log (UnityEngine.LogType,UnityEngine.LogOption,string,UnityEngine.Object)
UnityEngine.DebugLogHandler:LogFormat (UnityEngine.LogType,UnityEngine.Object,string,object[])
UnityEngine.Logger:Log (UnityEngine.LogType,object)
UnityEngine.Debug:Log (object)
RISController:SetPhase (int,single) (at Assets/Scripts/RISController.cs:72)
RISController:SetAllPhases (single[]) (at Assets/Scripts/RISController.cs:89)
RISController:Start () (at Assets/Scripts/RISController.cs:48)

(Filename: Assets/Scripts/RISController.cs Line: 72)

Element 2 Phase = 30°
UnityEngine.Debug:ExtractStackTraceNoAlloc (byte*,int,string)
UnityEngine.StackTraceUtility:ExtractStackTrace ()
UnityEngine.DebugLogHandler:Internal_Log (UnityEngine.LogType,UnityEngine.LogOption,string,UnityEngine.Object)
UnityEngine.DebugLogHandler:LogFormat (UnityEngine.LogType,UnityEngine.Object,string,object[])
UnityEngine.Logger:Log (UnityEngine.LogType,object)
UnityEngine.Debug:Log (object)
RISController:SetPhase (int,single) (at Assets/Scripts/RISController.cs:72)
RISController:SetAllPhases (single[]) (at Assets/Scripts/RISController.cs:89)
RISController:Start () (at Assets/Scripts/RISController.cs:48)

(Filename: Assets/Scripts/RISController.cs Line: 72)

Element 3 Phase = 60°
UnityEngine.Debug:ExtractStackTraceNoAlloc (byte*,int,string)
UnityEngine.StackTraceUtility:ExtractStackTrace ()
UnityEngine.DebugLogHandler:Internal_Log (UnityEngine.LogType,UnityEngine.LogOption,string,UnityEngine.Object)
UnityEngine.DebugLogHandler:LogFormat (UnityEngine.LogType,UnityEngine.Object,string,object[])
UnityEngine.Logger:Log (UnityEngine.LogType,object)
UnityEngine.Debug:Log (object)
RISController:SetPhase (int,single) (at Assets/Scripts/RISController.cs:72)
RISController:SetAllPhases (single[]) (at Assets/Scripts/RISController.cs:89)
RISController:Start () (at Assets/Scripts/RISController.cs:48)

(Filename: Assets/Scripts/RISController.cs Line: 72)

Element 4 Phase = 90°
UnityEngine.Debug:ExtractStackTraceNoAlloc (byte*,int,string)
UnityEngine.StackTraceUtility:ExtractStackTrace ()
UnityEngine.DebugLogHandler:Internal_Log (UnityEngine.LogType,UnityEngine.LogOption,string,UnityEngine.Object)
UnityEngine.DebugLogHandler:LogFormat (UnityEngine.LogType,UnityEngine.Object,string,object[])
UnityEngine.Logger:Log (UnityEngine.LogType,object)
UnityEngine.Debug:Log (object)
RISController:SetPhase (int,single) (at Assets/Scripts/RISController.cs:72)
RISController:SetAllPhases (single[]) (at Assets/Scripts/RISController.cs:89)
RISController:Start () (at Assets/Scripts/RISController.cs:48)

(Filename: Assets/Scripts/RISController.cs Line: 72)

Element 5 Phase = 30°
UnityEngine.Debug:ExtractStackTraceNoAlloc (byte*,int,string)
UnityEngine.StackTraceUtility:ExtractStackTrace ()
UnityEngine.DebugLogHandler:Internal_Log (UnityEngine.LogType,UnityEngine.LogOption,string,UnityEngine.Object)
UnityEngine.DebugLogHandler:LogFormat (UnityEngine.LogType,UnityEngine.Object,string,object[])
UnityEngine.Logger:Log (UnityEngine.LogType,object)
UnityEngine.Debug:Log (object)
RISController:SetPhase (int,single) (at Assets/Scripts/RISController.cs:72)
RISController:SetAllPhases (single[]) (at Assets/Scripts/RISController.cs:89)
RISController:Start () (at Assets/Scripts/RISController.cs:48)

(Filename: Assets/Scripts/RISController.cs Line: 72)

Element 6 Phase = 60°
UnityEngine.Debug:ExtractStackTraceNoAlloc (byte*,int,string)
UnityEngine.StackTraceUtility:ExtractStackTrace ()
UnityEngine.DebugLogHandler:Internal_Log (UnityEngine.LogType,UnityEngine.LogOption,string,UnityEngine.Object)
UnityEngine.DebugLogHandler:LogFormat (UnityEngine.LogType,UnityEngine.Object,string,object[])
UnityEngine.Logger:Log (UnityEngine.LogType,object)
UnityEngine.Debug:Log (object)
RISController:SetPhase (int,single) (at Assets/Scripts/RISController.cs:72)
RISController:SetAllPhases (single[]) (at Assets/Scripts/RISController.cs:89)
RISController:Start () (at Assets/Scripts/RISController.cs:48)

(Filename: Assets/Scripts/RISController.cs Line: 72)

Element 7 Phase = 90°
UnityEngine.Debug:ExtractStackTraceNoAlloc (byte*,int,string)
UnityEngine.StackTraceUtility:ExtractStackTrace ()
UnityEngine.DebugLogHandler:Internal_Log (UnityEngine.LogType,UnityEngine.LogOption,string,UnityEngine.Object)
UnityEngine.DebugLogHandler:LogFormat (UnityEngine.LogType,UnityEngine.Object,string,object[])
UnityEngine.Logger:Log (UnityEngine.LogType,object)
UnityEngine.Debug:Log (object)
RISController:SetPhase (int,single) (at Assets/Scripts/RISController.cs:72)
RISController:SetAllPhases (single[]) (at Assets/Scripts/RISController.cs:89)
RISController:Start () (at Assets/Scripts/RISController.cs:48)

(Filename: Assets/Scripts/RISController.cs Line: 72)

Element 8 Phase = 120°
UnityEngine.Debug:ExtractStackTraceNoAlloc (byte*,int,string)
UnityEngine.StackTraceUtility:ExtractStackTrace ()
UnityEngine.DebugLogHandler:Internal_Log (UnityEngine.LogType,UnityEngine.LogOption,string,UnityEngine.Object)
UnityEngine.DebugLogHandler:LogFormat (UnityEngine.LogType,UnityEngine.Object,string,object[])
UnityEngine.Logger:Log (UnityEngine.LogType,object)
UnityEngine.Debug:Log (object)
RISController:SetPhase (int,single) (at Assets/Scripts/RISController.cs:72)
RISController:SetAllPhases (single[]) (at Assets/Scripts/RISController.cs:89)
RISController:Start () (at Assets/Scripts/RISController.cs:48)

(Filename: Assets/Scripts/RISController.cs Line: 72)

Element 9 Phase = 60°
UnityEngine.Debug:ExtractStackTraceNoAlloc (byte*,int,string)
UnityEngine.StackTraceUtility:ExtractStackTrace ()
UnityEngine.DebugLogHandler:Internal_Log (UnityEngine.LogType,UnityEngine.LogOption,string,UnityEngine.Object)
UnityEngine.DebugLogHandler:LogFormat (UnityEngine.LogType,UnityEngine.Object,string,object[])
UnityEngine.Logger:Log (UnityEngine.LogType,object)
UnityEngine.Debug:Log (object)
RISController:SetPhase (int,single) (at Assets/Scripts/RISController.cs:72)
RISController:SetAllPhases (single[]) (at Assets/Scripts/RISController.cs:89)
RISController:Start () (at Assets/Scripts/RISController.cs:48)

(Filename: Assets/Scripts/RISController.cs Line: 72)

Element 10 Phase = 90°
UnityEngine.Debug:ExtractStackTraceNoAlloc (byte*,int,string)
UnityEngine.StackTraceUtility:ExtractStackTrace ()
UnityEngine.DebugLogHandler:Internal_Log (UnityEngine.LogType,UnityEngine.LogOption,string,UnityEngine.Object)
UnityEngine.DebugLogHandler:LogFormat (UnityEngine.LogType,UnityEngine.Object,string,object[])
UnityEngine.Logger:Log (UnityEngine.LogType,object)
UnityEngine.Debug:Log (object)
RISController:SetPhase (int,single) (at Assets/Scripts/RISController.cs:72)
RISController:SetAllPhases (single[]) (at Assets/Scripts/RISController.cs:89)
RISController:Start () (at Assets/Scripts/RISController.cs:48)

(Filename: Assets/Scripts/RISController.cs Line: 72)

Element 11 Phase = 120°
UnityEngine.Debug:ExtractStackTraceNoAlloc (byte*,int,string)
UnityEngine.StackTraceUtility:ExtractStackTrace ()
UnityEngine.DebugLogHandler:Internal_Log (UnityEngine.LogType,UnityEngine.LogOption,string,UnityEngine.Object)
UnityEngine.DebugLogHandler:LogFormat (UnityEngine.LogType,UnityEngine.Object,string,object[])
UnityEngine.Logger:Log (UnityEngine.LogType,object)
UnityEngine.Debug:Log (object)
RISController:SetPhase (int,single) (at Assets/Scripts/RISController.cs:72)
RISController:SetAllPhases (single[]) (at Assets/Scripts/RISController.cs:89)
RISController:Start () (at Assets/Scripts/RISController.cs:48)

(Filename: Assets/Scripts/RISController.cs Line: 72)

Element 12 Phase = 150°
UnityEngine.Debug:ExtractStackTraceNoAlloc (byte*,int,string)
UnityEngine.StackTraceUtility:ExtractStackTrace ()
UnityEngine.DebugLogHandler:Internal_Log (UnityEngine.LogType,UnityEngine.LogOption,string,UnityEngine.Object)
UnityEngine.DebugLogHandler:LogFormat (UnityEngine.LogType,UnityEngine.Object,string,object[])
UnityEngine.Logger:Log (UnityEngine.LogType,object)
UnityEngine.Debug:Log (object)
RISController:SetPhase (int,single) (at Assets/Scripts/RISController.cs:72)
RISController:SetAllPhases (single[]) (at Assets/Scripts/RISController.cs:89)
RISController:Start () (at Assets/Scripts/RISController.cs:48)

(Filename: Assets/Scripts/RISController.cs Line: 72)

Element 13 Phase = 90°
UnityEngine.Debug:ExtractStackTraceNoAlloc (byte*,int,string)
UnityEngine.StackTraceUtility:ExtractStackTrace ()
UnityEngine.DebugLogHandler:Internal_Log (UnityEngine.LogType,UnityEngine.LogOption,string,UnityEngine.Object)
UnityEngine.DebugLogHandler:LogFormat (UnityEngine.LogType,UnityEngine.Object,string,object[])
UnityEngine.Logger:Log (UnityEngine.LogType,object)
UnityEngine.Debug:Log (object)
RISController:SetPhase (int,single) (at Assets/Scripts/RISController.cs:72)
RISController:SetAllPhases (single[]) (at Assets/Scripts/RISController.cs:89)
RISController:Start () (at Assets/Scripts/RISController.cs:48)

(Filename: Assets/Scripts/RISController.cs Line: 72)

Element 14 Phase = 120°
UnityEngine.Debug:ExtractStackTraceNoAlloc (byte*,int,string)
UnityEngine.StackTraceUtility:ExtractStackTrace ()
UnityEngine.DebugLogHandler:Internal_Log (UnityEngine.LogType,UnityEngine.LogOption,string,UnityEngine.Object)
UnityEngine.DebugLogHandler:LogFormat (UnityEngine.LogType,UnityEngine.Object,string,object[])
UnityEngine.Logger:Log (UnityEngine.LogType,object)
UnityEngine.Debug:Log (object)
RISController:SetPhase (int,single) (at Assets/Scripts/RISController.cs:72)
RISController:SetAllPhases (single[]) (at Assets/Scripts/RISController.cs:89)
RISController:Start () (at Assets/Scripts/RISController.cs:48)

(Filename: Assets/Scripts/RISController.cs Line: 72)

Element 15 Phase = 150°
UnityEngine.Debug:ExtractStackTraceNoAlloc (byte*,int,string)
UnityEngine.StackTraceUtility:ExtractStackTrace ()
UnityEngine.DebugLogHandler:Internal_Log (UnityEngine.LogType,UnityEngine.LogOption,string,UnityEngine.Object)
UnityEngine.DebugLogHandler:LogFormat (UnityEngine.LogType,UnityEngine.Object,string,object[])
UnityEngine.Logger:Log (UnityEngine.LogType,object)
UnityEngine.Debug:Log (object)
RISController:SetPhase (int,single) (at Assets/Scripts/RISController.cs:72)
RISController:SetAllPhases (single[]) (at Assets/Scripts/RISController.cs:89)
RISController:Start () (at Assets/Scripts/RISController.cs:48)

(Filename: Assets/Scripts/RISController.cs Line: 72)

Element 16 Phase = 180°
UnityEngine.Debug:ExtractStackTraceNoAlloc (byte*,int,string)
UnityEngine.StackTraceUtility:ExtractStackTrace ()
UnityEngine.DebugLogHandler:Internal_Log (UnityEngine.LogType,UnityEngine.LogOption,string,UnityEngine.Object)
UnityEngine.DebugLogHandler:LogFormat (UnityEngine.LogType,UnityEngine.Object,string,object[])
UnityEngine.Logger:Log (UnityEngine.LogType,object)
UnityEngine.Debug:Log (object)
RISController:SetPhase (int,single) (at Assets/Scripts/RISController.cs:72)
RISController:SetAllPhases (single[]) (at Assets/Scripts/RISController.cs:89)
RISController:Start () (at Assets/Scripts/RISController.cs:48)

(Filename: Assets/Scripts/RISController.cs Line: 72)

RIS configuration updated successfully.
UnityEngine.Debug:ExtractStackTraceNoAlloc (byte*,int,string)
UnityEngine.StackTraceUtility:ExtractStackTrace ()
UnityEngine.DebugLogHandler:Internal_Log (UnityEngine.LogType,UnityEngine.LogOption,string,UnityEngine.Object)
UnityEngine.DebugLogHandler:LogFormat (UnityEngine.LogType,UnityEngine.Object,string,object[])
UnityEngine.Logger:Log (UnityEngine.LogType,object)
UnityEngine.Debug:Log (object)
RISController:SetAllPhases (single[]) (at Assets/Scripts/RISController.cs:92)
RISController:Start () (at Assets/Scripts/RISController.cs:48)

(Filename: Assets/Scripts/RISController.cs Line: 92)

[Licensing::Client] Successfully resolved entitlement details
[Licensing::Client] Successfully resolved entitlement details
[Licensing::Client] Successfully resolved entitlement details
[ScriptCompilation] Requested script compilation because: AssetDatabase observed changes in script compilation related files
Asset Pipeline Refresh (id=a894bc54a16a2f046a86a0c051bf45eb): Total: 0.121 seconds - Initiated by RefreshV2(NoUpdateAssetOptions)
[Licensing::Client] Successfully resolved entitlement details
info: Microsoft.AspNetCore.Hosting.Diagnostics[1]
      Request starting HTTP/2 POST http://ilpp/UnityILPP.PostProcessing/Ping - application/grpc -
info: Microsoft.AspNetCore.Routing.EndpointMiddleware[0]
      Executing endpoint 'gRPC - /UnityILPP.PostProcessing/Ping'
info: Microsoft.AspNetCore.Routing.EndpointMiddleware[1]
      Executed endpoint 'gRPC - /UnityILPP.PostProcessing/Ping'
info: Microsoft.AspNetCore.Hosting.Diagnostics[2]
      Request finished HTTP/2 POST http://ilpp/UnityILPP.PostProcessing/Ping - 200 - application/grpc 0.1605ms
Starting: C:\Program Files\Unity\Hub\Editor\6000.5.6f1\Editor\Data\Tools\BuildPipeline\bee_backend.exe --ipc --defer-dag-verification --dagfile="Library/Bee/1900b0aE.dag" --continue-on-failure --profile="Library/Bee/backend1.traceevents" ScriptAssemblies
WorkingDir: D:/Private/unity projects/graduation project
info: Microsoft.AspNetCore.Hosting.Diagnostics[1]
      Request starting HTTP/2 POST http://ilpp/UnityILPP.PostProcessing/ConfigurePostProcessors - application/grpc -
info: Microsoft.AspNetCore.Routing.EndpointMiddleware[0]
      Executing endpoint 'gRPC - /UnityILPP.PostProcessing/ConfigurePostProcessors'
info: Unity.ILPP.Runner.PostProcessingAssemblyLoadContext[0]
      Current configuration matches the requested one, skipping
info: Microsoft.AspNetCore.Routing.EndpointMiddleware[1]
      Executed endpoint 'gRPC - /UnityILPP.PostProcessing/ConfigurePostProcessors'
info: Microsoft.AspNetCore.Hosting.Diagnostics[2]
      Request finished HTTP/2 POST http://ilpp/UnityILPP.PostProcessing/ConfigurePostProcessors - 200 - application/grpc 1.0741ms
info: Microsoft.AspNetCore.Hosting.Diagnostics[1]
      Request starting HTTP/2 POST http://ilpp/UnityILPP.PostProcessing/PostProcessAssembly - application/grpc -
info: Microsoft.AspNetCore.Hosting.Diagnostics[1]
      Request starting HTTP/2 POST http://ilpp/UnityILPP.PostProcessing/PostProcessAssembly - application/grpc -
info: Microsoft.AspNetCore.Routing.EndpointMiddleware[0]
      Executing endpoint 'gRPC - /UnityILPP.PostProcessing/PostProcessAssembly'
info: Microsoft.AspNetCore.Routing.EndpointMiddleware[0]
      Executing endpoint 'gRPC - /UnityILPP.PostProcessing/PostProcessAssembly'
info: Unity.ILPP.Runner.PostProcessingPipeline[0]
      Processing assembly Library/Bee/artifacts/1900b0aE.dag/Assembly-CSharp-Editor.dll, with 140 defines and 362 references
info: Unity.ILPP.Runner.PostProcessingPipeline[0]
      Processing assembly Library/Bee/artifacts/1900b0aE.dag/Assembly-CSharp.dll, with 142 defines and 339 references
info: Unity.ILPP.Runner.PostProcessingPipeline[0]
      processors: Unity.Jobs.CodeGen.JobsILPostProcessor, zzzUnity.Burst.CodeGen.BurstILPostProcessor
info: Unity.ILPP.Runner.PostProcessingPipeline[0]
      processors: Unity.Jobs.CodeGen.JobsILPostProcessor, zzzUnity.Burst.CodeGen.BurstILPostProcessor
info: Unity.ILPP.Runner.PostProcessingPipeline[0]
      running Unity.Jobs.CodeGen.JobsILPostProcessor
info: Unity.ILPP.Runner.PostProcessingPipeline[0]
      running Unity.Jobs.CodeGen.JobsILPostProcessor
info: Unity.ILPP.Runner.PostProcessingPipeline[0]
      running zzzUnity.Burst.CodeGen.BurstILPostProcessor
info: Unity.ILPP.Runner.PostProcessingPipeline[0]
      running zzzUnity.Burst.CodeGen.BurstILPostProcessor
info: Microsoft.AspNetCore.Routing.EndpointMiddleware[1]
      Executed endpoint 'gRPC - /UnityILPP.PostProcessing/PostProcessAssembly'
info: Microsoft.AspNetCore.Hosting.Diagnostics[2]
      Request finished HTTP/2 POST http://ilpp/UnityILPP.PostProcessing/PostProcessAssembly - 200 - application/grpc 43.2198ms
info: Microsoft.AspNetCore.Routing.EndpointMiddleware[1]
      Executed endpoint 'gRPC - /UnityILPP.PostProcessing/PostProcessAssembly'
info: Microsoft.AspNetCore.Hosting.Diagnostics[2]
      Request finished HTTP/2 POST http://ilpp/UnityILPP.PostProcessing/PostProcessAssembly - 200 - application/grpc 43.6873ms
ExitCode: 0 Duration: 0s484ms
[736/937    0s] ILPP-Configuration Library/ilpp-configuration.nevergeneratedoutput
[929/937    0s] Csc Library/Bee/artifacts/1900b0aE.dag/Assembly-CSharp.dll (+2 others)
[931/937    0s] ILPostProcess Library/Bee/artifacts/1900b0aE.dag/post-processed/Assembly-CSharp.dll (+pdb)
Processing assembly Library/Bee/artifacts/1900b0aE.dag/Assembly-CSharp.dll, with 142 defines and 339 references

processors: Unity.Jobs.CodeGen.JobsILPostProcessor, zzzUnity.Burst.CodeGen.BurstILPostProcessor

running Unity.Jobs.CodeGen.JobsILPostProcessor

running zzzUnity.Burst.CodeGen.BurstILPostProcessor
[932/937    0s] ILPostProcess Library/Bee/artifacts/1900b0aE.dag/post-processed/Assembly-CSharp-Editor.dll (+pdb)
Processing assembly Library/Bee/artifacts/1900b0aE.dag/Assembly-CSharp-Editor.dll, with 140 defines and 362 references

processors: Unity.Jobs.CodeGen.JobsILPostProcessor, zzzUnity.Burst.CodeGen.BurstILPostProcessor

running Unity.Jobs.CodeGen.JobsILPostProcessor

running zzzUnity.Burst.CodeGen.BurstILPostProcessor
[935/937    0s] CopyFiles Library/ScriptAssemblies/Assembly-CSharp.dll
[936/937    0s] CopyFiles Library/ScriptAssemblies/Assembly-CSharp.pdb
*** Tundra build success (0.45 seconds), 6 items updated, 937 evaluated
Reloading assemblies after finishing script compilation.
Reloading assemblies after forced synchronous recompile.
Begin MonoManager ReloadAssembly
Total cache size 267245200
Total cache size after purge 267245200, took 00:00:00.5882007
Native extension for WindowsStandalone target not found
Native extension for WebGL target not found
[MODES] ModeService[none].Initialize
[MODES] ModeService[none].LoadModes
ScheduleIndexationOnStartup MainProcess:True IndexOnStartup:True
Mono: successfully reloaded assembly
- Finished resetting the current domain, in  3.128 seconds
Domain Reload Profiling: 5361ms
	BeginReloadAssembly (1672ms)
		DisableScriptedObjects (220ms)
		CreateAndSetChildDomain (581ms)
	RebuildCommonClasses (15ms)
	RebuildNativeTypeToScriptingClass (21ms)
	initialDomainReloadingComplete (70ms)
	LoadAllAssembliesAndSetupDomain (455ms)
		LoadAssemblies (160ms)
		AnalyzeDomain (278ms)
			TypeCache.Refresh (11ms)
			BuildScriptInfoCaches (235ms)
			ResolveRequiredComponents (30ms)
	FinalizeReload (3129ms)
		SetupLoadedEditorAssemblies (0ms)
			InitializePlatformSupportModulesInManaged (3ms)
			BeforeProcessingInitializeOnLoad (228ms)
			ProcessInitializeOnLoadAttributes (552ms)
			ProcessInitializeOnLoadMethodAttributes (186ms)
			AfterProcessingInitializeOnLoad (7ms)
		AwakeInstancesAfterBackupRestoration (861ms)

Asset Pipeline Refresh (id=fb6a95d2d50909847a66625e2991d330): Total: 5.706 seconds - Initiated by StopAssetImportingV2(ForceSynchronousImport | ForceDomainReload)
	(Values over 0.05ms)
	Summary:
		Imports: total=0 (actual=0, local cache=0, cache server=0)
		Asset DB Process Time: managed=0 ms, native=3289 ms
		Asset DB Callback time: managed=39 ms, native=0 ms
		Scripting: domain reloads=1, domain reload time=2375 ms, compile time=2 ms, other=0 ms
		Project Asset Count: scripts=1362, non-scripts=2318
		Asset File Changes: new=0, changed=0, moved=0, deleted=0
		Scan Filter Count: 0
	InvokePackagesCallback: 2.010ms
	ApplyChangesToAssetFolders: 0.536ms
	Collect global state as custom dependencies: 3.612ms
	ProcessAssetsWithTransientArtifactChanges: 6.811ms
	CategorizeAssets: 55.548ms
	CompileScripts: 1.615ms
	ImportOutOfDateAssets: 3179.394ms (3144.123ms without children)
		CollectScriptTypesHashes: 2.458ms
		ReloadNativeAssets: 1.232ms
		UnloadImportedAssets: 0.262ms
		EnsureUptoDateAssetsAreRegisteredWithGuidPM: 0.850ms
		ImportSchedulerStart: 32.893ms
	PostProcessAllAssets: 39.170ms
		MonoPostProcessAllAssets: 39.165ms
			UniversalRenderPipelineGlobalSettingsPostprocessor.OnPostprocessAllAssets 13.238ms
			AssetChangedListener.OnPostprocessAllAssets 7.264ms
			BuilderAssetPostprocessor.OnPostprocessAllAssets 7.100ms
			AssetPostprocessor.OnPostprocessAllAssets 5.450ms
			SyncVS.PostprocessSyncProject 4.218ms
			WindowAssetPostprocessingWatcher.OnPostprocessAllAssets 2.428ms
			SpeedTree9Postprocessor.OnPostprocessAllAssets 2.370ms
			ShaderGraphAssetPostProcessor.OnPostprocessAllAssets 2.044ms
			RetainedModeAssetPostprocessor.OnPostprocessAllAssets 1.591ms
			RenderPipelineGlobalSettingsPostprocessor.OnPostprocessAllAssets 0.841ms
			TMPro_TexturePostProcessor.OnPostprocessAllAssets 0.670ms
			ArtifactBrowserPostProcessor.OnPostprocessAllAssets 0.643ms
			MaterialPostprocessor.OnPostprocessAllAssets 0.571ms
			AudioMixerPostprocessor.OnPostprocessAllAssets 0.442ms
			InputActionJsonNameModifierAssetProcessor.OnPostprocessAllAssets 0.439ms
			ShaderReflectionAssetPostProcessor.OnPostprocessAllAssets 0.435ms
			UVCSAssetPostprocessor.OnPostprocessAllAssets 0.411ms
			TextAssetPostProcessor.OnPostprocessAllAssets 0.405ms
			EditModeScopePostprocessor.OnPostprocessAllAssets 0.402ms
			PostProcessor.OnPostprocessAllAssets 0.382ms
			InputActionAssetPostprocessor.OnPostprocessAllAssets 0.359ms
			ReferencedClipsPostProcessor.OnPostprocessAllAssets 0.355ms
			SampleDependencyImporterPostProcessor.OnPostprocessAllAssets 0.326ms
			ProjectSettingsPostprocessor.OnPostprocessAllAssets 0.315ms
			AssetEvents.OnPostprocessAllAssets 0.285ms
			StyleCatalogPostProcessor.OnPostprocessAllAssets 0.249ms
			AssetDatabaseCallbacks.OnPostprocessAllAssets 0.192ms
			TerrainToolbarOverlayPostProcessor.OnPostprocessAllAssets 0.192ms
			SpeedTreePostProcessor.OnPostprocessAllAssets 0.181ms
			SamplePostprocessor.OnPostprocessAllAssets 0.162ms
			ScenarioDriftAssetsTracker.OnPostprocessAllAssets 0.154ms
			ConfigAssetsTracker.OnPostprocessAllAssets 0.148ms
			AssetReloadNotifier.OnPostprocessAllAssets 0.138ms
			AudioContainerPostProcessor.OnPostprocessAllAssets 0.089ms
	GatherAllCurrentPrimaryImportResultRevisions: 0.184ms
	PersistCurrentRevisions: 0.158ms
	GenerateScriptTypeHashes: 2.662ms
	GenerateScriptTypeSerializationHashes: 4.711ms
	Untracked: 2409.425ms

[Licensing::Client] Successfully resolved entitlement details
[Licensing::Client] Successfully resolved entitlement details
Asset Pipeline Refresh (id=3264a560305d9c548a4a2d156b038843): Total: 0.010 seconds - Initiated by RefreshV2(NoUpdateAssetOptions)
[Licensing::Client] Successfully resolved entitlement details
Unloading 0 Unused Serialized files (Serialized files now loaded: 0)
Loaded scene 'Temp/__Backupscenes/0.backup'
	Deserialize:            1.798 ms
	Integration:            280.855 ms
	Integration of assets:  0.003 ms
	Thread Wait Time:       0.008 ms
	Total Operation Time:   282.664 ms
Unloading 14 unused Assets / (181.1 KB). Loaded Objects now: 8901.
Memory consumption went from 0.84 GB to 0.84 GB.
Total: 28.830900 ms (FindLiveObjects: 0.598500 ms CreateObjectMapping: 1.260200 ms MarkObjects: 26.789300 ms  DeleteObjects: 0.180700 ms)

[Licensing::Client] Successfully resolved entitlement details
Asset Pipeline Refresh (id=de2b5f8306d201743a13ba4128ccfee2): Total: 0.007 seconds - Initiated by RefreshV2(AllowForceSynchronousImport)
Asset Pipeline Refresh (id=c39da9545d94bcb4f8c0f2d5606d0f6f): Total: 0.006 seconds - Initiated by RefreshV2(AllowForceSynchronousImport)
Importing 'GUID: 99c9720ab356a0642a771bea13969a05 - Path: Assets/Scenes/SampleScene.unity' with importer (DefaultImporter)
Imported 'GUID: 99c9720ab356a0642a771bea13969a05' -> (Import Result ID: '6440c5de3ca4bfcce7bb2c0e3fdcb66c') in 0.007 seconds [static dependencies only]. Details - ImportResultOutputID=378ca25c6c95e370f41ed482e616ed68 DependenciesID=0f37ab14d35b1488cf7479c90c4b9604 StaticDependenciesID=9ff413116f26427977285a0e44de6465 
Asset Pipeline Refresh (id=6955fd94617f84349bef5adc458fa220): Total: 0.121 seconds - Initiated by StopAssetImportingV2(NoUpdateAssetOptions)
[ScriptCompilation] Requested script compilation because: AssetDatabase observed changes in script compilation related files
Refreshing native plugins compatible for Editor in 2.33 ms, found 4 plugins.
Asset Pipeline Refresh (id=6f8d6e12c28d95545a8c19a10bfa51ec): Total: 0.094 seconds - Initiated by RefreshV2(NoUpdateAssetOptions)
[Licensing::Client] Successfully resolved entitlement details
info: Microsoft.AspNetCore.Hosting.Diagnostics[1]
      Request starting HTTP/2 POST http://ilpp/UnityILPP.PostProcessing/Ping - application/grpc -
info: Microsoft.AspNetCore.Routing.EndpointMiddleware[0]
      Executing endpoint 'gRPC - /UnityILPP.PostProcessing/Ping'
info: Microsoft.AspNetCore.Routing.EndpointMiddleware[1]
      Executed endpoint 'gRPC - /UnityILPP.PostProcessing/Ping'
info: Microsoft.AspNetCore.Hosting.Diagnostics[2]
      Request finished HTTP/2 POST http://ilpp/UnityILPP.PostProcessing/Ping - 200 - application/grpc 0.1062ms
Starting: C:\Program Files\Unity\Hub\Editor\6000.5.6f1\Editor\Data\Tools\BuildPipeline\bee_backend.exe --ipc --defer-dag-verification --dagfile="Library/Bee/1900b0aE.dag" --continue-on-failure --profile="Library/Bee/backend1.traceevents" ScriptAssemblies
WorkingDir: D:/Private/unity projects/graduation project
info: Microsoft.AspNetCore.Hosting.Diagnostics[1]
      Request starting HTTP/2 POST http://ilpp/UnityILPP.PostProcessing/ConfigurePostProcessors - application/grpc -
info: Microsoft.AspNetCore.Routing.EndpointMiddleware[0]
      Executing endpoint 'gRPC - /UnityILPP.PostProcessing/ConfigurePostProcessors'
info: Unity.ILPP.Runner.PostProcessingAssemblyLoadContext[0]
      Current configuration matches the requested one, skipping
info: Microsoft.AspNetCore.Routing.EndpointMiddleware[1]
      Executed endpoint 'gRPC - /UnityILPP.PostProcessing/ConfigurePostProcessors'
info: Microsoft.AspNetCore.Hosting.Diagnostics[2]
      Request finished HTTP/2 POST http://ilpp/UnityILPP.PostProcessing/ConfigurePostProcessors - 200 - application/grpc 1.2032ms
info: Microsoft.AspNetCore.Hosting.Diagnostics[1]
      Request starting HTTP/2 POST http://ilpp/UnityILPP.PostProcessing/PostProcessAssembly - application/grpc -
info: Microsoft.AspNetCore.Hosting.Diagnostics[1]
      Request starting HTTP/2 POST http://ilpp/UnityILPP.PostProcessing/PostProcessAssembly - application/grpc -
info: Microsoft.AspNetCore.Routing.EndpointMiddleware[0]
      Executing endpoint 'gRPC - /UnityILPP.PostProcessing/PostProcessAssembly'
info: Microsoft.AspNetCore.Routing.EndpointMiddleware[0]
      Executing endpoint 'gRPC - /UnityILPP.PostProcessing/PostProcessAssembly'
info: Unity.ILPP.Runner.PostProcessingPipeline[0]
      Processing assembly Library/Bee/artifacts/1900b0aE.dag/Assembly-CSharp-Editor.dll, with 140 defines and 362 references
info: Unity.ILPP.Runner.PostProcessingPipeline[0]
      processors: Unity.Jobs.CodeGen.JobsILPostProcessor, zzzUnity.Burst.CodeGen.BurstILPostProcessor
info: Unity.ILPP.Runner.PostProcessingPipeline[0]
      Processing assembly Library/Bee/artifacts/1900b0aE.dag/Assembly-CSharp.dll, with 142 defines and 339 references
info: Unity.ILPP.Runner.PostProcessingPipeline[0]
      processors: Unity.Jobs.CodeGen.JobsILPostProcessor, zzzUnity.Burst.CodeGen.BurstILPostProcessor
info: Unity.ILPP.Runner.PostProcessingPipeline[0]
      running Unity.Jobs.CodeGen.JobsILPostProcessor
info: Unity.ILPP.Runner.PostProcessingPipeline[0]
      running Unity.Jobs.CodeGen.JobsILPostProcessor
info: Unity.ILPP.Runner.PostProcessingPipeline[0]
      running zzzUnity.Burst.CodeGen.BurstILPostProcessor
info: Unity.ILPP.Runner.PostProcessingPipeline[0]
      running zzzUnity.Burst.CodeGen.BurstILPostProcessor
info: Microsoft.AspNetCore.Routing.EndpointMiddleware[1]
      Executed endpoint 'gRPC - /UnityILPP.PostProcessing/PostProcessAssembly'
info: Microsoft.AspNetCore.Hosting.Diagnostics[2]
      Request finished HTTP/2 POST http://ilpp/UnityILPP.PostProcessing/PostProcessAssembly - 200 - application/grpc 24.9223ms
info: Microsoft.AspNetCore.Routing.EndpointMiddleware[1]
      Executed endpoint 'gRPC - /UnityILPP.PostProcessing/PostProcessAssembly'
info: Microsoft.AspNetCore.Hosting.Diagnostics[2]
      Request finished HTTP/2 POST http://ilpp/UnityILPP.PostProcessing/PostProcessAssembly - 200 - application/grpc 32.1445ms
ExitCode: 0 Duration: 0s440ms
[736/937    0s] ILPP-Configuration Library/ilpp-configuration.nevergeneratedoutput
[929/937    0s] Csc Library/Bee/artifacts/1900b0aE.dag/Assembly-CSharp.dll (+2 others)
[931/937    0s] ILPostProcess Library/Bee/artifacts/1900b0aE.dag/post-processed/Assembly-CSharp-Editor.dll (+pdb)
Processing assembly Library/Bee/artifacts/1900b0aE.dag/Assembly-CSharp-Editor.dll, with 140 defines and 362 references

processors: Unity.Jobs.CodeGen.JobsILPostProcessor, zzzUnity.Burst.CodeGen.BurstILPostProcessor

running Unity.Jobs.CodeGen.JobsILPostProcessor

running zzzUnity.Burst.CodeGen.BurstILPostProcessor
[932/937    0s] ILPostProcess Library/Bee/artifacts/1900b0aE.dag/post-processed/Assembly-CSharp.dll (+pdb)
Processing assembly Library/Bee/artifacts/1900b0aE.dag/Assembly-CSharp.dll, with 142 defines and 339 references

processors: Unity.Jobs.CodeGen.JobsILPostProcessor, zzzUnity.Burst.CodeGen.BurstILPostProcessor

running Unity.Jobs.CodeGen.JobsILPostProcessor

running zzzUnity.Burst.CodeGen.BurstILPostProcessor
[935/937    0s] CopyFiles Library/ScriptAssemblies/Assembly-CSharp.pdb
[936/937    0s] CopyFiles Library/ScriptAssemblies/Assembly-CSharp.dll
*** Tundra build success (0.40 seconds), 6 items updated, 937 evaluated
Reloading assemblies after finishing script compilation.
Reloading assemblies after forced synchronous recompile.
Begin MonoManager ReloadAssembly
Total cache size 267245200
Total cache size after purge 267245200, took 00:00:00.5450506
Native extension for WindowsStandalone target not found
Native extension for WebGL target not found
[MODES] ModeService[none].Initialize
[MODES] ModeService[none].LoadModes
ScheduleIndexationOnStartup MainProcess:True IndexOnStartup:True
Mono: successfully reloaded assembly
- Finished resetting the current domain, in  2.589 seconds
Domain Reload Profiling: 4468ms
	BeginReloadAssembly (1276ms)
		DisableScriptedObjects (279ms)
		CreateAndSetChildDomain (668ms)
	RebuildCommonClasses (14ms)
	RebuildNativeTypeToScriptingClass (22ms)
	initialDomainReloadingComplete (76ms)
	LoadAllAssembliesAndSetupDomain (489ms)
		LoadAssemblies (175ms)
		AnalyzeDomain (299ms)
			TypeCache.Refresh (11ms)
			BuildScriptInfoCaches (248ms)
			ResolveRequiredComponents (37ms)
	FinalizeReload (2590ms)
		SetupLoadedEditorAssemblies (0ms)
			InitializePlatformSupportModulesInManaged (3ms)
			BeforeProcessingInitializeOnLoad (238ms)
			ProcessInitializeOnLoadAttributes (557ms)
			ProcessInitializeOnLoadMethodAttributes (186ms)
			AfterProcessingInitializeOnLoad (7ms)
		AwakeInstancesAfterBackupRestoration (850ms)

Asset Pipeline Refresh (id=77436b903db4b9840bcc43d54d9cbd31): Total: 4.775 seconds - Initiated by StopAssetImportingV2(ForceSynchronousImport | ForceDomainReload)
	(Values over 0.05ms)
	Summary:
		Imports: total=0 (actual=0, local cache=0, cache server=0)
		Asset DB Process Time: managed=0 ms, native=2757 ms
		Asset DB Callback time: managed=57 ms, native=0 ms
		Scripting: domain reloads=1, domain reload time=1957 ms, compile time=2 ms, other=0 ms
		Project Asset Count: scripts=1362, non-scripts=2318
		Asset File Changes: new=0, changed=0, moved=0, deleted=0
		Scan Filter Count: 0
	InvokePackagesCallback: 1.887ms
	ApplyChangesToAssetFolders: 0.400ms
	Collect global state as custom dependencies: 6.513ms
	ProcessAssetsWithTransientArtifactChanges: 7.271ms
	CategorizeAssets: 55.156ms
	CompileScripts: 1.575ms
	ImportOutOfDateAssets: 2643.201ms (2604.081ms without children)
		CollectScriptTypesHashes: 1.396ms
		ReloadNativeAssets: 1.238ms
		UnloadImportedAssets: 0.336ms
		EnsureUptoDateAssetsAreRegisteredWithGuidPM: 0.660ms
		ImportSchedulerStart: 36.854ms
	PostProcessAllAssets: 57.434ms
		MonoPostProcessAllAssets: 57.427ms
			UniversalRenderPipelineGlobalSettingsPostprocessor.OnPostprocessAllAssets 13.382ms
			WindowAssetPostprocessingWatcher.OnPostprocessAllAssets 5.968ms
			SyncVS.PostprocessSyncProject 5.594ms
			SpeedTree9Postprocessor.OnPostprocessAllAssets 2.374ms
			EditModeScopePostprocessor.OnPostprocessAllAssets 2.125ms
			RenderPipelineGlobalSettingsPostprocessor.OnPostprocessAllAssets 2.018ms
			ProjectSettingsPostprocessor.OnPostprocessAllAssets 1.300ms
			ReferencedClipsPostProcessor.OnPostprocessAllAssets 0.687ms
			AssetDatabaseCallbacks.OnPostprocessAllAssets 0.522ms
			ShaderReflectionAssetPostProcessor.OnPostprocessAllAssets 0.402ms
			InputActionAssetPostprocessor.OnPostprocessAllAssets 0.375ms
			AssetChangedListener.OnPostprocessAllAssets 0.280ms
			TerrainToolbarOverlayPostProcessor.OnPostprocessAllAssets 0.212ms
			ShaderGraphAssetPostProcessor.OnPostprocessAllAssets 0.140ms
			AssetPostprocessor.OnPostprocessAllAssets 0.083ms
	GatherAllCurrentPrimaryImportResultRevisions: 0.144ms
	PersistCurrentRevisions: 0.107ms
	GenerateScriptTypeHashes: 2.665ms
	GenerateScriptTypeSerializationHashes: 4.444ms
	Untracked: 1995.078ms

[Licensing::Client] Successfully resolved entitlement details
[Licensing::Client] Successfully resolved entitlement details
Asset Pipeline Refresh (id=e866967a54e08e24a91e284864226a80): Total: 0.012 seconds - Initiated by RefreshV2(AllowForceSynchronousImport)
[Licensing::Client] Successfully resolved entitlement details
Asset Pipeline Refresh (id=59a756ee0e6f46640b21ea27127b768c): Total: 0.004 seconds - Initiated by RefreshV2(AllowForceSynchronousImport)
[ScriptCompilation] Requested script compilation because: AssetDatabase observed changes in script compilation related files
Refreshing native plugins compatible for Editor in 2.56 ms, found 4 plugins.
Asset Pipeline Refresh (id=eaef0b47b50671946a475d41118c3355): Total: 0.125 seconds - Initiated by RefreshV2(NoUpdateAssetOptions)
info: Microsoft.AspNetCore.Hosting.Diagnostics[1]
      Request starting HTTP/2 POST http://ilpp/UnityILPP.PostProcessing/Ping - application/grpc -
info: Microsoft.AspNetCore.Routing.EndpointMiddleware[0]
      Executing endpoint 'gRPC - /UnityILPP.PostProcessing/Ping'
info: Microsoft.AspNetCore.Routing.EndpointMiddleware[1]
      Executed endpoint 'gRPC - /UnityILPP.PostProcessing/Ping'
info: Microsoft.AspNetCore.Hosting.Diagnostics[2]
      Request finished HTTP/2 POST http://ilpp/UnityILPP.PostProcessing/Ping - 200 - application/grpc 0.1493ms
Starting: C:\Program Files\Unity\Hub\Editor\6000.5.6f1\Editor\Data\Tools\BuildPipeline\bee_backend.exe --ipc --defer-dag-verification --dagfile="Library/Bee/1900b0aE.dag" --continue-on-failure --profile="Library/Bee/backend1.traceevents" ScriptAssemblies
WorkingDir: D:/Private/unity projects/graduation project
info: Microsoft.AspNetCore.Hosting.Diagnostics[1]
      Request starting HTTP/2 POST http://ilpp/UnityILPP.PostProcessing/ConfigurePostProcessors - application/grpc -
info: Microsoft.AspNetCore.Routing.EndpointMiddleware[0]
      Executing endpoint 'gRPC - /UnityILPP.PostProcessing/ConfigurePostProcessors'
info: Unity.ILPP.Runner.PostProcessingAssemblyLoadContext[0]
      Current configuration matches the requested one, skipping
info: Microsoft.AspNetCore.Routing.EndpointMiddleware[1]
      Executed endpoint 'gRPC - /UnityILPP.PostProcessing/ConfigurePostProcessors'
info: Microsoft.AspNetCore.Hosting.Diagnostics[2]
      Request finished HTTP/2 POST http://ilpp/UnityILPP.PostProcessing/ConfigurePostProcessors - 200 - application/grpc 0.9443ms
info: Microsoft.AspNetCore.Hosting.Diagnostics[1]
      Request starting HTTP/2 POST http://ilpp/UnityILPP.PostProcessing/PostProcessAssembly - application/grpc -
info: Microsoft.AspNetCore.Hosting.Diagnostics[1]
      Request starting HTTP/2 POST http://ilpp/UnityILPP.PostProcessing/PostProcessAssembly - application/grpc -
info: Microsoft.AspNetCore.Routing.EndpointMiddleware[0]
      Executing endpoint 'gRPC - /UnityILPP.PostProcessing/PostProcessAssembly'
info: Microsoft.AspNetCore.Routing.EndpointMiddleware[0]
      Executing endpoint 'gRPC - /UnityILPP.PostProcessing/PostProcessAssembly'
info: Unity.ILPP.Runner.PostProcessingPipeline[0]
      Processing assembly Library/Bee/artifacts/1900b0aE.dag/Assembly-CSharp.dll, with 142 defines and 339 references
info: Unity.ILPP.Runner.PostProcessingPipeline[0]
      processors: Unity.Jobs.CodeGen.JobsILPostProcessor, zzzUnity.Burst.CodeGen.BurstILPostProcessor
info: Unity.ILPP.Runner.PostProcessingPipeline[0]
      Processing assembly Library/Bee/artifacts/1900b0aE.dag/Assembly-CSharp-Editor.dll, with 140 defines and 362 references
info: Unity.ILPP.Runner.PostProcessingPipeline[0]
      processors: Unity.Jobs.CodeGen.JobsILPostProcessor, zzzUnity.Burst.CodeGen.BurstILPostProcessor
info: Unity.ILPP.Runner.PostProcessingPipeline[0]
      running Unity.Jobs.CodeGen.JobsILPostProcessor
info: Unity.ILPP.Runner.PostProcessingPipeline[0]
      running Unity.Jobs.CodeGen.JobsILPostProcessor
info: Unity.ILPP.Runner.PostProcessingPipeline[0]
      running zzzUnity.Burst.CodeGen.BurstILPostProcessor
info: Unity.ILPP.Runner.PostProcessingPipeline[0]
      running zzzUnity.Burst.CodeGen.BurstILPostProcessor
info: Microsoft.AspNetCore.Routing.EndpointMiddleware[1]
      Executed endpoint 'gRPC - /UnityILPP.PostProcessing/PostProcessAssembly'
info: Microsoft.AspNetCore.Hosting.Diagnostics[2]
      Request finished HTTP/2 POST http://ilpp/UnityILPP.PostProcessing/PostProcessAssembly - 200 - application/grpc 24.3582ms
info: Microsoft.AspNetCore.Routing.EndpointMiddleware[1]
      Executed endpoint 'gRPC - /UnityILPP.PostProcessing/PostProcessAssembly'
info: Microsoft.AspNetCore.Hosting.Diagnostics[2]
      Request finished HTTP/2 POST http://ilpp/UnityILPP.PostProcessing/PostProcessAssembly - 200 - application/grpc 25.4054ms
ExitCode: 0 Duration: 0s456ms
[736/937    0s] ILPP-Configuration Library/ilpp-configuration.nevergeneratedoutput
[929/937    0s] Csc Library/Bee/artifacts/1900b0aE.dag/Assembly-CSharp.dll (+2 others)
[931/937    0s] ILPostProcess Library/Bee/artifacts/1900b0aE.dag/post-processed/Assembly-CSharp-Editor.dll (+pdb)
Processing assembly Library/Bee/artifacts/1900b0aE.dag/Assembly-CSharp-Editor.dll, with 140 defines and 362 references

processors: Unity.Jobs.CodeGen.JobsILPostProcessor, zzzUnity.Burst.CodeGen.BurstILPostProcessor

running Unity.Jobs.CodeGen.JobsILPostProcessor

running zzzUnity.Burst.CodeGen.BurstILPostProcessor
[932/937    0s] ILPostProcess Library/Bee/artifacts/1900b0aE.dag/post-processed/Assembly-CSharp.dll (+pdb)
Processing assembly Library/Bee/artifacts/1900b0aE.dag/Assembly-CSharp.dll, with 142 defines and 339 references

processors: Unity.Jobs.CodeGen.JobsILPostProcessor, zzzUnity.Burst.CodeGen.BurstILPostProcessor

running Unity.Jobs.CodeGen.JobsILPostProcessor

running zzzUnity.Burst.CodeGen.BurstILPostProcessor
[935/937    0s] CopyFiles Library/ScriptAssemblies/Assembly-CSharp.dll
[936/937    0s] CopyFiles Library/ScriptAssemblies/Assembly-CSharp.pdb
*** Tundra build success (0.42 seconds), 6 items updated, 937 evaluated
Reloading assemblies after finishing script compilation.
Reloading assemblies after forced synchronous recompile.
Begin MonoManager ReloadAssembly
Total cache size 267245200
Total cache size after purge 267245200, took 00:00:00.5861061
Native extension for WindowsStandalone target not found
Native extension for WebGL target not found
[MODES] ModeService[none].Initialize
[MODES] ModeService[none].LoadModes
ScheduleIndexationOnStartup MainProcess:True IndexOnStartup:True
Mono: successfully reloaded assembly
- Finished resetting the current domain, in  2.658 seconds
Domain Reload Profiling: 4490ms
	BeginReloadAssembly (1262ms)
		DisableScriptedObjects (293ms)
		CreateAndSetChildDomain (574ms)
	RebuildCommonClasses (15ms)
	RebuildNativeTypeToScriptingClass (22ms)
	initialDomainReloadingComplete (75ms)
	LoadAllAssembliesAndSetupDomain (456ms)
		LoadAssemblies (170ms)
		AnalyzeDomain (278ms)
			TypeCache.Refresh (11ms)
			BuildScriptInfoCaches (235ms)
			ResolveRequiredComponents (30ms)
	FinalizeReload (2659ms)
		SetupLoadedEditorAssemblies (0ms)
			InitializePlatformSupportModulesInManaged (3ms)
			BeforeProcessingInitializeOnLoad (234ms)
			ProcessInitializeOnLoadAttributes (576ms)
			ProcessInitializeOnLoadMethodAttributes (209ms)
			AfterProcessingInitializeOnLoad (7ms)
		AwakeInstancesAfterBackupRestoration (872ms)

Asset Pipeline Refresh (id=189f81f458895084bb59d44efe99cff4): Total: 4.812 seconds - Initiated by StopAssetImportingV2(ForceSynchronousImport | ForceDomainReload)
	(Values over 0.05ms)
	Summary:
		Imports: total=0 (actual=0, local cache=0, cache server=0)
		Asset DB Process Time: managed=0 ms, native=2821 ms
		Asset DB Callback time: managed=39 ms, native=0 ms
		Scripting: domain reloads=1, domain reload time=1949 ms, compile time=2 ms, other=0 ms
		Project Asset Count: scripts=1362, non-scripts=2318
		Asset File Changes: new=0, changed=0, moved=0, deleted=0
		Scan Filter Count: 0
	InvokePackagesCallback: 2.219ms
	ApplyChangesToAssetFolders: 0.519ms
	Collect global state as custom dependencies: 3.714ms
	ProcessAssetsWithTransientArtifactChanges: 6.824ms
	CategorizeAssets: 54.733ms
	CompileScripts: 1.950ms
	ImportOutOfDateAssets: 2711.776ms (2673.617ms without children)
		CollectScriptTypesHashes: 3.744ms
		ReloadNativeAssets: 1.895ms
		UnloadImportedAssets: 0.269ms
		EnsureUptoDateAssetsAreRegisteredWithGuidPM: 0.868ms
		ImportSchedulerStart: 35.088ms
	PostProcessAllAssets: 39.015ms
		MonoPostProcessAllAssets: 39.008ms
			UniversalRenderPipelineGlobalSettingsPostprocessor.OnPostprocessAllAssets 13.573ms
			BuilderAssetPostprocessor.OnPostprocessAllAssets 8.562ms
			AssetChangedListener.OnPostprocessAllAssets 7.963ms
			AssetPostprocessor.OnPostprocessAllAssets 7.541ms
			SyncVS.PostprocessSyncProject 3.584ms
			ShaderGraphAssetPostProcessor.OnPostprocessAllAssets 2.758ms
			WindowAssetPostprocessingWatcher.OnPostprocessAllAssets 2.580ms
			SpeedTree9Postprocessor.OnPostprocessAllAssets 2.287ms
			RetainedModeAssetPostprocessor.OnPostprocessAllAssets 1.824ms
			EditModeScopePostprocessor.OnPostprocessAllAssets 1.252ms
			ProjectSettingsPostprocessor.OnPostprocessAllAssets 0.926ms
			ArtifactBrowserPostProcessor.OnPostprocessAllAssets 0.878ms
			RenderPipelineGlobalSettingsPostprocessor.OnPostprocessAllAssets 0.831ms
			MaterialPostprocessor.OnPostprocessAllAssets 0.737ms
			TMPro_TexturePostProcessor.OnPostprocessAllAssets 0.617ms
			AudioMixerPostprocessor.OnPostprocessAllAssets 0.588ms
			TextAssetPostProcessor.OnPostprocessAllAssets 0.526ms
			PostProcessor.OnPostprocessAllAssets 0.501ms
			AssetEvents.OnPostprocessAllAssets 0.441ms
			StyleCatalogPostProcessor.OnPostprocessAllAssets 0.421ms
			ShaderReflectionAssetPostProcessor.OnPostprocessAllAssets 0.409ms
			SamplePostprocessor.OnPostprocessAllAssets 0.400ms
			UVCSAssetPostprocessor.OnPostprocessAllAssets 0.370ms
			ReferencedClipsPostProcessor.OnPostprocessAllAssets 0.357ms
			InputActionJsonNameModifierAssetProcessor.OnPostprocessAllAssets 0.352ms
			SampleDependencyImporterPostProcessor.OnPostprocessAllAssets 0.330ms
			InputActionAssetPostprocessor.OnPostprocessAllAssets 0.322ms
			SpeedTreePostProcessor.OnPostprocessAllAssets 0.235ms
			AssetDatabaseCallbacks.OnPostprocessAllAssets 0.188ms
			TerrainToolbarOverlayPostProcessor.OnPostprocessAllAssets 0.171ms
			ConfigAssetsTracker.OnPostprocessAllAssets 0.162ms
			ScenarioDriftAssetsTracker.OnPostprocessAllAssets 0.149ms
			AssetReloadNotifier.OnPostprocessAllAssets 0.126ms
			AudioContainerPostProcessor.OnPostprocessAllAssets 0.118ms
	GatherAllCurrentPrimaryImportResultRevisions: 0.313ms
	PersistCurrentRevisions: 0.100ms
	GenerateScriptTypeHashes: 3.221ms
	GenerateScriptTypeSerializationHashes: 5.221ms
	Untracked: 1984.588ms

[Licensing::Client] Successfully resolved entitlement details
[Licensing::Client] Successfully resolved entitlement details
Asset Pipeline Refresh (id=8e26300c3cb164946a7b22290bfccbb3): Total: 0.011 seconds - Initiated by RefreshV2(AllowForceSynchronousImport)
[Licensing::Client] Successfully resolved entitlement details
[ScriptCompilation] Requested script compilation because: AssetDatabase observed changes in script compilation related files
Refreshing native plugins compatible for Editor in 2.38 ms, found 4 plugins.
Asset Pipeline Refresh (id=b36846812ffb97a488d3d26e3f69046c): Total: 0.113 seconds - Initiated by RefreshV2(NoUpdateAssetOptions)
[Licensing::Client] Successfully resolved entitlement details
info: Microsoft.AspNetCore.Hosting.Diagnostics[1]
      Request starting HTTP/2 POST http://ilpp/UnityILPP.PostProcessing/Ping - application/grpc -
info: Microsoft.AspNetCore.Routing.EndpointMiddleware[0]
      Executing endpoint 'gRPC - /UnityILPP.PostProcessing/Ping'
info: Microsoft.AspNetCore.Routing.EndpointMiddleware[1]
      Executed endpoint 'gRPC - /UnityILPP.PostProcessing/Ping'
info: Microsoft.AspNetCore.Hosting.Diagnostics[2]
      Request finished HTTP/2 POST http://ilpp/UnityILPP.PostProcessing/Ping - 200 - application/grpc 0.2671ms
Starting: C:\Program Files\Unity\Hub\Editor\6000.5.6f1\Editor\Data\Tools\BuildPipeline\bee_backend.exe --ipc --defer-dag-verification --dagfile="Library/Bee/1900b0aE.dag" --continue-on-failure --profile="Library/Bee/backend1.traceevents" ScriptAssemblies
WorkingDir: D:/Private/unity projects/graduation project
info: Microsoft.AspNetCore.Hosting.Diagnostics[1]
      Request starting HTTP/2 POST http://ilpp/UnityILPP.PostProcessing/ConfigurePostProcessors - application/grpc -
info: Microsoft.AspNetCore.Routing.EndpointMiddleware[0]
      Executing endpoint 'gRPC - /UnityILPP.PostProcessing/ConfigurePostProcessors'
info: Unity.ILPP.Runner.PostProcessingAssemblyLoadContext[0]
      Current configuration matches the requested one, skipping
info: Microsoft.AspNetCore.Routing.EndpointMiddleware[1]
      Executed endpoint 'gRPC - /UnityILPP.PostProcessing/ConfigurePostProcessors'
info: Microsoft.AspNetCore.Hosting.Diagnostics[2]
      Request finished HTTP/2 POST http://ilpp/UnityILPP.PostProcessing/ConfigurePostProcessors - 200 - application/grpc 1.0820ms
info: Microsoft.AspNetCore.Hosting.Diagnostics[1]
      Request starting HTTP/2 POST http://ilpp/UnityILPP.PostProcessing/PostProcessAssembly - application/grpc -
info: Microsoft.AspNetCore.Hosting.Diagnostics[1]
      Request starting HTTP/2 POST http://ilpp/UnityILPP.PostProcessing/PostProcessAssembly - application/grpc -
info: Microsoft.AspNetCore.Routing.EndpointMiddleware[0]
      Executing endpoint 'gRPC - /UnityILPP.PostProcessing/PostProcessAssembly'
info: Microsoft.AspNetCore.Routing.EndpointMiddleware[0]
      Executing endpoint 'gRPC - /UnityILPP.PostProcessing/PostProcessAssembly'
info: Unity.ILPP.Runner.PostProcessingPipeline[0]
      Processing assembly Library/Bee/artifacts/1900b0aE.dag/Assembly-CSharp.dll, with 142 defines and 339 references
info: Unity.ILPP.Runner.PostProcessingPipeline[0]
      processors: Unity.Jobs.CodeGen.JobsILPostProcessor, zzzUnity.Burst.CodeGen.BurstILPostProcessor
info: Unity.ILPP.Runner.PostProcessingPipeline[0]
      Processing assembly Library/Bee/artifacts/1900b0aE.dag/Assembly-CSharp-Editor.dll, with 140 defines and 362 references
info: Unity.ILPP.Runner.PostProcessingPipeline[0]
      processors: Unity.Jobs.CodeGen.JobsILPostProcessor, zzzUnity.Burst.CodeGen.BurstILPostProcessor
info: Unity.ILPP.Runner.PostProcessingPipeline[0]
      running Unity.Jobs.CodeGen.JobsILPostProcessor
info: Unity.ILPP.Runner.PostProcessingPipeline[0]
      running Unity.Jobs.CodeGen.JobsILPostProcessor
info: Unity.ILPP.Runner.PostProcessingPipeline[0]
      running zzzUnity.Burst.CodeGen.BurstILPostProcessor
info: Unity.ILPP.Runner.PostProcessingPipeline[0]
      running zzzUnity.Burst.CodeGen.BurstILPostProcessor
info: Microsoft.AspNetCore.Routing.EndpointMiddleware[1]
      Executed endpoint 'gRPC - /UnityILPP.PostProcessing/PostProcessAssembly'
info: Microsoft.AspNetCore.Hosting.Diagnostics[2]
      Request finished HTTP/2 POST http://ilpp/UnityILPP.PostProcessing/PostProcessAssembly - 200 - application/grpc 20.1361ms
info: Microsoft.AspNetCore.Routing.EndpointMiddleware[1]
      Executed endpoint 'gRPC - /UnityILPP.PostProcessing/PostProcessAssembly'
info: Microsoft.AspNetCore.Hosting.Diagnostics[2]
      Request finished HTTP/2 POST http://ilpp/UnityILPP.PostProcessing/PostProcessAssembly - 200 - application/grpc 25.0934ms
ExitCode: 0 Duration: 0s451ms
[736/937    0s] ILPP-Configuration Library/ilpp-configuration.nevergeneratedoutput
[929/937    0s] Csc Library/Bee/artifacts/1900b0aE.dag/Assembly-CSharp.dll (+2 others)
[931/937    0s] ILPostProcess Library/Bee/artifacts/1900b0aE.dag/post-processed/Assembly-CSharp-Editor.dll (+pdb)
Processing assembly Library/Bee/artifacts/1900b0aE.dag/Assembly-CSharp-Editor.dll, with 140 defines and 362 references

processors: Unity.Jobs.CodeGen.JobsILPostProcessor, zzzUnity.Burst.CodeGen.BurstILPostProcessor

running Unity.Jobs.CodeGen.JobsILPostProcessor

running zzzUnity.Burst.CodeGen.BurstILPostProcessor
[932/937    0s] ILPostProcess Library/Bee/artifacts/1900b0aE.dag/post-processed/Assembly-CSharp.dll (+pdb)
Processing assembly Library/Bee/artifacts/1900b0aE.dag/Assembly-CSharp.dll, with 142 defines and 339 references

processors: Unity.Jobs.CodeGen.JobsILPostProcessor, zzzUnity.Burst.CodeGen.BurstILPostProcessor

running Unity.Jobs.CodeGen.JobsILPostProcessor

running zzzUnity.Burst.CodeGen.BurstILPostProcessor
[935/937    0s] CopyFiles Library/ScriptAssemblies/Assembly-CSharp.pdb
[936/937    0s] CopyFiles Library/ScriptAssemblies/Assembly-CSharp.dll
*** Tundra build success (0.41 seconds), 6 items updated, 937 evaluated
Reloading assemblies after finishing script compilation.
Reloading assemblies after forced synchronous recompile.
Begin MonoManager ReloadAssembly
Total cache size 267245200
Total cache size after purge 267245200, took 00:00:00.5430679
Native extension for WindowsStandalone target not found
Native extension for WebGL target not found
[MODES] ModeService[none].Initialize
[MODES] ModeService[none].LoadModes
ScheduleIndexationOnStartup MainProcess:True IndexOnStartup:True
Mono: successfully reloaded assembly
- Finished resetting the current domain, in  2.608 seconds
Domain Reload Profiling: 4590ms
	BeginReloadAssembly (1424ms)
		DisableScriptedObjects (260ms)
		CreateAndSetChildDomain (682ms)
	RebuildCommonClasses (15ms)
	RebuildNativeTypeToScriptingClass (21ms)
	initialDomainReloadingComplete (68ms)
	LoadAllAssembliesAndSetupDomain (453ms)
		LoadAssemblies (165ms)
		AnalyzeDomain (279ms)
			TypeCache.Refresh (11ms)
			BuildScriptInfoCaches (236ms)
			ResolveRequiredComponents (29ms)
	FinalizeReload (2609ms)
		SetupLoadedEditorAssemblies (0ms)
			InitializePlatformSupportModulesInManaged (3ms)
			BeforeProcessingInitializeOnLoad (232ms)
			ProcessInitializeOnLoadAttributes (546ms)
			ProcessInitializeOnLoadMethodAttributes (186ms)
			AfterProcessingInitializeOnLoad (7ms)
		AwakeInstancesAfterBackupRestoration (847ms)

Asset Pipeline Refresh (id=80d5addc66735d741a263e73bdcb8c4d): Total: 4.914 seconds - Initiated by StopAssetImportingV2(ForceSynchronousImport | ForceDomainReload)
	(Values over 0.05ms)
	Summary:
		Imports: total=0 (actual=0, local cache=0, cache server=0)
		Asset DB Process Time: managed=0 ms, native=2770 ms
		Asset DB Callback time: managed=46 ms, native=0 ms
		Scripting: domain reloads=1, domain reload time=2095 ms, compile time=2 ms, other=0 ms
		Project Asset Count: scripts=1362, non-scripts=2318
		Asset File Changes: new=0, changed=0, moved=0, deleted=0
		Scan Filter Count: 0
	InvokePackagesCallback: 2.029ms
	ApplyChangesToAssetFolders: 0.423ms
	Collect global state as custom dependencies: 3.460ms
	ProcessAssetsWithTransientArtifactChanges: 6.904ms
	CategorizeAssets: 54.474ms
	CompileScripts: 1.629ms
	ImportOutOfDateAssets: 2661.484ms (2622.995ms without children)
		CollectScriptTypesHashes: 2.119ms
		ReloadNativeAssets: 1.260ms
		UnloadImportedAssets: 0.259ms
		EnsureUptoDateAssetsAreRegisteredWithGuidPM: 0.814ms
		ImportSchedulerStart: 36.123ms
	PostProcessAllAssets: 46.265ms
		MonoPostProcessAllAssets: 46.261ms
			UniversalRenderPipelineGlobalSettingsPostprocessor.OnPostprocessAllAssets 12.067ms
			BuilderAssetPostprocessor.OnPostprocessAllAssets 6.578ms
			AssetChangedListener.OnPostprocessAllAssets 6.305ms
			AssetPostprocessor.OnPostprocessAllAssets 5.554ms
			SyncVS.PostprocessSyncProject 3.549ms
			WindowAssetPostprocessingWatcher.OnPostprocessAllAssets 3.125ms
			ShaderGraphAssetPostProcessor.OnPostprocessAllAssets 2.201ms
			SpeedTree9Postprocessor.OnPostprocessAllAssets 2.160ms
			EditModeScopePostprocessor.OnPostprocessAllAssets 1.389ms
			RetainedModeAssetPostprocessor.OnPostprocessAllAssets 1.294ms
			RenderPipelineGlobalSettingsPostprocessor.OnPostprocessAllAssets 0.918ms
			ProjectSettingsPostprocessor.OnPostprocessAllAssets 0.850ms
			MaterialPostprocessor.OnPostprocessAllAssets 0.828ms
			ArtifactBrowserPostProcessor.OnPostprocessAllAssets 0.648ms
			TMPro_TexturePostProcessor.OnPostprocessAllAssets 0.637ms
			TextAssetPostProcessor.OnPostprocessAllAssets 0.568ms
			UVCSAssetPostprocessor.OnPostprocessAllAssets 0.488ms
			InputActionJsonNameModifierAssetProcessor.OnPostprocessAllAssets 0.459ms
			AudioMixerPostprocessor.OnPostprocessAllAssets 0.425ms
			SampleDependencyImporterPostProcessor.OnPostprocessAllAssets 0.413ms
			ShaderReflectionAssetPostProcessor.OnPostprocessAllAssets 0.393ms
			PostProcessor.OnPostprocessAllAssets 0.335ms
			ReferencedClipsPostProcessor.OnPostprocessAllAssets 0.333ms
			InputActionAssetPostprocessor.OnPostprocessAllAssets 0.322ms
			StyleCatalogPostProcessor.OnPostprocessAllAssets 0.244ms
			SpeedTreePostProcessor.OnPostprocessAllAssets 0.243ms
			AssetEvents.OnPostprocessAllAssets 0.228ms
			AssetDatabaseCallbacks.OnPostprocessAllAssets 0.225ms
			SamplePostprocessor.OnPostprocessAllAssets 0.215ms
			TerrainToolbarOverlayPostProcessor.OnPostprocessAllAssets 0.171ms
			ConfigAssetsTracker.OnPostprocessAllAssets 0.171ms
			ScenarioDriftAssetsTracker.OnPostprocessAllAssets 0.159ms
			AssetReloadNotifier.OnPostprocessAllAssets 0.130ms
			AudioContainerPostProcessor.OnPostprocessAllAssets 0.085ms
	GatherAllCurrentPrimaryImportResultRevisions: 0.146ms
	PersistCurrentRevisions: 0.112ms
	GenerateScriptTypeHashes: 2.685ms
	GenerateScriptTypeSerializationHashes: 4.494ms
	Untracked: 2128.901ms

[Licensing::Client] Successfully resolved entitlement details
[Licensing::Client] Successfully resolved entitlement details
Asset Pipeline Refresh (id=a97bce9e500b95741bd584e48275470f): Total: 0.011 seconds - Initiated by RefreshV2(AllowForceSynchronousImport)
[Licensing::Client] Successfully resolved entitlement details
[ScriptCompilation] Requested script compilation because: AssetDatabase observed changes in script compilation related files
Refreshing native plugins compatible for Editor in 2.49 ms, found 4 plugins.
Asset Pipeline Refresh (id=1f9c05367c7e71444b466ce978986551): Total: 0.124 seconds - Initiated by RefreshV2(NoUpdateAssetOptions)
info: Microsoft.AspNetCore.Hosting.Diagnostics[1]
      Request starting HTTP/2 POST http://ilpp/UnityILPP.PostProcessing/Ping - application/grpc -
info: Microsoft.AspNetCore.Routing.EndpointMiddleware[0]
      Executing endpoint 'gRPC - /UnityILPP.PostProcessing/Ping'
info: Microsoft.AspNetCore.Routing.EndpointMiddleware[1]
      Executed endpoint 'gRPC - /UnityILPP.PostProcessing/Ping'
info: Microsoft.AspNetCore.Hosting.Diagnostics[2]
      Request finished HTTP/2 POST http://ilpp/UnityILPP.PostProcessing/Ping - 200 - application/grpc 0.2220ms
Starting: C:\Program Files\Unity\Hub\Editor\6000.5.6f1\Editor\Data\Tools\BuildPipeline\bee_backend.exe --ipc --defer-dag-verification --dagfile="Library/Bee/1900b0aE.dag" --continue-on-failure --profile="Library/Bee/backend1.traceevents" ScriptAssemblies
WorkingDir: D:/Private/unity projects/graduation project
info: Microsoft.AspNetCore.Hosting.Diagnostics[1]
      Request starting HTTP/2 POST http://ilpp/UnityILPP.PostProcessing/ConfigurePostProcessors - application/grpc -
info: Microsoft.AspNetCore.Routing.EndpointMiddleware[0]
      Executing endpoint 'gRPC - /UnityILPP.PostProcessing/ConfigurePostProcessors'
info: Unity.ILPP.Runner.PostProcessingAssemblyLoadContext[0]
      Current configuration matches the requested one, skipping
info: Microsoft.AspNetCore.Routing.EndpointMiddleware[1]
      Executed endpoint 'gRPC - /UnityILPP.PostProcessing/ConfigurePostProcessors'
info: Microsoft.AspNetCore.Hosting.Diagnostics[2]
      Request finished HTTP/2 POST http://ilpp/UnityILPP.PostProcessing/ConfigurePostProcessors - 200 - application/grpc 0.7837ms
info: Microsoft.AspNetCore.Hosting.Diagnostics[1]
      Request starting HTTP/2 POST http://ilpp/UnityILPP.PostProcessing/PostProcessAssembly - application/grpc -
info: Microsoft.AspNetCore.Hosting.Diagnostics[1]
      Request starting HTTP/2 POST http://ilpp/UnityILPP.PostProcessing/PostProcessAssembly - application/grpc -
info: Microsoft.AspNetCore.Routing.EndpointMiddleware[0]
      Executing endpoint 'gRPC - /UnityILPP.PostProcessing/PostProcessAssembly'
info: Microsoft.AspNetCore.Routing.EndpointMiddleware[0]
      Executing endpoint 'gRPC - /UnityILPP.PostProcessing/PostProcessAssembly'
info: Unity.ILPP.Runner.PostProcessingPipeline[0]
      Processing assembly Library/Bee/artifacts/1900b0aE.dag/Assembly-CSharp-Editor.dll, with 140 defines and 362 references
info: Unity.ILPP.Runner.PostProcessingPipeline[0]
      Processing assembly Library/Bee/artifacts/1900b0aE.dag/Assembly-CSharp.dll, with 142 defines and 339 references
info: Unity.ILPP.Runner.PostProcessingPipeline[0]
      processors: Unity.Jobs.CodeGen.JobsILPostProcessor, zzzUnity.Burst.CodeGen.BurstILPostProcessor
info: Unity.ILPP.Runner.PostProcessingPipeline[0]
      processors: Unity.Jobs.CodeGen.JobsILPostProcessor, zzzUnity.Burst.CodeGen.BurstILPostProcessor
info: Unity.ILPP.Runner.PostProcessingPipeline[0]
      running Unity.Jobs.CodeGen.JobsILPostProcessor
info: Unity.ILPP.Runner.PostProcessingPipeline[0]
      running Unity.Jobs.CodeGen.JobsILPostProcessor
info: Unity.ILPP.Runner.PostProcessingPipeline[0]
      running zzzUnity.Burst.CodeGen.BurstILPostProcessor
info: Unity.ILPP.Runner.PostProcessingPipeline[0]
      running zzzUnity.Burst.CodeGen.BurstILPostProcessor
info: Microsoft.AspNetCore.Routing.EndpointMiddleware[1]
      Executed endpoint 'gRPC - /UnityILPP.PostProcessing/PostProcessAssembly'
info: Microsoft.AspNetCore.Hosting.Diagnostics[2]
      Request finished HTTP/2 POST http://ilpp/UnityILPP.PostProcessing/PostProcessAssembly - 200 - application/grpc 21.3226ms
info: Microsoft.AspNetCore.Routing.EndpointMiddleware[1]
      Executed endpoint 'gRPC - /UnityILPP.PostProcessing/PostProcessAssembly'
info: Microsoft.AspNetCore.Hosting.Diagnostics[2]
      Request finished HTTP/2 POST http://ilpp/UnityILPP.PostProcessing/PostProcessAssembly - 200 - application/grpc 32.7941ms
ExitCode: 0 Duration: 0s457ms
[736/937    0s] ILPP-Configuration Library/ilpp-configuration.nevergeneratedoutput
[929/937    0s] Csc Library/Bee/artifacts/1900b0aE.dag/Assembly-CSharp.dll (+2 others)
[931/937    0s] ILPostProcess Library/Bee/artifacts/1900b0aE.dag/post-processed/Assembly-CSharp-Editor.dll (+pdb)
Processing assembly Library/Bee/artifacts/1900b0aE.dag/Assembly-CSharp-Editor.dll, with 140 defines and 362 references

processors: Unity.Jobs.CodeGen.JobsILPostProcessor, zzzUnity.Burst.CodeGen.BurstILPostProcessor

running Unity.Jobs.CodeGen.JobsILPostProcessor

running zzzUnity.Burst.CodeGen.BurstILPostProcessor
[932/937    0s] ILPostProcess Library/Bee/artifacts/1900b0aE.dag/post-processed/Assembly-CSharp.dll (+pdb)
Processing assembly Library/Bee/artifacts/1900b0aE.dag/Assembly-CSharp.dll, with 142 defines and 339 references

processors: Unity.Jobs.CodeGen.JobsILPostProcessor, zzzUnity.Burst.CodeGen.BurstILPostProcessor

running Unity.Jobs.CodeGen.JobsILPostProcessor

running zzzUnity.Burst.CodeGen.BurstILPostProcessor
[935/937    0s] CopyFiles Library/ScriptAssemblies/Assembly-CSharp.dll
[936/937    0s] CopyFiles Library/ScriptAssemblies/Assembly-CSharp.pdb
*** Tundra build success (0.42 seconds), 6 items updated, 937 evaluated
Reloading assemblies after finishing script compilation.
Reloading assemblies after forced synchronous recompile.
Begin MonoManager ReloadAssembly
Total cache size 267245200
Total cache size after purge 267245200, took 00:00:00.5612037
Native extension for WindowsStandalone target not found
Native extension for WebGL target not found
[MODES] ModeService[none].Initialize
[MODES] ModeService[none].LoadModes
ScheduleIndexationOnStartup MainProcess:True IndexOnStartup:True
Mono: successfully reloaded assembly
- Finished resetting the current domain, in  2.638 seconds
Domain Reload Profiling: 4522ms
	BeginReloadAssembly (1301ms)
		DisableScriptedObjects (282ms)
		CreateAndSetChildDomain (635ms)
	RebuildCommonClasses (17ms)
	RebuildNativeTypeToScriptingClass (22ms)
	initialDomainReloadingComplete (71ms)
	LoadAllAssembliesAndSetupDomain (471ms)
		LoadAssemblies (174ms)
		AnalyzeDomain (284ms)
			TypeCache.Refresh (11ms)
			BuildScriptInfoCaches (242ms)
			ResolveRequiredComponents (30ms)
	FinalizeReload (2639ms)
		SetupLoadedEditorAssemblies (0ms)
			InitializePlatformSupportModulesInManaged (3ms)
			BeforeProcessingInitializeOnLoad (239ms)
			ProcessInitializeOnLoadAttributes (555ms)
			ProcessInitializeOnLoadMethodAttributes (182ms)
			AfterProcessingInitializeOnLoad (7ms)
		AwakeInstancesAfterBackupRestoration (845ms)

Asset Pipeline Refresh (id=4874e303d587222489f8e06c260710c4): Total: 4.834 seconds - Initiated by StopAssetImportingV2(ForceSynchronousImport | ForceDomainReload)
	(Values over 0.05ms)
	Summary:
		Imports: total=0 (actual=0, local cache=0, cache server=0)
		Asset DB Process Time: managed=0 ms, native=2798 ms
		Asset DB Callback time: managed=38 ms, native=0 ms
		Scripting: domain reloads=1, domain reload time=1995 ms, compile time=2 ms, other=0 ms
		Project Asset Count: scripts=1362, non-scripts=2318
		Asset File Changes: new=0, changed=0, moved=0, deleted=0
		Scan Filter Count: 0
	InvokePackagesCallback: 2.175ms
	ApplyChangesToAssetFolders: 0.458ms
	Collect global state as custom dependencies: 3.576ms
	ProcessAssetsWithTransientArtifactChanges: 7.239ms
	CategorizeAssets: 55.397ms
	CompileScripts: 1.631ms
	ImportOutOfDateAssets: 2690.645ms (2653.116ms without children)
		CollectScriptTypesHashes: 2.353ms
		ReloadNativeAssets: 2.803ms
		UnloadImportedAssets: 0.269ms
		EnsureUptoDateAssetsAreRegisteredWithGuidPM: 0.792ms
		ImportSchedulerStart: 33.635ms
	PostProcessAllAssets: 38.083ms
		MonoPostProcessAllAssets: 38.078ms
			UniversalRenderPipelineGlobalSettingsPostprocessor.OnPostprocessAllAssets 13.148ms
			BuilderAssetPostprocessor.OnPostprocessAllAssets 9.550ms
			AssetChangedListener.OnPostprocessAllAssets 8.391ms
			AssetPostprocessor.OnPostprocessAllAssets 8.386ms
			SyncVS.PostprocessSyncProject 3.461ms
			ShaderGraphAssetPostProcessor.OnPostprocessAllAssets 2.736ms
			WindowAssetPostprocessingWatcher.OnPostprocessAllAssets 2.576ms
			SpeedTree9Postprocessor.OnPostprocessAllAssets 2.188ms
			RetainedModeAssetPostprocessor.OnPostprocessAllAssets 1.954ms
			EditModeScopePostprocessor.OnPostprocessAllAssets 1.255ms
			ProjectSettingsPostprocessor.OnPostprocessAllAssets 0.949ms
			ArtifactBrowserPostProcessor.OnPostprocessAllAssets 0.940ms
			MaterialPostprocessor.OnPostprocessAllAssets 0.914ms
			RenderPipelineGlobalSettingsPostprocessor.OnPostprocessAllAssets 0.842ms
			TMPro_TexturePostProcessor.OnPostprocessAllAssets 0.816ms
			AudioMixerPostprocessor.OnPostprocessAllAssets 0.758ms
			TextAssetPostProcessor.OnPostprocessAllAssets 0.581ms
			UVCSAssetPostprocessor.OnPostprocessAllAssets 0.497ms
			InputActionJsonNameModifierAssetProcessor.OnPostprocessAllAssets 0.452ms
			AssetEvents.OnPostprocessAllAssets 0.439ms
			SampleDependencyImporterPostProcessor.OnPostprocessAllAssets 0.436ms
			StyleCatalogPostProcessor.OnPostprocessAllAssets 0.414ms
			ShaderReflectionAssetPostProcessor.OnPostprocessAllAssets 0.402ms
			PostProcessor.OnPostprocessAllAssets 0.401ms
			ReferencedClipsPostProcessor.OnPostprocessAllAssets 0.342ms
			InputActionAssetPostprocessor.OnPostprocessAllAssets 0.340ms
			SpeedTreePostProcessor.OnPostprocessAllAssets 0.269ms
			ScenarioDriftAssetsTracker.OnPostprocessAllAssets 0.238ms
			SamplePostprocessor.OnPostprocessAllAssets 0.231ms
			ConfigAssetsTracker.OnPostprocessAllAssets 0.229ms
			AssetDatabaseCallbacks.OnPostprocessAllAssets 0.185ms
			TerrainToolbarOverlayPostProcessor.OnPostprocessAllAssets 0.178ms
			AssetReloadNotifier.OnPostprocessAllAssets 0.176ms
			AudioContainerPostProcessor.OnPostprocessAllAssets 0.141ms
	GatherAllCurrentPrimaryImportResultRevisions: 0.156ms
	PersistCurrentRevisions: 0.109ms
	GenerateScriptTypeHashes: 4.197ms
	GenerateScriptTypeSerializationHashes: 6.397ms
	Untracked: 2028.906ms

[Licensing::Client] Successfully resolved entitlement details
[Licensing::Client] Successfully resolved entitlement details
Asset Pipeline Refresh (id=4a9b897271685be4db20057ecf852d63): Total: 0.011 seconds - Initiated by RefreshV2(AllowForceSynchronousImport)
[Licensing::Client] Successfully resolved entitlement details
Importing 'GUID: 99c9720ab356a0642a771bea13969a05 - Path: Assets/Scenes/SampleScene.unity' with importer (DefaultImporter)
Imported 'GUID: 99c9720ab356a0642a771bea13969a05' -> (Import Result ID: '89e07293c136a8cadff9618501f024a3') in 0.004 seconds [static dependencies only]. Details - ImportResultOutputID=378ca25c6c95e370f41ed482e616ed68 DependenciesID=fc0295204b71872241095c73b00b110d StaticDependenciesID=aacb947720cacda37abe20dcdad7cd05 
Asset Pipeline Refresh (id=9938ba43b8778164ea3b0e374ea50f5c): Total: 0.119 seconds - Initiated by StopAssetImportingV2(NoUpdateAssetOptions)
MonoPathRemapper: Attempts to remap: 280025; Successful remaps: 18958
Serialized file version minimum: 22, current 23
[LAYOUT] About to save layout D:\Private\unity projects\graduation project\UserSettings\Layouts\default-6000.dwlt
[LAYOUT] About to save layout C:/Users/moham/AppData/Roaming/Unity/Editor-5.x/Preferences\Layouts\current\default-6000.dwlt
Input System module state changed to: ShutdownInProgress.
Input Polling Thread exited.
Input System module state changed to: Shutdown.
[Physics::Module] Cleanup current backend.
[Physics::Module] Id: 0xf2b8ea05
[Licensing::IpcConnector] LicenseClient-moham-6000.5.6-notifications channel disconnected successfully.
[Licensing::IpcConnector] LicenseClient-moham-6000.5.6 channel disconnected successfully.
AcceleratorClientConnectionCallback - disconnected - :0
Cleanup mono
CodeReloadManager destroyed
abort_threads: Failed aborting id: 0000000000007318, mono_thread_manage will ignore it

abort_threads: Failed aborting id: 0000000000002110, mono_thread_manage will ignore it

abort_threads: Failed aborting id: 0000000000007318, mono_thread_manage will ignore it

abort_threads: Failed aborting id: 0000000000002110, mono_thread_manage will ignore it

debugger-agent: Unable to listen on 4472
Checking for leaked weakptr:
  Found no leaked weakptrs.
[Package Manager] Server process was shutdown
##utp:{"type":"MemoryLeaks","version":2,"phase":"Immediate","time":1790135000803,"processId":8512,"allocatedMemory":58096028,"memoryLabels":[{"Default":264529},{"Permanent":15516},{"NewDelete":88501},{"Thread":4210552},{"Manager":821800},{"VertexData":8},{"Geometry":816},{"Texture":24},{"Shader":867085},{"Material":24},{"GfxDevice":224696},{"GfxThread":16128},{"Animation":952},{"Audio":1168},{"FreeType":8},{"FontEngine":736},{"Physics":2146},{"Physics2D":16},{"Serialization":1733768},{"Input":45280},{"JobScheduler":256},{"TextLib":23254},{"Mono":48},{"MonoCode":128},{"ScriptingNativeRuntime":2008452},{"BaseObject":2768421},{"Resource":1208},{"Renderer":3080},{"Transform":4685},{"File":12912},{"WebCam":616},{"Culling":32},{"Terrain":11442},{"Wind":24},{"STL":40},{"String":10401},{"StaticString":3808},{"Utility":2674053},{"Curl":48},{"PoolAlloc":2360},{"AI":80},{"TypeTree":2569190},{"CodeReload":448},{"RuntimeInitializeOnLoadManager":64},{"Sprites":102},{"SpriteAtlas":120},{"GI":7816},{"Director":8296},{"CloudService":7640},{"WebRequest":12959},{"VR":47114},{"SceneManager":608},{"Video":208},{"LazyScriptCache":32},{"NativeArray":33072380},{"Camera":17},{"Secure":5545},{"SerializationCache":1576},{"APIUpdating":10320},{"Subsystems":336},{"VirtualTexturing":57888},{"StaticSafetyDebugInfo":278528},{"Analytics":728},{"Hierarchy":1176},{"UIElements":913184},{"CoreStats":13688},{"Identifiers":6768},{"Gui":268451},{"EditorUtility":283338},{"VersionControl":8},{"Undo":931},{"AssetDatabase":4602651},{"AssetImporter":40},{"EditorGi":328},{"UnityConnect":35346},{"Upm":1988},{"UpmDiagnostics":8},{"AssetCompliance":64},{"DrivenProperties":72},{"LocalIPC":220},{"ProfilerEditor":9746},{"CoreBusinessMetrics":3480},{"Windowing":456},{"TLS":51765},{"Licensing":1344},{"AssetReference":32},{"IPCStream":32}]}
