[Licensing::Module] Trying to connect to existing licensing client channel...
Built from '6000.5/staging' branch; Version is '6000.5.6f1 (0e0577a1a2ac) revision 918903'; Using compiler version '194234433'; Build Type 'Release'
[Licensing::IpcConnector] Successfully connected to: "LicenseClient-moham" at "2026-09-27T09:34:57.4728957Z"
OS: 'Windows 11  (10.0.26200) CoreSingleLanguage' Language: 'en' Physical Memory: 15791 MB
BatchMode: 0, IsHumanControllingUs: 1, StartBugReporterOnCrash: 1, Is64bit: 1
System  architecture: x64
Process architecture: x64
Date: 2026-09-27T09:34:57Z

COMMAND LINE ARGUMENTS:
C:\Program Files\Unity\Hub\Editor\6000.5.6f1\Editor\Unity.exe
-projectpath
D:\Private\unity projects\graduation project
-acceptSoftwareTermsForThisRunOnly
-useHub
-hubIPC
-cloudEnvironment
production
-licensingIpc
LicenseClient-moham
-hubSessionId
2a5ad38a-ddea-4581-870f-1a4c26dfa057
-accessToken
FRFujLAjS6ajAgMcYfeQqAbAvGralnKiMxYDzrepqIo00af
Successfully changed project path to: D:\Private\unity projects\graduation project
D:/Private/unity projects/graduation project
[UnityMemory] Configuration Parameters - Can be set up in boot.config
    "memorysetup-temp-allocator-size-gi-baking-worker=262144"
    "memorysetup-temp-allocator-size-gi-baking-worker=262144"
    "memorysetup-temp-allocator-size-gi-baking-worker=262144"
    "memorysetup-temp-allocator-size-gi-baking-worker=262144"
    "memorysetup-temp-allocator-size-gi-baking-worker=262144"
    "memorysetup-temp-allocator-size-nav-mesh-worker=65536"
    "memorysetup-temp-allocator-size-audio-worker=65536"
    "memorysetup-temp-allocator-size-cloud-worker=32768"
    "memorysetup-temp-allocator-size-gfx=262144"
    "memorysetup-temp-allocator-size-preload-manager=33554432"
    "memorysetup-allocator-temp-initial-block-size-main=262144"
    "memorysetup-allocator-temp-initial-block-size-worker=262144"
    "memorysetup-temp-allocator-size-job-worker=262144"
    "memorysetup-temp-allocator-size-background-worker=32768"
    "memorysetup-bucket-allocator-granularity=16"
    "memorysetup-bucket-allocator-bucket-count=8"
    "memorysetup-bucket-allocator-block-size=33554432"
    "memorysetup-bucket-allocator-block-count=8"
    "memorysetup-main-allocator-block-size=16777216"
    "memorysetup-thread-allocator-block-size=16777216"
    "memorysetup-main-allocator-mimalloc-enabled=0"
    "memorysetup-gfx-main-allocator-block-size=16777216"
    "memorysetup-gfx-thread-allocator-block-size=16777216"
    "memorysetup-cache-allocator-block-size=4194304"
    "memorysetup-typetree-allocator-block-size=2097152"
    "memorysetup-profiler-bucket-allocator-granularity=16"
    "memorysetup-profiler-bucket-allocator-bucket-count=8"
    "memorysetup-profiler-bucket-allocator-block-size=33554432"
    "memorysetup-profiler-bucket-allocator-block-count=8"
    "memorysetup-profiler-allocator-block-size=16777216"
    "memorysetup-profiler-editor-allocator-block-size=1048576"
    "memorysetup-temp-allocator-size-main=16777216"
    "memorysetup-job-temp-allocator-block-size=2097152"
    "memorysetup-job-temp-allocator-block-size-background=1048576"
    "memorysetup-job-temp-allocator-reduction-small-platforms=262144"
Player connection [25008]  Target information:

Player connection [25008]  * "[IP] 192.168.1.4 [Port] 55504 [Flags] 2 [Guid] 1317212004 [EditorId] 1317212004 [Version] 1048832 [Id] WindowsEditor(7,Mohamed_El-hout) [Debug] 1 [PackageName] WindowsEditor [ProjectName] Editor" 

Player connection [25008] Host joined multi-casting on [225.0.0.222:54997]...
Player connection [25008] Host joined alternative multi-casting on [225.0.0.222:34997]...
Input System module state changed to: Initialized.
[Physics::Module] Initialized fallback backend.
[Physics::Module] Id: 0xdecafbad
[Licensing::Client] Error: HandshakeResponse reported an error:
	ResponseCode: 505
	ResponseStatus: Unsupported protocol version '1.18.1'.
[Licensing::Module] Error: Failed to handshake to channel: "LicenseClient-moham"
[Licensing::IpcConnector] LicenseClient-moham channel disconnected successfully.
[Licensing::IpcConnector] Channel LicenseClient-moham-6000.5.6 doesn't exist
[Licensing::Module] Successfully launched the LicensingClient (PId: 22292)
[Package Manager] Connected to IPC stream "Upm-14392" after 0.3 seconds.
[Licensing::Module] Licensing is not yet initialized.
Starting IPC server.
Waiting for clients to connect on \\.\pipe\Unity-LicenseClient-moham-6000.5.6, press Ctrl-C to exit.
[Licensing::IpcConnector] Successfully connected to: "LicenseClient-moham-6000.5.6" at "2026-09-27T09:35:03.3522345Z"
[Licensing::Client] Code 10 while verifying Licensing Client signature (process Id: 22292, path: "C:/Program Files/Unity/Hub/Editor/6000.5.6f1/Editor/Data/Resources/Licensing/Client/Unity.Licensing.Client.exe")
[Licensing::Module] LicensingClient has failed validation; ignoring
[Licensing::Client] Handshaking with LicensingClient:
  Version:                 1.18.1+9fbee8e
  Session Id:              c1df3f705bc94adda3a3fe04164d5f9d
  Correlation Id:          585d39e488b50b09bd8369da1b9a41b0
  External correlation Id: 8792543797556634475
  Machine Id:              CggcBLhDli6xer8RWuH3wsPVpWM=
[Licensing::Module] Successfully connected to LicensingClient on channel: "LicenseClient-moham-6000.5.6" (connect: 4.37s, validation: 0.27s, handshake: 0.01s)
[Licensing::IpcConnector] Successfully connected to: "LicenseClient-moham-6000.5.6-notifications" at "2026-09-27T09:35:03.6332791Z"
[Licensing::Module] Connected to LicensingClient (PId: 22292, launch time: 0.05, total connection time: 4.65s)
[Licensing::Client] Successfully updated the access token
[Licensing::Module] Successfully updated the access token FRFujLAjS6...
[Licensing::Client] Successfully resolved entitlement details
[Licensing::Module] License group:
  Id: 11270698284028-UnityPersXXXX
  Product: Unity Personal
  Type: Assigned
  Expiration: Unlimited
[Licensing::Client] Successfully updated license, isAsync: True, time: 0.01
[Licensing::Client] Successfully resolved entitlement details
[Licensing::Module] Licensing Background thread has ended after 6.19s
[Licensing::Module] Licensing is initialized (took 4.44s).
[Licensing::Client] Successfully resolved entitlement details
Library Redirect Path: Library/
[Physics::Module] Selected backend.
[Physics::Module] Name: PhysX
[Physics::Module] Id: 0xf2b8ea05
[Physics::Module] SDK Version: 4.1.2
[Physics::Module] Integration Version: 1.0.0
[Physics::Module] Threading Mode: Multi-Threaded
Artifact Garbage Collection - Removed 1 unused hashed content files
Initialize engine version: 6000.5.6f1 (0e0577a1a2ac)
[Subsystems] Discovering subsystems at path C:/Program Files/Unity/Hub/Editor/6000.5.6f1/Editor/Data/Resources/UnitySubsystems
[Subsystems] Discovering subsystems at path D:/Private/unity projects/graduation project/Assets
[D3D12 Device Filter] Vendor Name: NVIDIA
[D3D12 Device Filter] Device Name: NVIDIA GeForce RTX 3060 Laptop GPU
[D3D12 Device Filter] Driver Version: 32.0.15.5597
[D3D12 Device Filter] Feature Level: 12.2
[D3D12 Device Filter] Graphics Memory: 5996 MB
[D3D12 Device Filter] Processor Count: 16
[D3D12 Device Filter] Device Type: Discrete
GfxDevice: creating device client; kGfxThreadingModeSplitJobs
d3d12: failed to query info queue interface (0x80004002).
Direct3D:
    Version:         Direct3D 12 [level 12.2]
    Renderer:        NVIDIA GeForce RTX 3060 Laptop GPU (ID=0x2520)
    Vendor:          NVIDIA
    VRAM:            5996 MB
    App VRAM Budget: 5228 MB
    Driver:          32.0.15.5597
Initialize mono
Mono path[0] = 'C:/Program Files/Unity/Hub/Editor/6000.5.6f1/Editor/Data/Managed'
Mono path[1] = 'C:/Program Files/Unity/Hub/Editor/6000.5.6f1/Editor/Data/BCLExtensions/runtime/netstandard2.1'
Mono path[2] = 'C:/Program Files/Unity/Hub/Editor/6000.5.6f1/Editor/Data/MonoBleedingEdge/lib/mono/unityjit-win32'
Mono config path = 'C:/Program Files/Unity/Hub/Editor/6000.5.6f1/Editor/Data/MonoBleedingEdge/etc'
Using monoOptions --debugger-agent=transport=dt_socket,embedding=1,server=y,suspend=n,address=127.0.0.1:56392
CodeReloadManager initialized
ImportWorker Server TCP listen port: 0
AcceleratorClientConnectionCallback - disconnected - :0
Begin MonoManager ReloadAssembly
Registering precompiled unity dll's ...
Register platform support module: C:/Program Files/Unity/Hub/Editor/6000.5.6f1/Editor/Data/PlaybackEngines/WebGLSupport/UnityEditor.WebGL.Extensions.dll
Register platform support module: C:/Program Files/Unity/Hub/Editor/6000.5.6f1/Editor/Data/PlaybackEngines/WindowsStandaloneSupport/UnityEditor.WindowsStandalone.Extensions.dll
Registered in 0.003826 seconds.
Native extension for WindowsStandalone target not found
Native extension for WebGL target not found
Package Manager log level set to [2]
ScheduleIndexationOnStartup MainProcess:False IndexOnStartup:True
Mono: successfully reloaded assembly
- Finished resetting the current domain, in  0.562 seconds
Domain Reload Profiling: 1231ms
	BeginReloadAssembly (175ms)
		CreateAndSetChildDomain (15ms)
	RebuildCommonClasses (6ms)
	RebuildNativeTypeToScriptingClass (28ms)
	initialDomainReloadingComplete (81ms)
	LoadAllAssembliesAndSetupDomain (375ms)
		LoadAssemblies (158ms)
		AnalyzeDomain (278ms)
			TypeCache.Refresh (277ms)
				TypeCache.ScanAssembly (258ms)
	FinalizeReload (567ms)
		SetupLoadedEditorAssemblies (0ms)
			InitializePlatformSupportModulesInManaged (3ms)
			BeforeProcessingInitializeOnLoad (114ms)
			ProcessInitializeOnLoadAttributes (113ms)
			ProcessInitializeOnLoadMethodAttributes (237ms)
[Licensing::Client] Successfully resolved entitlement details
Application.AssetDatabase Initial Refresh Start
[Package Manager] Restoring resolved packages state from cache
[Licensing::Client] Successfully resolved entitlement details
[Package Manager] Registered 57 packages:
  Packages from [https://packages.unity.com]:
    com.unity.ai.navigation@2.0.14 (location: D:\Private\unity projects\graduation project\Library\PackageCache\com.unity.ai.navigation@134dd6a3b97b)
    com.unity.collab-proxy@2.13.3 (location: D:\Private\unity projects\graduation project\Library\PackageCache\com.unity.collab-proxy@4f3be89e8675)
    com.unity.ide.rider@3.0.38 (location: D:\Private\unity projects\graduation project\Library\PackageCache\com.unity.ide.rider@1f60b3138684)
    com.unity.ide.visualstudio@2.0.26 (location: D:\Private\unity projects\graduation project\Library\PackageCache\com.unity.ide.visualstudio@a99d56dec63f)
    com.unity.inputsystem@1.20.0 (location: D:\Private\unity projects\graduation project\Library\PackageCache\com.unity.inputsystem@7a4e1a2a8194)
    com.unity.timeline@1.8.12 (location: D:\Private\unity projects\graduation project\Library\PackageCache\com.unity.timeline@8cd8509afae5)
    com.unity.visualscripting@1.9.11 (location: D:\Private\unity projects\graduation project\Library\PackageCache\com.unity.visualscripting@8bed5ad90189)
    com.unity.searcher@4.9.4 (location: D:\Private\unity projects\graduation project\Library\PackageCache\com.unity.searcher@d45a78918735)
    com.unity.burst@1.8.29 (location: D:\Private\unity projects\graduation project\Library\PackageCache\com.unity.burst@6bb9aca3ef38)
    com.unity.nuget.mono-cecil@1.11.6 (location: D:\Private\unity projects\graduation project\Library\PackageCache\com.unity.nuget.mono-cecil@ecb9724e46ff)
    com.unity.test-framework.performance@3.5.0 (location: D:\Private\unity projects\graduation project\Library\PackageCache\com.unity.test-framework.performance@8b56083ec0f0)
  Built-in packages:
    com.unity.multiplayer.center@1.0.1 (location: D:\Private\unity projects\graduation project\Library\PackageCache\com.unity.multiplayer.center@b860850997d0)
    com.unity.render-pipelines.universal@17.5.0 (location: D:\Private\unity projects\graduation project\Library\PackageCache\com.unity.render-pipelines.universal@73b4c4ff130e)
    com.unity.test-framework@1.7.0 (location: D:\Private\unity projects\graduation project\Library\PackageCache\com.unity.test-framework@1405238725ab)
    com.unity.ugui@2.5.0 (location: D:\Private\unity projects\graduation project\Library\PackageCache\com.unity.ugui@67707a67a4ab)
    com.unity.modules.accessibility@1.0.0 (location: D:\Private\unity projects\graduation project\Library\PackageCache\com.unity.modules.accessibility)
    com.unity.modules.adaptiveperformance@1.0.0 (location: D:\Private\unity projects\graduation project\Library\PackageCache\com.unity.modules.adaptiveperformance)
    com.unity.modules.ai@1.0.0 (location: D:\Private\unity projects\graduation project\Library\PackageCache\com.unity.modules.ai)
    com.unity.modules.androidjni@1.0.0 (location: D:\Private\unity projects\graduation project\Library\PackageCache\com.unity.modules.androidjni)
    com.unity.modules.animation@1.0.0 (location: D:\Private\unity projects\graduation project\Library\PackageCache\com.unity.modules.animation)
    com.unity.modules.assetbundle@1.0.0 (location: D:\Private\unity projects\graduation project\Library\PackageCache\com.unity.modules.assetbundle)
    com.unity.modules.audio@1.0.0 (location: D:\Private\unity projects\graduation project\Library\PackageCache\com.unity.modules.audio)
    com.unity.modules.cloth@1.0.0 (location: D:\Private\unity projects\graduation project\Library\PackageCache\com.unity.modules.cloth)
    com.unity.modules.director@1.0.0 (location: D:\Private\unity projects\graduation project\Library\PackageCache\com.unity.modules.director)
    com.unity.modules.imageconversion@1.0.0 (location: D:\Private\unity projects\graduation project\Library\PackageCache\com.unity.modules.imageconversion)
    com.unity.modules.imgui@1.0.0 (location: D:\Private\unity projects\graduation project\Library\PackageCache\com.unity.modules.imgui)
    com.unity.modules.jsonserialize@1.0.0 (location: D:\Private\unity projects\graduation project\Library\PackageCache\com.unity.modules.jsonserialize)
    com.unity.modules.particlesystem@1.0.0 (location: D:\Private\unity projects\graduation project\Library\PackageCache\com.unity.modules.particlesystem)
    com.unity.modules.physics@1.0.0 (location: D:\Private\unity projects\graduation project\Library\PackageCache\com.unity.modules.physics)
    com.unity.modules.physics2d@1.0.0 (location: D:\Private\unity projects\graduation project\Library\PackageCache\com.unity.modules.physics2d)
    com.unity.modules.physicscore2d@1.0.0 (location: D:\Private\unity projects\graduation project\Library\PackageCache\com.unity.modules.physicscore2d)
    com.unity.modules.screencapture@1.0.0 (location: D:\Private\unity projects\graduation project\Library\PackageCache\com.unity.modules.screencapture)
    com.unity.modules.terrain@1.0.0 (location: D:\Private\unity projects\graduation project\Library\PackageCache\com.unity.modules.terrain)
    com.unity.modules.terrainphysics@1.0.0 (location: D:\Private\unity projects\graduation project\Library\PackageCache\com.unity.modules.terrainphysics)
    com.unity.modules.tilemap@1.0.0 (location: D:\Private\unity projects\graduation project\Library\PackageCache\com.unity.modules.tilemap)
    com.unity.modules.ui@1.0.0 (location: D:\Private\unity projects\graduation project\Library\PackageCache\com.unity.modules.ui)
    com.unity.modules.uielements@1.0.0 (location: D:\Private\unity projects\graduation project\Library\PackageCache\com.unity.modules.uielements)
    com.unity.modules.umbra@1.0.0 (location: D:\Private\unity projects\graduation project\Library\PackageCache\com.unity.modules.umbra)
    com.unity.modules.unityanalytics@1.0.0 (location: D:\Private\unity projects\graduation project\Library\PackageCache\com.unity.modules.unityanalytics)
    com.unity.modules.unitywebrequest@1.0.0 (location: D:\Private\unity projects\graduation project\Library\PackageCache\com.unity.modules.unitywebrequest)
    com.unity.modules.unitywebrequestassetbundle@1.0.0 (location: D:\Private\unity projects\graduation project\Library\PackageCache\com.unity.modules.unitywebrequestassetbundle)
    com.unity.modules.unitywebrequestaudio@1.0.0 (location: D:\Private\unity projects\graduation project\Library\PackageCache\com.unity.modules.unitywebrequestaudio)
    com.unity.modules.unitywebrequesttexture@1.0.0 (location: D:\Private\unity projects\graduation project\Library\PackageCache\com.unity.modules.unitywebrequesttexture)
    com.unity.modules.unitywebrequestwww@1.0.0 (location: D:\Private\unity projects\graduation project\Library\PackageCache\com.unity.modules.unitywebrequestwww)
    com.unity.modules.vectorgraphics@1.0.0 (location: D:\Private\unity projects\graduation project\Library\PackageCache\com.unity.modules.vectorgraphics)
    com.unity.modules.vehicles@1.0.0 (location: D:\Private\unity projects\graduation project\Library\PackageCache\com.unity.modules.vehicles)
    com.unity.modules.video@1.0.0 (location: D:\Private\unity projects\graduation project\Library\PackageCache\com.unity.modules.video)
    com.unity.modules.wind@1.0.0 (location: D:\Private\unity projects\graduation project\Library\PackageCache\com.unity.modules.wind)
    com.unity.modules.xr@1.0.0 (location: D:\Private\unity projects\graduation project\Library\PackageCache\com.unity.modules.xr)
    com.unity.modules.subsystems@1.0.0 (location: D:\Private\unity projects\graduation project\Library\PackageCache\com.unity.modules.subsystems)
    com.unity.modules.hierarchycore@1.0.0 (location: D:\Private\unity projects\graduation project\Library\PackageCache\com.unity.modules.hierarchycore)
    com.unity.ext.nunit@2.1.0 (location: D:\Private\unity projects\graduation project\Library\PackageCache\com.unity.ext.nunit@44f7d31723bd)
    com.unity.render-pipelines.core@17.5.0 (location: D:\Private\unity projects\graduation project\Library\PackageCache\com.unity.render-pipelines.core@645717f21c5f)
    com.unity.shadergraph@17.5.0 (location: D:\Private\unity projects\graduation project\Library\PackageCache\com.unity.shadergraph@8d7376ec43ee)
    com.unity.render-pipelines.universal-config@17.5.0 (location: D:\Private\unity projects\graduation project\Library\PackageCache\com.unity.render-pipelines.universal-config@fdda01c80fe3)
    com.unity.collections@6.5.0 (location: D:\Private\unity projects\graduation project\Library\PackageCache\com.unity.collections@a43cabe808ca)
    com.unity.mathematics@1.4.0 (location: D:\Private\unity projects\graduation project\Library\PackageCache\com.unity.mathematics@981956d94fb6)
[Subsystems] No new subsystems found in resolved package list.
[Package Manager] Done registering packages in 0.02 seconds
info: Microsoft.Hosting.Lifetime[14]
      Now listening on: http://localhost:80
info: Microsoft.Hosting.Lifetime[0]
      Application started. Press Ctrl+C to shut down.
info: Microsoft.Hosting.Lifetime[0]
      Hosting environment: Production
info: Microsoft.Hosting.Lifetime[0]
      Content root path: D:\Private\unity projects\graduation project
info: Microsoft.AspNetCore.Hosting.Diagnostics[1]
      Request starting HTTP/2 POST http://ilpp/UnityILPP.PostProcessing/Ping - application/grpc -
info: Microsoft.AspNetCore.Routing.EndpointMiddleware[0]
      Executing endpoint 'gRPC - /UnityILPP.PostProcessing/Ping'
info: Microsoft.AspNetCore.Routing.EndpointMiddleware[1]
      Executed endpoint 'gRPC - /UnityILPP.PostProcessing/Ping'
info: Microsoft.AspNetCore.Hosting.Diagnostics[2]
      Request finished HTTP/2 POST http://ilpp/UnityILPP.PostProcessing/Ping - 200 - application/grpc 54.8350ms
Starting: C:\Program Files\Unity\Hub\Editor\6000.5.6f1\Editor\Data\Tools\BuildPipeline\bee_backend.exe --ipc --defer-dag-verification --dagfile="Library/Bee/1900b0aE.dag" --continue-on-failure --profile="Library/Bee/backend1.traceevents" ScriptAssemblies
WorkingDir: D:/Private/unity projects/graduation project
info: Microsoft.AspNetCore.Hosting.Diagnostics[1]
      Request starting HTTP/2 POST http://ilpp/UnityILPP.PostProcessing/ConfigurePostProcessors - application/grpc -
info: Microsoft.AspNetCore.Routing.EndpointMiddleware[0]
      Executing endpoint 'gRPC - /UnityILPP.PostProcessing/ConfigurePostProcessors'
warn: Unity.ILPP.Runner.PostProcessingAssemblyLoadContext[0]
      Assembly system.runtime.interopservices.windowsruntime has duplicate hint path. Ignoring "C:\Program Files\Unity\Hub\Editor\6000.5.6f1\Editor\Data\UnityReferenceAssemblies\unity-4.8-api\Facades\System.Runtime.InteropServices.WindowsRuntime.dll" in favor of "C:\Program Files\Unity\Hub\Editor\6000.5.6f1\Editor\Data\NetStandard\Extensions\2.0.0\System.Runtime.InteropServices.WindowsRuntime.dll"
warn: Unity.ILPP.Runner.PostProcessingAssemblyLoadContext[0]
      Assembly system.componentmodel.composition has duplicate hint path. Ignoring "C:\Program Files\Unity\Hub\Editor\6000.5.6f1\Editor\Data\UnityReferenceAssemblies\unity-4.8-api\System.ComponentModel.Composition.dll" in favor of "C:\Program Files\Unity\Hub\Editor\6000.5.6f1\Editor\Data\NetStandard\compat\2.1.0\shims\netfx\System.ComponentModel.Composition.dll"
info: Unity.ILPP.Runner.PostProcessingAssemblyLoadContext[0]
      Resolved Unity.Burst.Cecil, Version=0.11.6.0, Culture=neutral, PublicKeyToken=50cebf1cceb9d05e with Library\PackageCache\com.unity.burst@6bb9aca3ef38\Unity.Burst.CodeGen\Unity.Burst.Cecil.dll
info: Unity.ILPP.Runner.PostProcessingAssemblyLoadContext[0]
      Resolved Mono.Cecil, Version=0.11.5.0, Culture=neutral, PublicKeyToken=50cebf1cceb9d05e with Library\PackageCache\com.unity.nuget.mono-cecil@ecb9724e46ff\Mono.Cecil.dll
info: Microsoft.AspNetCore.Routing.EndpointMiddleware[1]
      Executed endpoint 'gRPC - /UnityILPP.PostProcessing/ConfigurePostProcessors'
info: Microsoft.AspNetCore.Hosting.Diagnostics[2]
      Request finished HTTP/2 POST http://ilpp/UnityILPP.PostProcessing/ConfigurePostProcessors - 200 - application/grpc 268.0249ms
ExitCode: 0 Duration: 0s603ms
[738/937    0s] ILPP-Configuration Library/ilpp-configuration.nevergeneratedoutput
*** Tundra build success (0.51 seconds), 1 items updated, 937 evaluated
AssetDatabase: script compilation time: 3.800464s
Begin MonoManager ReloadAssembly
Refreshing native plugins compatible for Editor in 8.00 ms, found 4 plugins.
Native extension for WindowsStandalone target not found
Native extension for WebGL target not found
ScheduleIndexationOnStartup MainProcess:True IndexOnStartup:True
Mono: successfully reloaded assembly
- Finished resetting the current domain, in  3.822 seconds
Domain Reload Profiling: 5067ms
	BeginReloadAssembly (383ms)
		DisableScriptedObjects (32ms)
		CreateAndSetChildDomain (172ms)
	RebuildCommonClasses (10ms)
	RebuildNativeTypeToScriptingClass (20ms)
	initialDomainReloadingComplete (66ms)
	LoadAllAssembliesAndSetupDomain (765ms)
		LoadAssemblies (459ms)
		AnalyzeDomain (291ms)
			TypeCache.Refresh (199ms)
				TypeCache.ScanAssembly (186ms)
			BuildScriptInfoCaches (80ms)
			ResolveRequiredComponents (9ms)
	FinalizeReload (3823ms)
		SetupLoadedEditorAssemblies (0ms)
			BeforeProcessingInitializeOnLoad (111ms)
			ProcessInitializeOnLoadAttributes (2993ms)
			ProcessInitializeOnLoadMethodAttributes (222ms)
			AfterProcessingInitializeOnLoad (6ms)
		AwakeInstancesAfterBackupRestoration (31ms)
Starting new worker id: 0 with log in D:/Private/unity projects/graduation project/Logs/AssetImportWorkerHW0.log

Asset Pipeline Refresh (id=5a7de113a56421f41bb2b257d82d0425): Total: 9.861 seconds - Initiated by InitialRefreshV2(ForceSynchronousImport)
	(Values over 0.05ms)
	Summary:
		Imports: total=0 (actual=0, local cache=0, cache server=0)
		Asset DB Process Time: managed=0 ms, native=4624 ms
		Asset DB Callback time: managed=47 ms, native=25 ms
		Scripting: domain reloads=1, domain reload time=1304 ms, compile time=3802 ms, other=55 ms
		Project Asset Count: scripts=1362, non-scripts=2318
		Asset File Changes: new=0, changed=0, moved=0, deleted=0
		Scan Filter Count: 0
	InvokePackagesCallback: 27.410ms
	ApplyChangesToAssetFolders: 0.677ms
	Scan: 243.876ms
	Collect global state as custom dependencies: 23.567ms
	CategorizeScriptCompilationAssets: 86.166ms
	ProcessAssetsWithTransientArtifactChanges: 100.620ms
	CategorizeAssets: 57.203ms
	CompileScripts: 3802.290ms
	ImportOutOfDateAssets: 3924.773ms (3848.240ms without children)
		UnloadImportedAssets: 0.937ms
		EnsureUptoDateAssetsAreRegisteredWithGuidPM: 0.787ms
		ImportSchedulerStart: 74.762ms
	PostProcessAllAssets: 47.806ms
		MonoPostProcessAllAssets: 47.715ms
			UniversalRenderPipelineGlobalSettingsPostprocessor.OnPostprocessAllAssets 17.170ms
			SyncVS.PostprocessSyncProject 5.642ms
			WindowAssetPostprocessingWatcher.OnPostprocessAllAssets 3.258ms
			SpeedTree9Postprocessor.OnPostprocessAllAssets 2.982ms
			EditModeScopePostprocessor.OnPostprocessAllAssets 1.171ms
			RenderPipelineGlobalSettingsPostprocessor.OnPostprocessAllAssets 1.135ms
			InputActionAssetPostprocessor.OnPostprocessAllAssets 0.631ms
			ReferencedClipsPostProcessor.OnPostprocessAllAssets 0.488ms
			ShaderReflectionAssetPostProcessor.OnPostprocessAllAssets 0.436ms
			ProjectSettingsPostprocessor.OnPostprocessAllAssets 0.405ms
			TerrainToolbarOverlayPostProcessor.OnPostprocessAllAssets 0.312ms
			AssetDatabaseCallbacks.OnPostprocessAllAssets 0.248ms
	UnloadStreamsBegin: 3.000ms
	PersistCurrentRevisions: 0.096ms
	GenerateScriptTypeHashes: 4.803ms
	GenerateScriptTypeSerializationHashes: 9.136ms
	Untracked: 1537.243ms

Application.AssetDatabase Initial Refresh End
Launched and connected shader compiler UnityShaderCompiler.exe after 0.02 seconds
Scanning for USB devices : 2.426ms
Initializing Unity extensions:
[MODES] ModeService[none].Initialize
[MODES] ModeService[none].LoadModes
[MODES] Loading mode Default (0) for mode-current-id-graduation project
Unloading 24 Unused Serialized files (Serialized files now loaded: 0)
Loaded scene 'Assets/Scenes/SampleScene.unity'
	Deserialize:            12.538 ms
	Integration:            368.040 ms
	Integration of assets:  0.022 ms
	Thread Wait Time:       0.006 ms
	Total Operation Time:   380.607 ms
Unloading 6638 unused Assets / (6.6 MB). Loaded Objects now: 7669.
Memory consumption went from 423.0 MB to 416.4 MB.
Total: 22.761000 ms (FindLiveObjects: 1.735600 ms CreateObjectMapping: 3.286700 ms MarkObjects: 9.797700 ms  DeleteObjects: 7.926800 ms)

[LAYOUT] About to load UserSettings\Layouts\default-6000.dwlt, keepMainWindow=False
Worker ready: AssetImportWorkerHW0 0
[LAYOUT] About to save layout D:\Private\unity projects\graduation project\UserSettings\Layouts\default-6000.dwlt
[LAYOUT] About to save layout C:/Users/moham/AppData/Roaming/Unity/Editor-5.x/Preferences\Layouts\current\default-6000.dwlt
[MODES] ModeService[default].InitializeCurrentMode
[MODES] ModeService[default].RaiseModeChanged(default, default)
<RI> Initializing input.
Using Windows.Gaming.Input
[Project] Loading completed in 34.661 seconds
	Project init time: 				21.990 seconds
		Template init time: 		0.000 seconds
		Package Manager init time: 		4.720 seconds
		Asset Database init time: 		0.929 seconds
		Global illumination init time: 	0.006 seconds
		Assemblies load time: 			1.344 seconds
		Unity extensions init time: 	0.048 seconds
		Asset Database refresh time: 	9.861 seconds
	Scene opening time: 			12.231 seconds
##utp:{"type":"ProjectInfo","version":2,"phase":"Immediate","time":1790501732121,"processId":14392,"projectLoad":34.6606188,"projectInit":21.9902721,"templateInit":0.0,"packageManagerInit":4.7195362,"assetDatabaseInit":0.9290954,"globalIlluminationInit":0.0062782,"assembliesLoad":1.3438082,"unityExtensionsInit":0.0481851,"assetDatabaseRefresh":9.860999,"sceneOpening":12.2314557}
##utp:{"type":"EditorInfo","version":2,"phase":"Immediate","time":1790501732122,"processId":14392,"editorVersion":"6000.5.6f1 (0e0577a1a2ac)","branch":"6000.5/staging","buildType":"Release","platform":"Windows"}
Asset Pipeline Refresh (id=562bfafc530a05c45b389991c3f10275): Total: 0.118 seconds - Initiated by RefreshV2(AllowForceSynchronousImport)
Start Indexing on Editor startup
[Indexing] Starting Initial Indexing for Assets
Created GICache directory at C:/Users/moham/AppData/LocalLow/Unity/Caches/GiCache. Took: 0.026s, timestamps: [40.408 - 40.434]
[Licensing::Client] Successfully resolved entitlement details
[Licensing::Client] Successfully resolved entitlement details
[Licensing::Client] Successfully resolved entitlement details
[Licensing::Client] Successfully resolved entitlement details
[Licensing::Client] Successfully updated the access token
[Licensing::Module] Successfully updated access token: "FRFujLAj"... (expires: 2026-09-27T10:08:26Z)
Starting new worker id: 1 with log in D:/Private/unity projects/graduation project/Logs/AssetImportWorkerHW1.log
[Worker0] Imported GUID: 99c9720ab356a0642a771bea13969a05 - Path: Assets/Scenes/SampleScene.unity - Importer: ScriptedImporter/UnityEditor.QuickSearchModule:UnityEditor.Search:ASIAI0B -> (ImportResultId: 'b32339786ef4fd83c11450f447e5ce47') in 0.1119955 seconds
[Worker0] Imported GUID: f53adee2f85fb7449b31aacea1c4dae7 - Path: Assets/Scripts/RISController.cs - Importer: ScriptedImporter/UnityEditor.QuickSearchModule:UnityEditor.Search:ASIAI0B -> (ImportResultId: 'd0af2f6ec401944e17ba4ca12bfc30c1') in 0.0394991 seconds
UPID Received '291acd71-118b-40ac-89d3-7ffcec4a79ac'.
Worker ready: AssetImportWorkerHW1 1
[Licensing::Client] Successfully resolved entitlement details
TrimDiskCacheJob: Current cache size 0mb
Asset Pipeline Refresh (id=ab92208d8cfedc54fb563f93628c4776): Total: 0.013 seconds - Initiated by RefreshV2(AllowForceSynchronousImport)
Request Asset Garbage Collect because used heap size increased from 423.3 MB to 0.67 GB, exceeding the threshold of 256.0 MB.
Unloading 3 Unused Serialized files (Serialized files now loaded: 0)
Unloading 94 unused Assets / (17.1 MB). Loaded Objects now: 8912.
Memory consumption went from 0.67 GB to 0.65 GB.
Total: 26.664200 ms (FindLiveObjects: 0.785500 ms CreateObjectMapping: 1.195800 ms MarkObjects: 18.608500 ms  DeleteObjects: 6.072900 ms)

[Worker0] Imported GUID: f53adee2f85fb7449b31aacea1c4dae7 - Path: Assets/Scripts/RISController.cs - Importer: PreviewImporter -> (ImportResultId: '2cb5557e461707e79f64cfcf9359523f') in 0.0119903 seconds
[Licensing::Client] Successfully resolved entitlement details
[ScriptCompilation] Requested script compilation because: AssetDatabase observed changes in script compilation related files
Refreshing native plugins compatible for Editor in 2.12 ms, found 4 plugins.
Asset Pipeline Refresh (id=86083f21152660d44aef6f8b02d74d35): Total: 0.180 seconds - Initiated by RefreshV2(NoUpdateAssetOptions)
[Worker1] Imported GUID: f53adee2f85fb7449b31aacea1c4dae7 - Path: Assets/Scripts/RISController.cs - Importer: PreviewImporter -> (ImportResultId: '52ab723f49da24e39dcd6486496d6b2e') in 0.0217592 seconds
[Worker0] Imported GUID: f53adee2f85fb7449b31aacea1c4dae7 - Path: Assets/Scripts/RISController.cs - Importer: ScriptedImporter/UnityEditor.QuickSearchModule:UnityEditor.Search:ASIAI0B -> (ImportResultId: '3d1851601f5f1bcb5e9a8711b8c4483b') in 0.0182881 seconds
[Licensing::Client] Successfully resolved entitlement details
info: Microsoft.AspNetCore.Hosting.Diagnostics[1]
      Request starting HTTP/2 POST http://ilpp/UnityILPP.PostProcessing/Ping - application/grpc -
info: Microsoft.AspNetCore.Routing.EndpointMiddleware[0]
      Executing endpoint 'gRPC - /UnityILPP.PostProcessing/Ping'
info: Microsoft.AspNetCore.Routing.EndpointMiddleware[1]
      Executed endpoint 'gRPC - /UnityILPP.PostProcessing/Ping'
info: Microsoft.AspNetCore.Hosting.Diagnostics[2]
      Request finished HTTP/2 POST http://ilpp/UnityILPP.PostProcessing/Ping - 200 - application/grpc 0.7744ms
Starting: C:\Program Files\Unity\Hub\Editor\6000.5.6f1\Editor\Data\Tools\BuildPipeline\bee_backend.exe --ipc --defer-dag-verification --dagfile="Library/Bee/1900b0aE.dag" --continue-on-failure --profile="Library/Bee/backend1.traceevents" ScriptAssemblies
WorkingDir: D:/Private/unity projects/graduation project
info: Microsoft.AspNetCore.Hosting.Diagnostics[1]
      Request starting HTTP/2 POST http://ilpp/UnityILPP.PostProcessing/ConfigurePostProcessors - application/grpc -
info: Microsoft.AspNetCore.Routing.EndpointMiddleware[0]
      Executing endpoint 'gRPC - /UnityILPP.PostProcessing/ConfigurePostProcessors'
info: Unity.ILPP.Runner.PostProcessingAssemblyLoadContext[0]
      Current configuration matches the requested one, skipping
info: Microsoft.AspNetCore.Routing.EndpointMiddleware[1]
      Executed endpoint 'gRPC - /UnityILPP.PostProcessing/ConfigurePostProcessors'
info: Microsoft.AspNetCore.Hosting.Diagnostics[2]
      Request finished HTTP/2 POST http://ilpp/UnityILPP.PostProcessing/ConfigurePostProcessors - 200 - application/grpc 5.3540ms
ExitCode: 3 Duration: 3s407ms
[736/937    0s] ILPP-Configuration Library/ilpp-configuration.nevergeneratedoutput
[929/937    3s] Csc Library/Bee/artifacts/1900b0aE.dag/Assembly-CSharp.dll (+2 others)
##### CommandLine
"C:\Program Files\Unity\Hub\Editor\6000.5.6f1\Editor\Data\DotNetSdk\dotnet.exe" exec "C:/Program Files/Unity/Hub/Editor/6000.5.6f1/Editor/Data/DotNetSdk/sdk/8.0.318/Roslyn/bincore/csc.dll" /nostdlib /noconfig /shared "@Library/Bee/artifacts/1900b0aE.dag/Assembly-CSharp.rsp" "@Library/Bee/artifacts/1900b0aE.dag/Assembly-CSharp.rsp2"
##### Contents of Library\Bee\artifacts\1900b0aE.dag\Assembly-CSharp.rsp
-target:library
-out:"Library/Bee/artifacts/1900b0aE.dag/Assembly-CSharp.dll"
-refout:"Library/Bee/artifacts/1900b0aE.dag/Assembly-CSharp.ref.dll"
-define:UNITY_6000_5_6
-define:UNITY_6000_5
-define:UNITY_6000
-define:UNITY_5_3_OR_NEWER
-define:UNITY_5_4_OR_NEWER
-define:UNITY_5_5_OR_NEWER
-define:UNITY_5_6_OR_NEWER
-define:UNITY_2017_1_OR_NEWER
-define:UNITY_2017_2_OR_NEWER
-define:UNITY_2017_3_OR_NEWER
-define:UNITY_2017_4_OR_NEWER
-define:UNITY_2018_1_OR_NEWER
-define:UNITY_2018_2_OR_NEWER
-define:UNITY_2018_3_OR_NEWER
-define:UNITY_2018_4_OR_NEWER
-define:UNITY_2019_1_OR_NEWER
-define:UNITY_2019_2_OR_NEWER
-define:UNITY_2019_3_OR_NEWER
-define:UNITY_2019_4_OR_NEWER
-define:UNITY_2020_1_OR_NEWER
-define:UNITY_2020_2_OR_NEWER
-define:UNITY_2020_3_OR_NEWER
-define:UNITY_2021_1_OR_NEWER
-define:UNITY_2021_2_OR_NEWER
-define:UNITY_2021_3_OR_NEWER
-define:UNITY_2022_1_OR_NEWER
-define:UNITY_2022_2_OR_NEWER
-define:UNITY_2022_3_OR_NEWER
-define:UNITY_2023_1_OR_NEWER
-define:UNITY_2023_2_OR_NEWER
-define:UNITY_2023_3_OR_NEWER
-define:UNITY_6000_0_OR_NEWER
-define:UNITY_6000_1_OR_NEWER
-define:UNITY_6000_2_OR_NEWER
-define:UNITY_6000_3_OR_NEWER
-define:UNITY_6000_4_OR_NEWER
-define:UNITY_6000_5_OR_NEWER
-define:PLATFORM_ARCH_64
-define:UNITY_64
-define:UNITY_INCLUDE_TESTS
-define:UNITY_ENABLE_CLOUD_SERVICES_ENGINE_DIAGNOSTICS_MANAGED
-define:ENABLE_AR
-define:ENABLE_AUDIO
-define:ENABLE_AUDIO_SCRIPTABLE_PIPELINE
-define:ENABLE_CACHING
-define:ENABLE_CLOTH
-define:ENABLE_EVENT_QUEUE
-define:ENABLE_MICROPHONE
-define:ENABLE_MULTIPLE_DISPLAYS
-define:ENABLE_PHYSICS
-define:ENABLE_TEXTURE_STREAMING
-define:ENABLE_VIRTUALTEXTURING
-define:ENABLE_LZMA
-define:ENABLE_UNITYEVENTS
-define:ENABLE_VR
-define:ENABLE_WEBCAM
-define:ENABLE_UNITYWEBREQUEST
-define:ENABLE_WWW
-define:ENABLE_CLOUD_SERVICES
-define:ENABLE_CLOUD_SERVICES_ADS
-define:ENABLE_CLOUD_SERVICES_USE_WEBREQUEST
-define:ENABLE_UNITY_CONSENT
-define:ENABLE_UNITY_CLOUD_IDENTIFIERS
-define:ENABLE_CLOUD_SERVICES_CRASH_REPORTING
-define:ENABLE_CLOUD_SERVICES_NATIVE_CRASH_REPORTING
-define:ENABLE_CLOUD_SERVICES_PURCHASING
-define:ENABLE_CLOUD_SERVICES_ANALYTICS
-define:ENABLE_CLOUD_SERVICES_BUILD
-define:ENABLE_EDITOR_GAME_SERVICES
-define:ENABLE_UNITY_GAME_SERVICES_ANALYTICS_SUPPORT
-define:ENABLE_CLOUD_LICENSE
-define:ENABLE_EDITOR_HUB_LICENSE
-define:ENABLE_WEBSOCKET_CLIENT
-define:ENABLE_GENERATE_NATIVE_PLUGINS_FOR_ASSEMBLIES_API
-define:ENABLE_DIRECTOR_AUDIO
-define:ENABLE_DIRECTOR_TEXTURE
-define:ENABLE_MANAGED_JOBS
-define:ENABLE_MANAGED_TRANSFORM_JOBS
-define:ENABLE_MANAGED_ANIMATION_JOBS
-define:ENABLE_MANAGED_AUDIO_JOBS
-define:ENABLE_MANAGED_UNITYTLS
-define:INCLUDE_DYNAMIC_GI
-define:ENABLE_SCRIPTING_GC_WBARRIERS
-define:PLATFORM_SUPPORTS_MONO
-define:RENDER_SOFTWARE_CURSOR
-define:ENABLE_MARSHALLING_TESTS
-define:ENABLE_VIDEO
-define:ENABLE_NAVIGATION_OFFMESHLINK_TO_NAVMESHLINK
-define:ENABLE_ACCELERATOR_CLIENT_DEBUGGING
-define:ENABLE_ACCESSIBILITY_SCREEN_READER
-define:TEXTCORE_1_0_OR_NEWER
-define:EDITOR_ONLY_NAVMESH_BUILDER_DEPRECATED
-define:PLATFORM_STANDALONE_WIN
-define:PLATFORM_STANDALONE
-define:UNITY_STANDALONE_WIN
-define:UNITY_STANDALONE
-define:ENABLE_RUNTIME_GI
-define:ENABLE_MOVIES
-define:ENABLE_NETWORK
-define:ENABLE_NVIDIA
-define:ENABLE_AMD
-define:ENABLE_CRUNCH_TEXTURE_COMPRESSION
-define:ENABLE_CLOUD_SERVICES_ENGINE_DIAGNOSTICS
-define:ENABLE_OUT_OF_PROCESS_CRASH_HANDLER
-define:ENABLE_CLUSTER_SYNC
-define:ENABLE_CLUSTERINPUT
-define:PLATFORM_UPDATES_TIME_OUTSIDE_OF_PLAYER_LOOP
-define:GFXDEVICE_WAITFOREVENT_MESSAGEPUMP
-define:PLATFORM_USES_EXPLICIT_MEMORY_MANAGER_INITIALIZER
-define:PLATFORM_SUPPORTS_WAIT_FOR_PRESENTATION
-define:PLATFORM_SUPPORTS_SPLIT_GRAPHICS_JOBS
-define:PLATFORM_USES_VULKAN_OLD_SWAPCHAIN
-define:USE_READ_ASYNC_MANAGED_API
-define:ENABLE_MONO
-define:NET_STANDARD_2_0
-define:NET_STANDARD
-define:NET_STANDARD_2_1
-define:NETSTANDARD
-define:NETSTANDARD2_1
-define:ENABLE_PROFILER
-define:DEBUG
-define:TRACE
-define:UNITY_ASSERTIONS
-define:UNITY_EDITOR
-define:UNITY_EDITOR_64
-define:UNITY_EDITOR_WIN
-define:ENABLE_UNITY_COLLECTIONS_CHECKS
-define:ENABLE_BURST_AOT
-define:UNITY_TEAM_LICENSE
-define:ENABLE_CUSTOM_RENDER_TEXTURE
-define:ENABLE_DIRECTOR
-define:ENABLE_LOCALIZATION
-define:ENABLE_SPRITES
-define:ENABLE_TERRAIN
-define:ENABLE_TILEMAP
-define:ENABLE_TIMELINE
-define:ENABLE_INPUT_SYSTEM
-define:TEXTCORE_FONT_ENGINE_1_5_OR_NEWER
-define:TEXTCORE_TEXT_ENGINE_1_5_OR_NEWER
-define:TEXTCORE_FONT_ENGINE_1_6_OR_NEWER
-define:CSHARP_7_OR_LATER
-define:CSHARP_7_3_OR_NEWER
-r:"C:/Program Files/Unity/Hub/Editor/6000.5.6f1/Editor/Data/BCLExtensions/TargetingPacks/netstandard2.1/ref/Microsoft.Bcl.AsyncInterfaces.dll"
-r:"C:/Program Files/Unity/Hub/Editor/6000.5.6f1/Editor/Data/BCLExtensions/TargetingPacks/netstandard2.1/ref/Microsoft.Extensions.DependencyInjection.Abstractions.dll"
-r:"C:/Program Files/Unity/Hub/Editor/6000.5.6f1/Editor/Data/BCLExtensions/TargetingPacks/netstandard2.1/ref/Microsoft.Extensions.Logging.Abstractions.dll"
-r:"C:/Program Files/Unity/Hub/Editor/6000.5.6f1/Editor/Data/BCLExtensions/TargetingPacks/netstandard2.1/ref/System.Collections.Immutable.dll"
-r:"C:/Program Files/Unity/Hub/Editor/6000.5.6f1/Editor/Data/BCLExtensions/TargetingPacks/netstandard2.1/ref/System.Diagnostics.DiagnosticSource.dll"
-r:"C:/Program Files/Unity/Hub/Editor/6000.5.6f1/Editor/Data/BCLExtensions/TargetingPacks/netstandard2.1/ref/System.IO.Hashing.dll"
-r:"C:/Program Files/Unity/Hub/Editor/6000.5.6f1/Editor/Data/BCLExtensions/TargetingPacks/netstandard2.1/ref/System.Reflection.Metadata.dll"
-r:"C:/Program Files/Unity/Hub/Editor/6000.5.6f1/Editor/Data/BCLExtensions/TargetingPacks/netstandard2.1/ref/System.Runtime.CompilerServices.Unsafe.dll"
-r:"C:/Program Files/Unity/Hub/Editor/6000.5.6f1/Editor/Data/BCLExtensions/TargetingPacks/netstandard2.1/ref/System.Text.Encodings.Web.dll"
-r:"C:/Program Files/Unity/Hub/Editor/6000.5.6f1/Editor/Data/BCLExtensions/TargetingPacks/netstandard2.1/ref/System.Text.Json.dll"
-r:"C:/Program Files/Unity/Hub/Editor/6000.5.6f1/Editor/Data/Managed/UnityEngine/Unity.Scripting.dll"
-r:"C:/Program Files/Unity/Hub/Editor/6000.5.6f1/Editor/Data/Managed/UnityEngine/UnityEditor.AIModule.dll"
-r:"C:/Program Files/Unity/Hub/Editor/6000.5.6f1/Editor/Data/Managed/UnityEngine/UnityEditor.AccessibilityModule.dll"
-r:"C:/Program Files/Unity/Hub/Editor/6000.5.6f1/Editor/Data/Managed/UnityEngine/UnityEditor.AdaptivePerformanceModule.dll"
-r:"C:/Program Files/Unity/Hub/Editor/6000.5.6f1/Editor/Data/Managed/UnityEngine/UnityEditor.AssetComplianceModule.dll"
-r:"C:/Program Files/Unity/Hub/Editor/6000.5.6f1/Editor/Data/Managed/UnityEngine/UnityEditor.BuildProfileModule.dll"
-r:"C:/Program Files/Unity/Hub/Editor/6000.5.6f1/Editor/Data/Managed/UnityEngine/UnityEditor.ClothModule.dll"
-r:"C:/Program Files/Unity/Hub/Editor/6000.5.6f1/Editor/Data/Managed/UnityEngine/UnityEditor.ContentLoadModule.dll"
-r:"C:/Program Files/Unity/Hub/Editor/6000.5.6f1/Editor/Data/Managed/UnityEngine/UnityEditor.CoreBusinessMetricsModule.dll"
-r:"C:/Program Files/Unity/Hub/Editor/6000.5.6f1/Editor/Data/Managed/UnityEngine/UnityEditor.CoreModule.dll"
-r:"C:/Program Files/Unity/Hub/Editor/6000.5.6f1/Editor/Data/Managed/UnityEngine/UnityEditor.DeviceSimulatorModule.dll"
-r:"C:/Program Files/Unity/Hub/Editor/6000.5.6f1/Editor/Data/Managed/UnityEngine/UnityEditor.DiagnosticsModule.dll"
-r:"C:/Program Files/Unity/Hub/Editor/6000.5.6f1/Editor/Data/Managed/UnityEngine/UnityEditor.EditorToolbarModule.dll"
-r:"C:/Program Files/Unity/Hub/Editor/6000.5.6f1/Editor/Data/Managed/UnityEngine/UnityEditor.EmbreeModule.dll"
-r:"C:/Program Files/Unity/Hub/Editor/6000.5.6f1/Editor/Data/Managed/UnityEngine/UnityEditor.GIModule.dll"
-r:"C:/Program Files/Unity/Hub/Editor/6000.5.6f1/Editor/Data/Managed/UnityEngine/UnityEditor.GenericRemoteModule.dll"
-r:"C:/Program Files/Unity/Hub/Editor/6000.5.6f1/Editor/Data/Managed/UnityEngine/UnityEditor.GraphToolkitModule.dll"
-r:"C:/Program Files/Unity/Hub/Editor/6000.5.6f1/Editor/Data/Managed/UnityEngine/UnityEditor.GraphViewModule.dll"
-r:"C:/Program Files/Unity/Hub/Editor/6000.5.6f1/Editor/Data/Managed/UnityEngine/UnityEditor.GraphicsStateCollectionSerializerModule.dll"
-r:"C:/Program Files/Unity/Hub/Editor/6000.5.6f1/Editor/Data/Managed/UnityEngine/UnityEditor.GridAndSnapModule.dll"
-r:"C:/Program Files/Unity/Hub/Editor/6000.5.6f1/Editor/Data/Managed/UnityEngine/UnityEditor.GridModule.dll"
-r:"C:/Program Files/Unity/Hub/Editor/6000.5.6f1/Editor/Data/Managed/UnityEngine/UnityEditor.HierarchyModule.dll"
-r:"C:/Program Files/Unity/Hub/Editor/6000.5.6f1/Editor/Data/Managed/UnityEngine/UnityEditor.LightingModule.dll"
-r:"C:/Program Files/Unity/Hub/Editor/6000.5.6f1/Editor/Data/Managed/UnityEngine/UnityEditor.MathematicsModule.dll"
-r:"C:/Program Files/Unity/Hub/Editor/6000.5.6f1/Editor/Data/Managed/UnityEngine/UnityEditor.MediaModule.dll"
-r:"C:/Program Files/Unity/Hub/Editor/6000.5.6f1/Editor/Data/Managed/UnityEngine/UnityEditor.MultiplayerModule.dll"
-r:"C:/Program Files/Unity/Hub/Editor/6000.5.6f1/Editor/Data/Managed/UnityEngine/UnityEditor.Physics2DModule.dll"
-r:"C:/Program Files/Unity/Hub/Editor/6000.5.6f1/Editor/Data/Managed/UnityEngine/UnityEditor.PhysicsCore2DModule.dll"
-r:"C:/Program Files/Unity/Hub/Editor/6000.5.6f1/Editor/Data/Managed/UnityEngine/UnityEditor.PhysicsModule.dll"
-r:"C:/Program Files/Unity/Hub/Editor/6000.5.6f1/Editor/Data/Managed/UnityEngine/UnityEditor.PlayModeModule.dll"
-r:"C:/Program Files/Unity/Hub/Editor/6000.5.6f1/Editor/Data/Managed/UnityEngine/UnityEditor.PresetsUIModule.dll"
-r:"C:/Program Files/Unity/Hub/Editor/6000.5.6f1/Editor/Data/Managed/UnityEngine/UnityEditor.ProjectAuditorModule.dll"
-r:"C:/Program Files/Unity/Hub/Editor/6000.5.6f1/Editor/Data/Managed/UnityEngine/UnityEditor.PropertiesModule.dll"
-r:"C:/Program Files/Unity/Hub/Editor/6000.5.6f1/Editor/Data/Managed/UnityEngine/UnityEditor.QuickInstallModule.dll"
-r:"C:/Program Files/Unity/Hub/Editor/6000.5.6f1/Editor/Data/Managed/UnityEngine/UnityEditor.QuickSearchModule.dll"
-r:"C:/Program Files/Unity/Hub/Editor/6000.5.6f1/Editor/Data/Managed/UnityEngine/UnityEditor.SafeModeModule.dll"
-r:"C:/Program Files/Unity/Hub/Editor/6000.5.6f1/Editor/Data/Managed/UnityEngine/UnityEditor.SceneTemplateModule.dll"
-r:"C:/Program Files/Unity/Hub/Editor/6000.5.6f1/Editor/Data/Managed/UnityEngine/UnityEditor.SceneViewModule.dll"
-r:"C:/Program Files/Unity/Hub/Editor/6000.5.6f1/Editor/Data/Managed/UnityEngine/UnityEditor.ShaderBuildSettingsModule.dll"
-r:"C:/Program Files/Unity/Hub/Editor/6000.5.6f1/Editor/Data/Managed/UnityEngine/UnityEditor.ShaderCompilationModule.dll"
-r:"C:/Program Files/Unity/Hub/Editor/6000.5.6f1/Editor/Data/Managed/UnityEngine/UnityEditor.ShaderFoundryModule.dll"
-r:"C:/Program Files/Unity/Hub/Editor/6000.5.6f1/Editor/Data/Managed/UnityEngine/UnityEditor.SketchUpModule.dll"
-r:"C:/Program Files/Unity/Hub/Editor/6000.5.6f1/Editor/Data/Managed/UnityEngine/UnityEditor.SpriteMaskModule.dll"
-r:"C:/Program Files/Unity/Hub/Editor/6000.5.6f1/Editor/Data/Managed/UnityEngine/UnityEditor.SpriteShapeModule.dll"
-r:"C:/Program Files/Unity/Hub/Editor/6000.5.6f1/Editor/Data/Managed/UnityEngine/UnityEditor.SubstanceModule.dll"
-r:"C:/Program Files/Unity/Hub/Editor/6000.5.6f1/Editor/Data/Managed/UnityEngine/UnityEditor.TerrainModule.dll"
-r:"C:/Program Files/Unity/Hub/Editor/6000.5.6f1/Editor/Data/Managed/UnityEngine/UnityEditor.TextCoreFontEngineModule.dll"
-r:"C:/Program Files/Unity/Hub/Editor/6000.5.6f1/Editor/Data/Managed/UnityEngine/UnityEditor.TextCoreTextEngineModule.dll"
-r:"C:/Program Files/Unity/Hub/Editor/6000.5.6f1/Editor/Data/Managed/UnityEngine/UnityEditor.TextRenderingModule.dll"
-r:"C:/Program Files/Unity/Hub/Editor/6000.5.6f1/Editor/Data/Managed/UnityEngine/UnityEditor.TilemapModule.dll"
-r:"C:/Program Files/Unity/Hub/Editor/6000.5.6f1/Editor/Data/Managed/UnityEngine/UnityEditor.TreeModule.dll"
-r:"C:/Program Files/Unity/Hub/Editor/6000.5.6f1/Editor/Data/Managed/UnityEngine/UnityEditor.U2DModule.dll"
-r:"C:/Program Files/Unity/Hub/Editor/6000.5.6f1/Editor/Data/Managed/UnityEngine/UnityEditor.UIAutomationModule.dll"
-r:"C:/Program Files/Unity/Hub/Editor/6000.5.6f1/Editor/Data/Managed/UnityEngine/UnityEditor.UIBuilderModule.dll"
-r:"C:/Program Files/Unity/Hub/Editor/6000.5.6f1/Editor/Data/Managed/UnityEngine/UnityEditor.UIElementsModule.dll"
-r:"C:/Program Files/Unity/Hub/Editor/6000.5.6f1/Editor/Data/Managed/UnityEngine/UnityEditor.UIElementsSamplesModule.dll"
-r:"C:/Program Files/Unity/Hub/Editor/6000.5.6f1/Editor/Data/Managed/UnityEngine/UnityEditor.UIToolkitAuthoringModule.dll"
-r:"C:/Program Files/Unity/Hub/Editor/6000.5.6f1/Editor/Data/Managed/UnityEngine/UnityEditor.UmbraModule.dll"
-r:"C:/Program Files/Unity/Hub/Editor/6000.5.6f1/Editor/Data/Managed/UnityEngine/UnityEditor.UnityConnectModule.dll"
-r:"C:/Program Files/Unity/Hub/Editor/6000.5.6f1/Editor/Data/Managed/UnityEngine/UnityEditor.VFXModule.dll"
-r:"C:/Program Files/Unity/Hub/Editor/6000.5.6f1/Editor/Data/Managed/UnityEngine/UnityEditor.VectorGraphicsModule.dll"
-r:"C:/Program Files/Unity/Hub/Editor/6000.5.6f1/Editor/Data/Managed/UnityEngine/UnityEditor.VideoModule.dll"
-r:"C:/Program Files/Unity/Hub/Editor/6000.5.6f1/Editor/Data/Managed/UnityEngine/UnityEditor.XRModule.dll"
-r:"C:/Program Files/Unity/Hub/Editor/6000.5.6f1/Editor/Data/Managed/UnityEngine/UnityEditor.dll"
-r:"C:/Program Files/Unity/Hub/Editor/6000.5.6f1/Editor/Data/Managed/UnityEngine/UnityEngine.AIModule.dll"
-r:"C:/Program Files/Unity/Hub/Editor/6000.5.6f1/Editor/Data/Managed/UnityEngine/UnityEngine.ARModule.dll"
-r:"C:/Program Files/Unity/Hub/Editor/6000.5.6f1/Editor/Data/Managed/UnityEngine/UnityEngine.AccessibilityModule.dll"
-r:"C:/Program Files/Unity/Hub/Editor/6000.5.6f1/Editor/Data/Managed/UnityEngine/UnityEngine.AdaptivePerformanceModule.dll"
-r:"C:/Program Files/Unity/Hub/Editor/6000.5.6f1/Editor/Data/Managed/UnityEngine/UnityEngine.AndroidJNIModule.dll"
-r:"C:/Program Files/Unity/Hub/Editor/6000.5.6f1/Editor/Data/Managed/UnityEngine/UnityEngine.AnimationModule.dll"
-r:"C:/Program Files/Unity/Hub/Editor/6000.5.6f1/Editor/Data/Managed/UnityEngine/UnityEngine.AssetBundleModule.dll"
-r:"C:/Program Files/Unity/Hub/Editor/6000.5.6f1/Editor/Data/Managed/UnityEngine/UnityEngine.AudioModule.dll"
-r:"C:/Program Files/Unity/Hub/Editor/6000.5.6f1/Editor/Data/Managed/UnityEngine/UnityEngine.ClothModule.dll"
-r:"C:/Program Files/Unity/Hub/Editor/6000.5.6f1/Editor/Data/Managed/UnityEngine/UnityEngine.ClusterInputModule.dll"
-r:"C:/Program Files/Unity/Hub/Editor/6000.5.6f1/Editor/Data/Managed/UnityEngine/UnityEngine.ClusterRendererModule.dll"
-r:"C:/Program Files/Unity/Hub/Editor/6000.5.6f1/Editor/Data/Managed/UnityEngine/UnityEngine.ContentLoadModule.dll"
-r:"C:/Program Files/Unity/Hub/Editor/6000.5.6f1/Editor/Data/Managed/UnityEngine/UnityEngine.CoreModule.dll"
-r:"C:/Program Files/Unity/Hub/Editor/6000.5.6f1/Editor/Data/Managed/UnityEngine/UnityEngine.CrashReportingModule.dll"
-r:"C:/Program Files/Unity/Hub/Editor/6000.5.6f1/Editor/Data/Managed/UnityEngine/UnityEngine.DSPGraphModule.dll"
-r:"C:/Program Files/Unity/Hub/Editor/6000.5.6f1/Editor/Data/Managed/UnityEngine/UnityEngine.DirectorModule.dll"
-r:"C:/Program Files/Unity/Hub/Editor/6000.5.6f1/Editor/Data/Managed/UnityEngine/UnityEngine.GIModule.dll"
-r:"C:/Program Files/Unity/Hub/Editor/6000.5.6f1/Editor/Data/Managed/UnityEngine/UnityEngine.GameCenterModule.dll"
-r:"C:/Program Files/Unity/Hub/Editor/6000.5.6f1/Editor/Data/Managed/UnityEngine/UnityEngine.GraphicsStateCollectionSerializerModule.dll"
-r:"C:/Program Files/Unity/Hub/Editor/6000.5.6f1/Editor/Data/Managed/UnityEngine/UnityEngine.GridModule.dll"
-r:"C:/Program Files/Unity/Hub/Editor/6000.5.6f1/Editor/Data/Managed/UnityEngine/UnityEngine.HierarchyCoreModule.dll"
-r:"C:/Program Files/Unity/Hub/Editor/6000.5.6f1/Editor/Data/Managed/UnityEngine/UnityEngine.HotReloadModule.dll"
-r:"C:/Program Files/Unity/Hub/Editor/6000.5.6f1/Editor/Data/Managed/UnityEngine/UnityEngine.IMGUIModule.dll"
-r:"C:/Program Files/Unity/Hub/Editor/6000.5.6f1/Editor/Data/Managed/UnityEngine/UnityEngine.IdentifiersModule.dll"
-r:"C:/Program Files/Unity/Hub/Editor/6000.5.6f1/Editor/Data/Managed/UnityEngine/UnityEngine.ImageConversionModule.dll"
-r:"C:/Program Files/Unity/Hub/Editor/6000.5.6f1/Editor/Data/Managed/UnityEngine/UnityEngine.InputForUIModule.dll"
-r:"C:/Program Files/Unity/Hub/Editor/6000.5.6f1/Editor/Data/Managed/UnityEngine/UnityEngine.InputLegacyModule.dll"
-r:"C:/Program Files/Unity/Hub/Editor/6000.5.6f1/Editor/Data/Managed/UnityEngine/UnityEngine.InputModule.dll"
-r:"C:/Program Files/Unity/Hub/Editor/6000.5.6f1/Editor/Data/Managed/UnityEngine/UnityEngine.InsightsModule.dll"
-r:"C:/Program Files/Unity/Hub/Editor/6000.5.6f1/Editor/Data/Managed/UnityEngine/UnityEngine.JSONSerializeModule.dll"
-r:"C:/Program Files/Unity/Hub/Editor/6000.5.6f1/Editor/Data/Managed/UnityEngine/UnityEngine.LocalizationModule.dll"
-r:"C:/Program Files/Unity/Hub/Editor/6000.5.6f1/Editor/Data/Managed/UnityEngine/UnityEngine.MarshallingModule.dll"
-r:"C:/Program Files/Unity/Hub/Editor/6000.5.6f1/Editor/Data/Managed/UnityEngine/UnityEngine.MathematicsModule.dll"
-r:"C:/Program Files/Unity/Hub/Editor/6000.5.6f1/Editor/Data/Managed/UnityEngine/UnityEngine.MultiplayerModule.dll"
-r:"C:/Program Files/Unity/Hub/Editor/6000.5.6f1/Editor/Data/Managed/UnityEngine/UnityEngine.ParticleSystemModule.dll"
-r:"C:/Program Files/Unity/Hub/Editor/6000.5.6f1/Editor/Data/Managed/UnityEngine/UnityEngine.PerformanceReportingModule.dll"
-r:"C:/Program Files/Unity/Hub/Editor/6000.5.6f1/Editor/Data/Managed/UnityEngine/UnityEngine.Physics2DModule.dll"
-r:"C:/Program Files/Unity/Hub/Editor/6000.5.6f1/Editor/Data/Managed/UnityEngine/UnityEngine.PhysicsBackendPhysXModule.dll"
-r:"C:/Program Files/Unity/Hub/Editor/6000.5.6f1/Editor/Data/Managed/UnityEngine/UnityEngine.PhysicsCore2DModule.dll"
-r:"C:/Program Files/Unity/Hub/Editor/6000.5.6f1/Editor/Data/Managed/UnityEngine/UnityEngine.PhysicsModule.dll"
-r:"C:/Program Files/Unity/Hub/Editor/6000.5.6f1/Editor/Data/Managed/UnityEngine/UnityEngine.PropertiesModule.dll"
-r:"C:/Program Files/Unity/Hub/Editor/6000.5.6f1/Editor/Data/Managed/UnityEngine/UnityEngine.RenderAs2DModule.dll"
-r:"C:/Program Files/Unity/Hub/Editor/6000.5.6f1/Editor/Data/Managed/UnityEngine/UnityEngine.RuntimeInitializeOnLoadManagerInitializerModule.dll"
-r:"C:/Program Files/Unity/Hub/Editor/6000.5.6f1/Editor/Data/Managed/UnityEngine/UnityEngine.ScreenCaptureModule.dll"
-r:"C:/Program Files/Unity/Hub/Editor/6000.5.6f1/Editor/Data/Managed/UnityEngine/UnityEngine.ScriptingModule.dll"
-r:"C:/Program Files/Unity/Hub/Editor/6000.5.6f1/Editor/Data/Managed/UnityEngine/UnityEngine.ShaderVariantAnalyticsModule.dll"
-r:"C:/Program Files/Unity/Hub/Editor/6000.5.6f1/Editor/Data/Managed/UnityEngine/UnityEngine.SharedInternalsModule.dll"
-r:"C:/Program Files/Unity/Hub/Editor/6000.5.6f1/Editor/Data/Managed/UnityEngine/UnityEngine.SpriteMaskModule.dll"
-r:"C:/Program Files/Unity/Hub/Editor/6000.5.6f1/Editor/Data/Managed/UnityEngine/UnityEngine.SpriteShapeModule.dll"
-r:"C:/Program Files/Unity/Hub/Editor/6000.5.6f1/Editor/Data/Managed/UnityEngine/UnityEngine.StreamingModule.dll"
-r:"C:/Program Files/Unity/Hub/Editor/6000.5.6f1/Editor/Data/Managed/UnityEngine/UnityEngine.SubstanceModule.dll"
-r:"C:/Program Files/Unity/Hub/Editor/6000.5.6f1/Editor/Data/Managed/UnityEngine/UnityEngine.SubsystemsModule.dll"
-r:"C:/Program Files/Unity/Hub/Editor/6000.5.6f1/Editor/Data/Managed/UnityEngine/UnityEngine.TLSModule.dll"
-r:"C:/Program Files/Unity/Hub/Editor/6000.5.6f1/Editor/Data/Managed/UnityEngine/UnityEngine.TerrainModule.dll"
-r:"C:/Program Files/Unity/Hub/Editor/6000.5.6f1/Editor/Data/Managed/UnityEngine/UnityEngine.TerrainPhysicsModule.dll"
-r:"C:/Program Files/Unity/Hub/Editor/6000.5.6f1/Editor/Data/Managed/UnityEngine/UnityEngine.TextCoreFontEngineModule.dll"
-r:"C:/Program Files/Unity/Hub/Editor/6000.5.6f1/Editor/Data/Managed/UnityEngine/UnityEngine.TextCoreTextEngineModule.dll"
-r:"C:/Program Files/Unity/Hub/Editor/6000.5.6f1/Editor/Data/Managed/UnityEngine/UnityEngine.TextRenderingModule.dll"
-r:"C:/Program Files/Unity/Hub/Editor/6000.5.6f1/Editor/Data/Managed/UnityEngine/UnityEngine.TilemapModule.dll"
-r:"C:/Program Files/Unity/Hub/Editor/6000.5.6f1/Editor/Data/Managed/UnityEngine/UnityEngine.U2DRuntimeModule.dll"
-r:"C:/Program Files/Unity/Hub/Editor/6000.5.6f1/Editor/Data/Managed/UnityEngine/UnityEngine.UIElementsModule.dll"
-r:"C:/Program Files/Unity/Hub/Editor/6000.5.6f1/Editor/Data/Managed/UnityEngine/UnityEngine.UIModule.dll"
-r:"C:/Program Files/Unity/Hub/Editor/6000.5.6f1/Editor/Data/Managed/UnityEngine/UnityEngine.UmbraModule.dll"
-r:"C:/Program Files/Unity/Hub/Editor/6000.5.6f1/Editor/Data/Managed/UnityEngine/UnityEngine.UnityAnalyticsCommonModule.dll"
-r:"C:/Program Files/Unity/Hub/Editor/6000.5.6f1/Editor/Data/Managed/UnityEngine/UnityEngine.UnityAnalyticsModule.dll"
-r:"C:/Program Files/Unity/Hub/Editor/6000.5.6f1/Editor/Data/Managed/UnityEngine/UnityEngine.UnityConnectModule.dll"
-r:"C:/Program Files/Unity/Hub/Editor/6000.5.6f1/Editor/Data/Managed/UnityEngine/UnityEngine.UnityConsentModule.dll"
-r:"C:/Program Files/Unity/Hub/Editor/6000.5.6f1/Editor/Data/Managed/UnityEngine/UnityEngine.UnityCurlModule.dll"
-r:"C:/Program Files/Unity/Hub/Editor/6000.5.6f1/Editor/Data/Managed/UnityEngine/UnityEngine.UnityWebRequestAssetBundleModule.dll"
-r:"C:/Program Files/Unity/Hub/Editor/6000.5.6f1/Editor/Data/Managed/UnityEngine/UnityEngine.UnityWebRequestAudioModule.dll"
-r:"C:/Program Files/Unity/Hub/Editor/6000.5.6f1/Editor/Data/Managed/UnityEngine/UnityEngine.UnityWebRequestModule.dll"
-r:"C:/Program Files/Unity/Hub/Editor/6000.5.6f1/Editor/Data/Managed/UnityEngine/UnityEngine.UnityWebRequestTextureModule.dll"
-r:"C:/Program Files/Unity/Hub/Editor/6000.5.6f1/Editor/Data/Managed/UnityEngine/UnityEngine.UnityWebRequestWWWModule.dll"
-r:"C:/Program Files/Unity/Hub/Editor/6000.5.6f1/Editor/Data/Managed/UnityEngine/UnityEngine.VFXModule.dll"
-r:"C:/Program Files/Unity/Hub/Editor/6000.5.6f1/Editor/Data/Managed/UnityEngine/UnityEngine.VectorGraphicsModule.dll"
-r:"C:/Program Files/Unity/Hub/Editor/6000.5.6f1/Editor/Data/Managed/UnityEngine/UnityEngine.VehiclesModule.dll"
-r:"C:/Program Files/Unity/Hub/Editor/6000.5.6f1/Editor/Data/Managed/UnityEngine/UnityEngine.VideoModule.dll"
-r:"C:/Program Files/Unity/Hub/Editor/6000.5.6f1/Editor/Data/Managed/UnityEngine/UnityEngine.VirtualTexturingModule.dll"
-r:"C:/Program Files/Unity/Hub/Editor/6000.5.6f1/Editor/Data/Managed/UnityEngine/UnityEngine.WindModule.dll"
-r:"C:/Program Files/Unity/Hub/Editor/6000.5.6f1/Editor/Data/Managed/UnityEngine/UnityEngine.XRModule.dll"
-r:"C:/Program Files/Unity/Hub/Editor/6000.5.6f1/Editor/Data/Managed/UnityEngine/UnityEngine.dll"
-r:"C:/Program Files/Unity/Hub/Editor/6000.5.6f1/Editor/Data/NetStandard/Extensions/2.0.0/System.Runtime.InteropServices.WindowsRuntime.dll"
-r:"C:/Program Files/Unity/Hub/Editor/6000.5.6f1/Editor/Data/NetStandard/compat/2.1.0/shims/netfx/System.ComponentModel.Composition.dll"
-r:"C:/Program Files/Unity/Hub/Editor/6000.5.6f1/Editor/Data/NetStandard/compat/2.1.0/shims/netfx/System.Core.dll"
-r:"C:/Program Files/Unity/Hub/Editor/6000.5.6f1/Editor/Data/NetStandard/compat/2.1.0/shims/netfx/System.Data.dll"
-r:"C:/Program Files/Unity/Hub/Editor/6000.5.6f1/Editor/Data/NetStandard/compat/2.1.0/shims/netfx/System.Drawing.dll"
-r:"C:/Program Files/Unity/Hub/Editor/6000.5.6f1/Editor/Data/NetStandard/compat/2.1.0/shims/netfx/System.IO.Compression.FileSystem.dll"
-r:"C:/Program Files/Unity/Hub/Editor/6000.5.6f1/Editor/Data/NetStandard/compat/2.1.0/shims/netfx/System.Net.dll"
-r:"C:/Program Files/Unity/Hub/Editor/6000.5.6f1/Editor/Data/NetStandard/compat/2.1.0/shims/netfx/System.Numerics.dll"
-r:"C:/Program Files/Unity/Hub/Editor/6000.5.6f1/Editor/Data/NetStandard/compat/2.1.0/shims/netfx/System.Runtime.Serialization.dll"
-r:"C:/Program Files/Unity/Hub/Editor/6000.5.6f1/Editor/Data/NetStandard/compat/2.1.0/shims/netfx/System.ServiceModel.Web.dll"
-r:"C:/Program Files/Unity/Hub/Editor/6000.5.6f1/Editor/Data/NetStandard/compat/2.1.0/shims/netfx/System.Transactions.dll"
-r:"C:/Program Files/Unity/Hub/Editor/6000.5.6f1/Editor/Data/NetStandard/compat/2.1.0/shims/netfx/System.Web.dll"
-r:"C:/Program Files/Unity/Hub/Editor/6000.5.6f1/Editor/Data/NetStandard/compat/2.1.0/shims/netfx/System.Windows.dll"
-r:"C:/Program Files/Unity/Hub/Editor/6000.5.6f1/Editor/Data/NetStandard/compat/2.1.0/shims/netfx/System.Xml.Linq.dll"
-r:"C:/Program Files/Unity/Hub/Editor/6000.5.6f1/Editor/Data/NetStandard/compat/2.1.0/shims/netfx/System.Xml.Serialization.dll"
-r:"C:/Program Files/Unity/Hub/Editor/6000.5.6f1/Editor/Data/NetStandard/compat/2.1.0/shims/netfx/System.Xml.dll"
-r:"C:/Program Files/Unity/Hub/Editor/6000.5.6f1/Editor/Data/NetStandard/compat/2.1.0/shims/netfx/System.dll"
-r:"C:/Program Files/Unity/Hub/Editor/6000.5.6f1/Editor/Data/NetStandard/compat/2.1.0/shims/netfx/mscorlib.dll"
-r:"C:/Program Files/Unity/Hub/Editor/6000.5.6f1/Editor/Data/NetStandard/compat/2.1.0/shims/netstandard/Microsoft.Win32.Primitives.dll"
-r:"C:/Program Files/Unity/Hub/Editor/6000.5.6f1/Editor/Data/NetStandard/compat/2.1.0/shims/netstandard/System.AppContext.dll"
-r:"C:/Program Files/Unity/Hub/Editor/6000.5.6f1/Editor/Data/NetStandard/compat/2.1.0/shims/netstandard/System.Buffers.dll"
-r:"C:/Program Files/Unity/Hub/Editor/6000.5.6f1/Editor/Data/NetStandard/compat/2.1.0/shims/netstandard/System.Collections.Concurrent.dll"
-r:"C:/Program Files/Unity/Hub/Editor/6000.5.6f1/Editor/Data/NetStandard/compat/2.1.0/shims/netstandard/System.Collections.NonGeneric.dll"
-r:"C:/Program Files/Unity/Hub/Editor/6000.5.6f1/Editor/Data/NetStandard/compat/2.1.0/shims/netstandard/System.Collections.Specialized.dll"
-r:"C:/Program Files/Unity/Hub/Editor/6000.5.6f1/Editor/Data/NetStandard/compat/2.1.0/shims/netstandard/System.Collections.dll"
-r:"C:/Program Files/Unity/Hub/Editor/6000.5.6f1/Editor/Data/NetStandard/compat/2.1.0/shims/netstandard/System.ComponentModel.EventBasedAsync.dll"
-r:"C:/Program Files/Unity/Hub/Editor/6000.5.6f1/Editor/Data/NetStandard/compat/2.1.0/shims/netstandard/System.ComponentModel.Primitives.dll"
-r:"C:/Program Files/Unity/Hub/Editor/6000.5.6f1/Editor/Data/NetStandard/compat/2.1.0/shims/netstandard/System.ComponentModel.TypeConverter.dll"
-r:"C:/Program Files/Unity/Hub/Editor/6000.5.6f1/Editor/Data/NetStandard/compat/2.1.0/shims/netstandard/System.ComponentModel.dll"
-r:"C:/Program Files/Unity/Hub/Editor/6000.5.6f1/Editor/Data/NetStandard/compat/2.1.0/shims/netstandard/System.Console.dll"
-r:"C:/Program Files/Unity/Hub/Editor/6000.5.6f1/Editor/Data/NetStandard/compat/2.1.0/shims/netstandard/System.Data.Common.dll"
-r:"C:/Program Files/Unity/Hub/Editor/6000.5.6f1/Editor/Data/NetStandard/compat/2.1.0/shims/netstandard/System.Diagnostics.Contracts.dll"
-r:"C:/Program Files/Unity/Hub/Editor/6000.5.6f1/Editor/Data/NetStandard/compat/2.1.0/shims/netstandard/System.Diagnostics.Debug.dll"
-r:"C:/Program Files/Unity/Hub/Editor/6000.5.6f1/Editor/Data/NetStandard/compat/2.1.0/shims/netstandard/System.Diagnostics.FileVersionInfo.dll"
-r:"C:/Program Files/Unity/Hub/Editor/6000.5.6f1/Editor/Data/NetStandard/compat/2.1.0/shims/netstandard/System.Diagnostics.Process.dll"
-r:"C:/Program Files/Unity/Hub/Editor/6000.5.6f1/Editor/Data/NetStandard/compat/2.1.0/shims/netstandard/System.Diagnostics.StackTrace.dll"
-r:"C:/Program Files/Unity/Hub/Editor/6000.5.6f1/Editor/Data/NetStandard/compat/2.1.0/shims/netstandard/System.Diagnostics.TextWriterTraceListener.dll"
-r:"C:/Program Files/Unity/Hub/Editor/6000.5.6f1/Editor/Data/NetStandard/compat/2.1.0/shims/netstandard/System.Diagnostics.Tools.dll"
-r:"C:/Program Files/Unity/Hub/Editor/6000.5.6f1/Editor/Data/NetStandard/compat/2.1.0/shims/netstandard/System.Diagnostics.TraceSource.dll"
-r:"C:/Program Files/Unity/Hub/Editor/6000.5.6f1/Editor/Data/NetStandard/compat/2.1.0/shims/netstandard/System.Diagnostics.Tracing.dll"
-r:"C:/Program Files/Unity/Hub/Editor/6000.5.6f1/Editor/Data/NetStandard/compat/2.1.0/shims/netstandard/System.Drawing.Primitives.dll"
-r:"C:/Program Files/Unity/Hub/Editor/6000.5.6f1/Editor/Data/NetStandard/compat/2.1.0/shims/netstandard/System.Dynamic.Runtime.dll"
-r:"C:/Program Files/Unity/Hub/Editor/6000.5.6f1/Editor/Data/NetStandard/compat/2.1.0/shims/netstandard/System.Globalization.Calendars.dll"
-r:"C:/Program Files/Unity/Hub/Editor/6000.5.6f1/Editor/Data/NetStandard/compat/2.1.0/shims/netstandard/System.Globalization.Extensions.dll"
-r:"C:/Program Files/Unity/Hub/Editor/6000.5.6f1/Editor/Data/NetStandard/compat/2.1.0/shims/netstandard/System.Globalization.dll"
-r:"C:/Program Files/Unity/Hub/Editor/6000.5.6f1/Editor/Data/NetStandard/compat/2.1.0/shims/netstandard/System.IO.Compression.ZipFile.dll"
-r:"C:/Program Files/Unity/Hub/Editor/6000.5.6f1/Editor/Data/NetStandard/compat/2.1.0/shims/netstandard/System.IO.Compression.dll"
-r:"C:/Program Files/Unity/Hub/Editor/6000.5.6f1/Editor/Data/NetStandard/compat/2.1.0/shims/netstandard/System.IO.FileSystem.DriveInfo.dll"
-r:"C:/Program Files/Unity/Hub/Editor/6000.5.6f1/Editor/Data/NetStandard/compat/2.1.0/shims/netstandard/System.IO.FileSystem.Primitives.dll"
-r:"C:/Program Files/Unity/Hub/Editor/6000.5.6f1/Editor/Data/NetStandard/compat/2.1.0/shims/netstandard/System.IO.FileSystem.Watcher.dll"
-r:"C:/Program Files/Unity/Hub/Editor/6000.5.6f1/Editor/Data/NetStandard/compat/2.1.0/shims/netstandard/System.IO.FileSystem.dll"
-r:"C:/Program Files/Unity/Hub/Editor/6000.5.6f1/Editor/Data/NetStandard/compat/2.1.0/shims/netstandard/System.IO.IsolatedStorage.dll"
-r:"C:/Program Files/Unity/Hub/Editor/6000.5.6f1/Editor/Data/NetStandard/compat/2.1.0/shims/netstandard/System.IO.MemoryMappedFiles.dll"
-r:"C:/Program Files/Unity/Hub/Editor/6000.5.6f1/Editor/Data/NetStandard/compat/2.1.0/shims/netstandard/System.IO.Pipes.dll"
-r:"C:/Program Files/Unity/Hub/Editor/6000.5.6f1/Editor/Data/NetStandard/compat/2.1.0/shims/netstandard/System.IO.UnmanagedMemoryStream.dll"
-r:"C:/Program Files/Unity/Hub/Editor/6000.5.6f1/Editor/Data/NetStandard/compat/2.1.0/shims/netstandard/System.IO.dll"
-r:"C:/Program Files/Unity/Hub/Editor/6000.5.6f1/Editor/Data/NetStandard/compat/2.1.0/shims/netstandard/System.Linq.Expressions.dll"
-r:"C:/Program Files/Unity/Hub/Editor/6000.5.6f1/Editor/Data/NetStandard/compat/2.1.0/shims/netstandard/System.Linq.Parallel.dll"
-r:"C:/Program Files/Unity/Hub/Editor/6000.5.6f1/Editor/Data/NetStandard/compat/2.1.0/shims/netstandard/System.Linq.Queryable.dll"
-r:"C:/Program Files/Unity/Hub/Editor/6000.5.6f1/Editor/Data/NetStandard/compat/2.1.0/shims/netstandard/System.Linq.dll"
-r:"C:/Program Files/Unity/Hub/Editor/6000.5.6f1/Editor/Data/NetStandard/compat/2.1.0/shims/netstandard/System.Memory.dll"
-r:"C:/Program Files/Unity/Hub/Editor/6000.5.6f1/Editor/Data/NetStandard/compat/2.1.0/shims/netstandard/System.Net.Http.dll"
-r:"C:/Program Files/Unity/Hub/Editor/6000.5.6f1/Editor/Data/NetStandard/compat/2.1.0/shims/netstandard/System.Net.NameResolution.dll"
-r:"C:/Program Files/Unity/Hub/Editor/6000.5.6f1/Editor/Data/NetStandard/compat/2.1.0/shims/netstandard/System.Net.NetworkInformation.dll"
-r:"C:/Program Files/Unity/Hub/Editor/6000.5.6f1/Editor/Data/NetStandard/compat/2.1.0/shims/netstandard/System.Net.Ping.dll"
-r:"C:/Program Files/Unity/Hub/Editor/6000.5.6f1/Editor/Data/NetStandard/compat/2.1.0/shims/netstandard/System.Net.Primitives.dll"
-r:"C:/Program Files/Unity/Hub/Editor/6000.5.6f1/Editor/Data/NetStandard/compat/2.1.0/shims/netstandard/System.Net.Requests.dll"
-r:"C:/Program Files/Unity/Hub/Editor/6000.5.6f1/Editor/Data/NetStandard/compat/2.1.0/shims/netstandard/System.Net.Security.dll"
-r:"C:/Program Files/Unity/Hub/Editor/6000.5.6f1/Editor/Data/NetStandard/compat/2.1.0/shims/netstandard/System.Net.Sockets.dll"
-r:"C:/Program Files/Unity/Hub/Editor/6000.5.6f1/Editor/Data/NetStandard/compat/2.1.0/shims/netstandard/System.Net.WebHeaderCollection.dll"
-r:"C:/Program Files/Unity/Hub/Editor/6000.5.6f1/Editor/Data/NetStandard/compat/2.1.0/shims/netstandard/System.Net.WebSockets.Client.dll"
-r:"C:/Program Files/Unity/Hub/Editor/6000.5.6f1/Editor/Data/NetStandard/compat/2.1.0/shims/netstandard/System.Net.WebSockets.dll"
-r:"C:/Program Files/Unity/Hub/Editor/6000.5.6f1/Editor/Data/NetStandard/compat/2.1.0/shims/netstandard/System.Numerics.Vectors.dll"
-r:"C:/Program Files/Unity/Hub/Editor/6000.5.6f1/Editor/Data/NetStandard/compat/2.1.0/shims/netstandard/System.ObjectModel.dll"
-r:"C:/Program Files/Unity/Hub/Editor/6000.5.6f1/Editor/Data/NetStandard/compat/2.1.0/shims/netstandard/System.Reflection.DispatchProxy.dll"
-r:"C:/Program Files/Unity/Hub/Editor/6000.5.6f1/Editor/Data/NetStandard/compat/2.1.0/shims/netstandard/System.Reflection.Emit.ILGeneration.dll"
-r:"C:/Program Files/Unity/Hub/Editor/6000.5.6f1/Editor/Data/NetStandard/compat/2.1.0/shims/netstandard/System.Reflection.Emit.Lightweight.dll"
-r:"C:/Program Files/Unity/Hub/Editor/6000.5.6f1/Editor/Data/NetStandard/compat/2.1.0/shims/netstandard/System.Reflection.Emit.dll"
-r:"C:/Program Files/Unity/Hub/Editor/6000.5.6f1/Editor/Data/NetStandard/compat/2.1.0/shims/netstandard/System.Reflection.Extensions.dll"
-r:"C:/Program Files/Unity/Hub/Editor/6000.5.6f1/Editor/Data/NetStandard/compat/2.1.0/shims/netstandard/System.Reflection.Primitives.dll"
-r:"C:/Program Files/Unity/Hub/Editor/6000.5.6f1/Editor/Data/NetStandard/compat/2.1.0/shims/netstandard/System.Reflection.dll"
-r:"C:/Program Files/Unity/Hub/Editor/6000.5.6f1/Editor/Data/NetStandard/compat/2.1.0/shims/netstandard/System.Resources.Reader.dll"
-r:"C:/Program Files/Unity/Hub/Editor/6000.5.6f1/Editor/Data/NetStandard/compat/2.1.0/shims/netstandard/System.Resources.ResourceManager.dll"
-r:"C:/Program Files/Unity/Hub/Editor/6000.5.6f1/Editor/Data/NetStandard/compat/2.1.0/shims/netstandard/System.Resources.Writer.dll"
-r:"C:/Program Files/Unity/Hub/Editor/6000.5.6f1/Editor/Data/NetStandard/compat/2.1.0/shims/netstandard/System.Runtime.CompilerServices.VisualC.dll"
-r:"C:/Program Files/Unity/Hub/Editor/6000.5.6f1/Editor/Data/NetStandard/compat/2.1.0/shims/netstandard/System.Runtime.Extensions.dll"
-r:"C:/Program Files/Unity/Hub/Editor/6000.5.6f1/Editor/Data/NetStandard/compat/2.1.0/shims/netstandard/System.Runtime.Handles.dll"
-r:"C:/Program Files/Unity/Hub/Editor/6000.5.6f1/Editor/Data/NetStandard/compat/2.1.0/shims/netstandard/System.Runtime.InteropServices.RuntimeInformation.dll"
-r:"C:/Program Files/Unity/Hub/Editor/6000.5.6f1/Editor/Data/NetStandard/compat/2.1.0/shims/netstandard/System.Runtime.InteropServices.dll"
-r:"C:/Program Files/Unity/Hub/Editor/6000.5.6f1/Editor/Data/NetStandard/compat/2.1.0/shims/netstandard/System.Runtime.Numerics.dll"
-r:"C:/Program Files/Unity/Hub/Editor/6000.5.6f1/Editor/Data/NetStandard/compat/2.1.0/shims/netstandard/System.Runtime.Serialization.Formatters.dll"
-r:"C:/Program Files/Unity/Hub/Editor/6000.5.6f1/Editor/Data/NetStandard/compat/2.1.0/shims/netstandard/System.Runtime.Serialization.Json.dll"
-r:"C:/Program Files/Unity/Hub/Editor/6000.5.6f1/Editor/Data/NetStandard/compat/2.1.0/shims/netstandard/System.Runtime.Serialization.Primitives.dll"
-r:"C:/Program Files/Unity/Hub/Editor/6000.5.6f1/Editor/Data/NetStandard/compat/2.1.0/shims/netstandard/System.Runtime.Serialization.Xml.dll"
-r:"C:/Program Files/Unity/Hub/Editor/6000.5.6f1/Editor/Data/NetStandard/compat/2.1.0/shims/netstandard/System.Runtime.dll"
-r:"C:/Program Files/Unity/Hub/Editor/6000.5.6f1/Editor/Data/NetStandard/compat/2.1.0/shims/netstandard/System.Security.Claims.dll"
-r:"C:/Program Files/Unity/Hub/Editor/6000.5.6f1/Editor/Data/NetStandard/compat/2.1.0/shims/netstandard/System.Security.Cryptography.Algorithms.dll"
-r:"C:/Program Files/Unity/Hub/Editor/6000.5.6f1/Editor/Data/NetStandard/compat/2.1.0/shims/netstandard/System.Security.Cryptography.Csp.dll"
-r:"C:/Program Files/Unity/Hub/Editor/6000.5.6f1/Editor/Data/NetStandard/compat/2.1.0/shims/netstandard/System.Security.Cryptography.Encoding.dll"
-r:"C:/Program Files/Unity/Hub/Editor/6000.5.6f1/Editor/Data/NetStandard/compat/2.1.0/shims/netstandard/System.Security.Cryptography.Primitives.dll"
-r:"C:/Program Files/Unity/Hub/Editor/6000.5.6f1/Editor/Data/NetStandard/compat/2.1.0/shims/netstandard/System.Security.Cryptography.X509Certificates.dll"
-r:"C:/Program Files/Unity/Hub/Editor/6000.5.6f1/Editor/Data/NetStandard/compat/2.1.0/shims/netstandard/System.Security.Principal.dll"
-r:"C:/Program Files/Unity/Hub/Editor/6000.5.6f1/Editor/Data/NetStandard/compat/2.1.0/shims/netstandard/System.Security.SecureString.dll"
-r:"C:/Program Files/Unity/Hub/Editor/6000.5.6f1/Editor/Data/NetStandard/compat/2.1.0/shims/netstandard/System.Text.Encoding.Extensions.dll"
-r:"C:/Program Files/Unity/Hub/Editor/6000.5.6f1/Editor/Data/NetStandard/compat/2.1.0/shims/netstandard/System.Text.Encoding.dll"
-r:"C:/Program Files/Unity/Hub/Editor/6000.5.6f1/Editor/Data/NetStandard/compat/2.1.0/shims/netstandard/System.Text.RegularExpressions.dll"
-r:"C:/Program Files/Unity/Hub/Editor/6000.5.6f1/Editor/Data/NetStandard/compat/2.1.0/shims/netstandard/System.Threading.Overlapped.dll"
-r:"C:/Program Files/Unity/Hub/Editor/6000.5.6f1/Editor/Data/NetStandard/compat/2.1.0/shims/netstandard/System.Threading.Tasks.Extensions.dll"
-r:"C:/Program Files/Unity/Hub/Editor/6000.5.6f1/Editor/Data/NetStandard/compat/2.1.0/shims/netstandard/System.Threading.Tasks.Parallel.dll"
-r:"C:/Program Files/Unity/Hub/Editor/6000.5.6f1/Editor/Data/NetStandard/compat/2.1.0/shims/netstandard/System.Threading.Tasks.dll"
-r:"C:/Program Files/Unity/Hub/Editor/6000.5.6f1/Editor/Data/NetStandard/compat/2.1.0/shims/netstandard/System.Threading.Thread.dll"
-r:"C:/Program Files/Unity/Hub/Editor/6000.5.6f1/Editor/Data/NetStandard/compat/2.1.0/shims/netstandard/System.Threading.ThreadPool.dll"
-r:"C:/Program Files/Unity/Hub/Editor/6000.5.6f1/Editor/Data/NetStandard/compat/2.1.0/shims/netstandard/System.Threading.Timer.dll"
-r:"C:/Program Files/Unity/Hub/Editor/6000.5.6f1/Editor/Data/NetStandard/compat/2.1.0/shims/netstandard/System.Threading.dll"
-r:"C:/Program Files/Unity/Hub/Editor/6000.5.6f1/Editor/Data/NetStandard/compat/2.1.0/shims/netstandard/System.ValueTuple.dll"
-r:"C:/Program Files/Unity/Hub/Editor/6000.5.6f1/Editor/Data/NetStandard/compat/2.1.0/shims/netstandard/System.Xml.ReaderWriter.dll"
-r:"C:/Program Files/Unity/Hub/Editor/6000.5.6f1/Editor/Data/NetStandard/compat/2.1.0/shims/netstandard/System.Xml.XDocument.dll"
-r:"C:/Program Files/Unity/Hub/Editor/6000.5.6f1/Editor/Data/NetStandard/compat/2.1.0/shims/netstandard/System.Xml.XPath.XDocument.dll"
-r:"C:/Program Files/Unity/Hub/Editor/6000.5.6f1/Editor/Data/NetStandard/compat/2.1.0/shims/netstandard/System.Xml.XPath.dll"
-r:"C:/Program Files/Unity/Hub/Editor/6000.5.6f1/Editor/Data/NetStandard/compat/2.1.0/shims/netstandard/System.Xml.XmlDocument.dll"
-r:"C:/Program Files/Unity/Hub/Editor/6000.5.6f1/Editor/Data/NetStandard/compat/2.1.0/shims/netstandard/System.Xml.XmlSerializer.dll"
-r:"C:/Program Files/Unity/Hub/Editor/6000.5.6f1/Editor/Data/NetStandard/ref/2.1.0/netstandard.dll"
-r:"Library/PackageCache/com.unity.collections@a43cabe808ca/Unity.Collections.LowLevel.ILSupport/Unity.Collections.LowLevel.ILSupport.dll"
-r:"Library/PackageCache/com.unity.ext.nunit@44f7d31723bd/net472/unity-custom/nunit.framework.dll"
-r:"Library/PackageCache/com.unity.nuget.mono-cecil@ecb9724e46ff/Mono.Cecil.dll"
-r:"Library/PackageCache/com.unity.visualscripting@8bed5ad90189/Runtime/VisualScripting.Flow/Dependencies/NCalc/Unity.VisualScripting.Antlr3.Runtime.dll"
-r:"Library/Bee/artifacts/1900b0aE.dag/Unity.AI.Navigation.Editor.ConversionSystem.ref.dll"
-r:"Library/Bee/artifacts/1900b0aE.dag/Unity.AI.Navigation.Editor.ref.dll"
-r:"Library/Bee/artifacts/1900b0aE.dag/Unity.AI.Navigation.ref.dll"
-r:"Library/Bee/artifacts/1900b0aE.dag/Unity.AI.Navigation.Updater.ref.dll"
-r:"Library/Bee/artifacts/1900b0aE.dag/Unity.Burst.Editor.ref.dll"
-r:"Library/Bee/artifacts/1900b0aE.dag/Unity.Burst.ref.dll"
-r:"Library/Bee/artifacts/1900b0aE.dag/Unity.Collections.Editor.ref.dll"
-r:"Library/Bee/artifacts/1900b0aE.dag/Unity.Collections.ref.dll"
-r:"Library/Bee/artifacts/1900b0aE.dag/Unity.InputSystem.ForUI.Editor.ref.dll"
-r:"Library/Bee/artifacts/1900b0aE.dag/Unity.InputSystem.ForUI.ref.dll"
-r:"Library/Bee/artifacts/1900b0aE.dag/Unity.InputSystem.ref.dll"
-r:"Library/Bee/artifacts/1900b0aE.dag/Unity.InternalAPIEditorBridge.ShaderGraph.Editor.ref.dll"
-r:"Library/Bee/artifacts/1900b0aE.dag/Unity.InternalAPIEngineBridge.004.ref.dll"
-r:"Library/Bee/artifacts/1900b0aE.dag/Unity.InternalAPIEngineBridge.RenderPipelines.Core.Editor.ref.dll"
-r:"Library/Bee/artifacts/1900b0aE.dag/Unity.InternalAPIEngineBridge.RenderPipelines.Core.Runtime.Shared.ref.dll"
-r:"Library/Bee/artifacts/1900b0aE.dag/Unity.Mathematics.ref.dll"
-r:"Library/Bee/artifacts/1900b0aE.dag/Unity.Multiplayer.Center.Common.ref.dll"
-r:"Library/Bee/artifacts/1900b0aE.dag/Unity.Multiplayer.Center.Editor.ref.dll"
-r:"Library/Bee/artifacts/1900b0aE.dag/Unity.PathTracing.Editor.ref.dll"
-r:"Library/Bee/artifacts/1900b0aE.dag/Unity.PathTracing.Runtime.ref.dll"
-r:"Library/Bee/artifacts/1900b0aE.dag/Unity.PlasticSCM.Editor.Assistant.ref.dll"
-r:"Library/Bee/artifacts/1900b0aE.dag/Unity.PlasticSCM.Editor.ref.dll"
-r:"Library/Bee/artifacts/1900b0aE.dag/Unity.Rendering.LightTransport.Editor.ref.dll"
-r:"Library/Bee/artifacts/1900b0aE.dag/Unity.RenderPipeline.Universal.ShaderLibrary.ref.dll"
-r:"Library/Bee/artifacts/1900b0aE.dag/Unity.RenderPipelines.Core.Editor.ref.dll"
-r:"Library/Bee/artifacts/1900b0aE.dag/Unity.RenderPipelines.Core.Editor.Shared.ref.dll"
-r:"Library/Bee/artifacts/1900b0aE.dag/Unity.RenderPipelines.Core.Runtime.ref.dll"
-r:"Library/Bee/artifacts/1900b0aE.dag/Unity.RenderPipelines.Core.Runtime.Shared.ref.dll"
-r:"Library/Bee/artifacts/1900b0aE.dag/Unity.RenderPipelines.Core.ShaderLibrary.ref.dll"
-r:"Library/Bee/artifacts/1900b0aE.dag/Unity.RenderPipelines.GPUDriven.Runtime.ref.dll"
-r:"Library/Bee/artifacts/1900b0aE.dag/Unity.RenderPipelines.ShaderGraph.ShaderGraphLibrary.ref.dll"
-r:"Library/Bee/artifacts/1900b0aE.dag/Unity.RenderPipelines.Universal.2D.Editor.Overrides.ref.dll"
-r:"Library/Bee/artifacts/1900b0aE.dag/Unity.RenderPipelines.Universal.2D.Runtime.ref.dll"
-r:"Library/Bee/artifacts/1900b0aE.dag/Unity.RenderPipelines.Universal.Config.Runtime.ref.dll"
-r:"Library/Bee/artifacts/1900b0aE.dag/Unity.RenderPipelines.Universal.Editor.ref.dll"
-r:"Library/Bee/artifacts/1900b0aE.dag/Unity.RenderPipelines.Universal.Runtime.ref.dll"
-r:"Library/Bee/artifacts/1900b0aE.dag/Unity.RenderPipelines.Universal.Shaders.ref.dll"
-r:"Library/Bee/artifacts/1900b0aE.dag/Unity.Rider.Editor.ref.dll"
-r:"Library/Bee/artifacts/1900b0aE.dag/Unity.Searcher.Editor.ref.dll"
-r:"Library/Bee/artifacts/1900b0aE.dag/Unity.ShaderGraph.Editor.ref.dll"
-r:"Library/Bee/artifacts/1900b0aE.dag/Unity.SurfaceCache.Runtime.ref.dll"
-r:"Library/Bee/artifacts/1900b0aE.dag/Unity.TextMeshPro.Editor.ref.dll"
-r:"Library/Bee/artifacts/1900b0aE.dag/Unity.TextMeshPro.ref.dll"
-r:"Library/Bee/artifacts/1900b0aE.dag/Unity.Timeline.Editor.ref.dll"
-r:"Library/Bee/artifacts/1900b0aE.dag/Unity.Timeline.ref.dll"
-r:"Library/Bee/artifacts/1900b0aE.dag/Unity.UnifiedRayTracing.Runtime.ref.dll"
-r:"Library/Bee/artifacts/1900b0aE.dag/Unity.VisualScripting.Core.Editor.ref.dll"
-r:"Library/Bee/artifacts/1900b0aE.dag/Unity.VisualScripting.Core.ref.dll"
-r:"Library/Bee/artifacts/1900b0aE.dag/Unity.VisualScripting.Flow.Editor.ref.dll"
-r:"Library/Bee/artifacts/1900b0aE.dag/Unity.VisualScripting.Flow.ref.dll"
-r:"Library/Bee/artifacts/1900b0aE.dag/Unity.VisualScripting.SettingsProvider.Editor.ref.dll"
-r:"Library/Bee/artifacts/1900b0aE.dag/Unity.VisualScripting.Shared.Editor.ref.dll"
-r:"Library/Bee/artifacts/1900b0aE.dag/Unity.VisualScripting.State.Editor.ref.dll"
-r:"Library/Bee/artifacts/1900b0aE.dag/Unity.VisualScripting.State.ref.dll"
-r:"Library/Bee/artifacts/1900b0aE.dag/Unity.VisualStudio.Editor.ref.dll"
-r:"Library/Bee/artifacts/1900b0aE.dag/UnityEditor.UI.Analytics.ref.dll"
-r:"Library/Bee/artifacts/1900b0aE.dag/UnityEditor.UI.ref.dll"
-r:"Library/Bee/artifacts/1900b0aE.dag/UnityEngine.UI.ref.dll"
-analyzer:"C:/Program Files/Unity/Hub/Editor/6000.5.6f1/Editor/Data/BCLExtensions/TargetingPacks/netstandard2.1/analyzers/dotnet/roslyn4.0/cs/Microsoft.Extensions.Logging.Generators.dll"
-analyzer:"C:/Program Files/Unity/Hub/Editor/6000.5.6f1/Editor/Data/BCLExtensions/TargetingPacks/netstandard2.1/analyzers/dotnet/roslyn4.0/cs/System.Text.Json.SourceGeneration.dll"
-analyzer:"C:/Program Files/Unity/Hub/Editor/6000.5.6f1/Editor/Data/Tools/BuildPipeline/Unity.Analyzers.Common/Unity.Analyzers.Common.dll"
-analyzer:"C:/Program Files/Unity/Hub/Editor/6000.5.6f1/Editor/Data/Tools/BuildPipeline/Unity.Analyzers.LongLiving/Unity.Analyzers.LongLiving.dll"
-analyzer:"C:/Program Files/Unity/Hub/Editor/6000.5.6f1/Editor/Data/Tools/BuildPipeline/Unity.SourceGenerators/Unity.Properties.SourceGenerator.dll"
-analyzer:"C:/Program Files/Unity/Hub/Editor/6000.5.6f1/Editor/Data/Tools/BuildPipeline/Unity.SourceGenerators/Unity.SourceGenerators.dll"
-analyzer:"C:/Program Files/Unity/Hub/Editor/6000.5.6f1/Editor/Data/Tools/BuildPipeline/Unity.SourceGenerators/Unity.UIToolkit.SourceGenerator.dll"
"Assets/Scripts/RISController.cs"
"Assets/TutorialInfo/Scripts/Readme.cs"
-langversion:9.0
/deterministic
/optimize+
/debug:portable
/nologo
/RuntimeMetadataVersion:v4.0.30319
/nowarn:0169
/nowarn:0649
/nowarn:0282
/nowarn:1701
/nowarn:1702
/utf8output
/preferreduilang:en-US
/additionalfile:"Library/Bee/artifacts/1900b0aE.dag/Assembly-CSharp.UnityAdditionalFile.txt"
##### Custom Environment Variables
DOTNET_HOST_PATH=C:\Program Files\Unity\Hub\Editor\6000.5.6f1\Editor\Data\DotNetSdk\dotnet.exe
DOTNET_MULTILEVEL_LOOKUP=0
##### ExitCode
1
##### Output
Assets\Scripts\RISController.cs(28,9): error CS0103: The name 'phases' does not exist in the current context

Assets\Scripts\RISController.cs(31,29): error CS0103: The name 'phases' does not exist in the current context

Assets\Scripts\RISController.cs(33,13): error CS0103: The name 'phases' does not exist in the current context

Assets\Scripts\RISController.cs(67,9): error CS0103: The name 'phases' does not exist in the current context
*** Tundra build failed (3.37 seconds), 2 items updated, 937 evaluated
## Script Compilation Error for: Csc Library/Bee/artifacts/1900b0aE.dag/Assembly-CSharp.dll (+2 others)
## CmdLine: "C:\Program Files\Unity\Hub\Editor\6000.5.6f1\Editor\Data\DotNetSdk\dotnet.exe" exec "C:/Program Files/Unity/Hub/Editor/6000.5.6f1/Editor/Data/DotNetSdk/sdk/8.0.318/Roslyn/bincore/csc.dll" /nostdlib /noconfig /shared "@Library/Bee/artifacts/1900b0aE.dag/Assembly-CSharp.rsp" "@Library/Bee/artifacts/1900b0aE.dag/Assembly-CSharp.rsp2"
## Output:
Assets\Scripts\RISController.cs(28,9): error CS0103: The name 'phases' does not exist in the current context
Assets\Scripts\RISController.cs(31,29): error CS0103: The name 'phases' does not exist in the current context
Assets\Scripts\RISController.cs(33,13): error CS0103: The name 'phases' does not exist in the current context
Assets\Scripts\RISController.cs(67,9): error CS0103: The name 'phases' does not exist in the current context

Assets\Scripts\RISController.cs(28,9): error CS0103: The name 'phases' does not exist in the current context
Assets\Scripts\RISController.cs(31,29): error CS0103: The name 'phases' does not exist in the current context
Assets\Scripts\RISController.cs(33,13): error CS0103: The name 'phases' does not exist in the current context
Assets\Scripts\RISController.cs(67,9): error CS0103: The name 'phases' does not exist in the current context

Asset Pipeline Refresh (id=b47819a507505d34797be2a75f906516): Total: 3.631 seconds - Initiated by RefreshV2(AllowForceSynchronousImport)
	(Values over 0.05ms)
	Summary:
		Imports: total=0 (actual=0, local cache=0, cache server=0)
		Asset DB Process Time: managed=0 ms, native=63 ms
		Asset DB Callback time: managed=0 ms, native=0 ms
		Scripting: domain reloads=0, domain reload time=0 ms, compile time=3567 ms, other=0 ms
		Project Asset Count: scripts=1362, non-scripts=2318
		Asset File Changes: new=0, changed=0, moved=0, deleted=0
		Scan Filter Count: 0
	InvokePackagesCallback: 0.859ms
	ApplyChangesToAssetFolders: 0.157ms
	Collect global state as custom dependencies: 0.463ms
	ProcessAssetsWithTransientArtifactChanges: 0.106ms
	CategorizeAssets: 2.350ms
	CompileScripts: 3567.234ms
	ImportOutOfDateAssets: 53.870ms (10.896ms without children)
		ReloadNativeAssets: 0.062ms
		EnsureUptoDateAssetsAreRegisteredWithGuidPM: 0.922ms
		ImportSchedulerStart: 41.980ms
	GatherAllCurrentPrimaryImportResultRevisions: 0.171ms
	PersistCurrentRevisions: 0.162ms
	Untracked: 5.863ms

Total cache size 267245200
Total cache size after purge 267245200, took 00:00:01.0603795
[ScriptCompilation] Requested script compilation because: AssetDatabase observed changes in script compilation related files
Asset Pipeline Refresh (id=78ea9322a043cb948bea6b275fb1a9c2): Total: 0.099 seconds - Initiated by RefreshV2(NoUpdateAssetOptions)
info: Microsoft.AspNetCore.Hosting.Diagnostics[1]
      Request starting HTTP/2 POST http://ilpp/UnityILPP.PostProcessing/Ping - application/grpc -
info: Microsoft.AspNetCore.Routing.EndpointMiddleware[0]
      Executing endpoint 'gRPC - /UnityILPP.PostProcessing/Ping'
info: Microsoft.AspNetCore.Routing.EndpointMiddleware[1]
      Executed endpoint 'gRPC - /UnityILPP.PostProcessing/Ping'
info: Microsoft.AspNetCore.Hosting.Diagnostics[2]
      Request finished HTTP/2 POST http://ilpp/UnityILPP.PostProcessing/Ping - 200 - application/grpc 0.2405ms
Starting: C:\Program Files\Unity\Hub\Editor\6000.5.6f1\Editor\Data\Tools\BuildPipeline\bee_backend.exe --ipc --defer-dag-verification --dagfile="Library/Bee/1900b0aE.dag" --continue-on-failure --profile="Library/Bee/backend1.traceevents" ScriptAssemblies
WorkingDir: D:/Private/unity projects/graduation project
info: Microsoft.AspNetCore.Hosting.Diagnostics[1]
      Request starting HTTP/2 POST http://ilpp/UnityILPP.PostProcessing/ConfigurePostProcessors - application/grpc -
info: Microsoft.AspNetCore.Routing.EndpointMiddleware[0]
      Executing endpoint 'gRPC - /UnityILPP.PostProcessing/ConfigurePostProcessors'
info: Unity.ILPP.Runner.PostProcessingAssemblyLoadContext[0]
      Current configuration matches the requested one, skipping
info: Microsoft.AspNetCore.Routing.EndpointMiddleware[1]
      Executed endpoint 'gRPC - /UnityILPP.PostProcessing/ConfigurePostProcessors'
info: Microsoft.AspNetCore.Hosting.Diagnostics[2]
      Request finished HTTP/2 POST http://ilpp/UnityILPP.PostProcessing/ConfigurePostProcessors - 200 - application/grpc 1.3371ms
[Worker1] Imported GUID: f53adee2f85fb7449b31aacea1c4dae7 - Path: Assets/Scripts/RISController.cs - Importer: PreviewImporter -> (ImportResultId: '0fad55d3757174212eb8f040afb0bcf0') in 0.0179013 seconds
info: Microsoft.AspNetCore.Hosting.Diagnostics[1]
      Request starting HTTP/2 POST http://ilpp/UnityILPP.PostProcessing/PostProcessAssembly - application/grpc -
info: Microsoft.AspNetCore.Routing.EndpointMiddleware[0]
      Executing endpoint 'gRPC - /UnityILPP.PostProcessing/PostProcessAssembly'
info: Unity.ILPP.Runner.PostProcessingPipeline[0]
      Processing assembly Library/Bee/artifacts/1900b0aE.dag/Assembly-CSharp.dll, with 142 defines and 339 references
info: Unity.ILPP.Runner.PostProcessingPipeline[0]
      processors: Unity.Jobs.CodeGen.JobsILPostProcessor, zzzUnity.Burst.CodeGen.BurstILPostProcessor
info: Unity.ILPP.Runner.PostProcessingPipeline[0]
      running Unity.Jobs.CodeGen.JobsILPostProcessor
info: Unity.ILPP.Runner.PostProcessingAssemblyLoadContext[0]
      Resolved Unity.Collections, Version=0.0.0.0, Culture=neutral, PublicKeyToken=null with Library\Bee\artifacts\1900b0aE.dag\Unity.Collections.dll
[Worker0] Imported GUID: f53adee2f85fb7449b31aacea1c4dae7 - Path: Assets/Scripts/RISController.cs - Importer: ScriptedImporter/UnityEditor.QuickSearchModule:UnityEditor.Search:ASIAI0B -> (ImportResultId: '815ca0bf26db877954e502a063cdf13c') in 0.0249352 seconds
info: Unity.ILPP.Runner.PostProcessingAssemblyLoadContext[0]
      Resolved UnityEditor.CoreModule, Version=0.0.0.0, Culture=neutral, PublicKeyToken=null with C:\Program Files\Unity\Hub\Editor\6000.5.6f1\Editor\Data\Managed\UnityEngine\UnityEditor.CoreModule.dll
info: Unity.ILPP.Runner.PostProcessingAssemblyLoadContext[0]
      Resolved UnityEngine.CoreModule, Version=0.0.0.0, Culture=neutral, PublicKeyToken=null with C:\Program Files\Unity\Hub\Editor\6000.5.6f1\Editor\Data\Managed\UnityEngine\UnityEngine.CoreModule.dll
info: Unity.ILPP.Runner.PostProcessingAssemblyLoadContext[0]
      Resolved Unity.Scripting, Version=0.0.0.0, Culture=neutral, PublicKeyToken=null with C:\Program Files\Unity\Hub\Editor\6000.5.6f1\Editor\Data\Managed\UnityEngine\Unity.Scripting.dll
info: Unity.ILPP.Runner.PostProcessingPipeline[0]
      running zzzUnity.Burst.CodeGen.BurstILPostProcessor
info: Unity.ILPP.Runner.PostProcessingAssemblyLoadContext[0]
      Resolved Unity.Burst.Cecil.Rocks, Version=0.11.6.0, Culture=neutral, PublicKeyToken=50cebf1cceb9d05e with Library\PackageCache\com.unity.burst@6bb9aca3ef38\Unity.Burst.CodeGen\Unity.Burst.Cecil.Rocks.dll
info: Microsoft.AspNetCore.Hosting.Diagnostics[1]
      Request starting HTTP/2 POST http://ilpp/UnityILPP.PostProcessing/PostProcessAssembly - application/grpc -
info: Microsoft.AspNetCore.Routing.EndpointMiddleware[0]
      Executing endpoint 'gRPC - /UnityILPP.PostProcessing/PostProcessAssembly'
info: Unity.ILPP.Runner.PostProcessingPipeline[0]
      Processing assembly Library/Bee/artifacts/1900b0aE.dag/Assembly-CSharp-Editor.dll, with 140 defines and 362 references
info: Unity.ILPP.Runner.PostProcessingPipeline[0]
      processors: Unity.Jobs.CodeGen.JobsILPostProcessor, zzzUnity.Burst.CodeGen.BurstILPostProcessor
info: Unity.ILPP.Runner.PostProcessingPipeline[0]
      running Unity.Jobs.CodeGen.JobsILPostProcessor
info: Microsoft.AspNetCore.Routing.EndpointMiddleware[1]
      Executed endpoint 'gRPC - /UnityILPP.PostProcessing/PostProcessAssembly'
info: Microsoft.AspNetCore.Hosting.Diagnostics[2]
      Request finished HTTP/2 POST http://ilpp/UnityILPP.PostProcessing/PostProcessAssembly - 200 - application/grpc 594.4232ms
info: Unity.ILPP.Runner.PostProcessingPipeline[0]
      running zzzUnity.Burst.CodeGen.BurstILPostProcessor
info: Microsoft.AspNetCore.Routing.EndpointMiddleware[1]
      Executed endpoint 'gRPC - /UnityILPP.PostProcessing/PostProcessAssembly'
info: Microsoft.AspNetCore.Hosting.Diagnostics[2]
      Request finished HTTP/2 POST http://ilpp/UnityILPP.PostProcessing/PostProcessAssembly - 200 - application/grpc 58.6443ms
ExitCode: 0 Duration: 1s328ms
[736/937    0s] ILPP-Configuration Library/ilpp-configuration.nevergeneratedoutput
[929/937    0s] Csc Library/Bee/artifacts/1900b0aE.dag/Assembly-CSharp.dll (+2 others)
[930/937    0s] Csc Library/Bee/artifacts/1900b0aE.dag/Assembly-CSharp-Editor.dll (+2 others)
[931/937    0s] ILPostProcess Library/Bee/artifacts/1900b0aE.dag/post-processed/Assembly-CSharp.dll (+pdb)
Processing assembly Library/Bee/artifacts/1900b0aE.dag/Assembly-CSharp.dll, with 142 defines and 339 references

processors: Unity.Jobs.CodeGen.JobsILPostProcessor, zzzUnity.Burst.CodeGen.BurstILPostProcessor

running Unity.Jobs.CodeGen.JobsILPostProcessor

running zzzUnity.Burst.CodeGen.BurstILPostProcessor
[932/937    0s] CopyFiles Library/ScriptAssemblies/Assembly-CSharp.dll
[933/937    0s] CopyFiles Library/ScriptAssemblies/Assembly-CSharp.pdb
[934/937    0s] ILPostProcess Library/Bee/artifacts/1900b0aE.dag/post-processed/Assembly-CSharp-Editor.dll (+pdb)
Processing assembly Library/Bee/artifacts/1900b0aE.dag/Assembly-CSharp-Editor.dll, with 140 defines and 362 references

processors: Unity.Jobs.CodeGen.JobsILPostProcessor, zzzUnity.Burst.CodeGen.BurstILPostProcessor

running Unity.Jobs.CodeGen.JobsILPostProcessor

running zzzUnity.Burst.CodeGen.BurstILPostProcessor
[935/937    0s] CopyFiles Library/ScriptAssemblies/Assembly-CSharp-Editor.pdb
[936/937    0s] CopyFiles Library/ScriptAssemblies/Assembly-CSharp-Editor.dll
*** Tundra build success (1.29 seconds), 9 items updated, 937 evaluated
Reloading assemblies after finishing script compilation.
Reloading assemblies after forced synchronous recompile.
Begin MonoManager ReloadAssembly
Total cache size 267245200
Total cache size after purge 267245200, took 00:00:00.6333140
Native extension for WindowsStandalone target not found
Native extension for WebGL target not found
[MODES] ModeService[none].Initialize
[MODES] ModeService[none].LoadModes
ScheduleIndexationOnStartup MainProcess:True IndexOnStartup:True
Mono: successfully reloaded assembly
- Finished resetting the current domain, in  2.751 seconds
Domain Reload Profiling: 4755ms
	BeginReloadAssembly (1357ms)
		DisableScriptedObjects (390ms)
		CreateAndSetChildDomain (633ms)
	RebuildCommonClasses (16ms)
	RebuildNativeTypeToScriptingClass (22ms)
	initialDomainReloadingComplete (89ms)
	LoadAllAssembliesAndSetupDomain (519ms)
		LoadAssemblies (186ms)
		AnalyzeDomain (312ms)
			TypeCache.Refresh (11ms)
			BuildScriptInfoCaches (259ms)
			ResolveRequiredComponents (40ms)
	FinalizeReload (2752ms)
		SetupLoadedEditorAssemblies (0ms)
			InitializePlatformSupportModulesInManaged (3ms)
			BeforeProcessingInitializeOnLoad (241ms)
			ProcessInitializeOnLoadAttributes (611ms)
			ProcessInitializeOnLoadMethodAttributes (234ms)
			AfterProcessingInitializeOnLoad (7ms)
		AwakeInstancesAfterBackupRestoration (883ms)

Asset Pipeline Refresh (id=b4f2fe3432ed526438d0fb812510915d): Total: 5.098 seconds - Initiated by StopAssetImportingV2(ForceSynchronousImport | ForceDomainReload)
	(Values over 0.05ms)
	Summary:
		Imports: total=0 (actual=0, local cache=0, cache server=0)
		Asset DB Process Time: managed=0 ms, native=2938 ms
		Asset DB Callback time: managed=53 ms, native=0 ms
		Scripting: domain reloads=1, domain reload time=2104 ms, compile time=1 ms, other=0 ms
		Project Asset Count: scripts=1362, non-scripts=2318
		Asset File Changes: new=0, changed=0, moved=0, deleted=0
		Scan Filter Count: 0
	InvokePackagesCallback: 2.297ms
	ApplyChangesToAssetFolders: 0.462ms
	Collect global state as custom dependencies: 4.045ms
	ProcessAssetsWithTransientArtifactChanges: 7.410ms
	CategorizeAssets: 60.408ms
	CompileScripts: 1.488ms
	ImportOutOfDateAssets: 2811.837ms (2765.648ms without children)
		CollectScriptTypesHashes: 8.958ms
		ReloadNativeAssets: 1.257ms
		UnloadImportedAssets: 2.243ms
		EnsureUptoDateAssetsAreRegisteredWithGuidPM: 0.839ms
		ImportSchedulerStart: 41.822ms
	PostProcessAllAssets: 53.212ms
		MonoPostProcessAllAssets: 53.207ms
			UniversalRenderPipelineGlobalSettingsPostprocessor.OnPostprocessAllAssets 13.080ms
			SyncVS.PostprocessSyncProject 4.806ms
			WindowAssetPostprocessingWatcher.OnPostprocessAllAssets 4.309ms
			EditModeScopePostprocessor.OnPostprocessAllAssets 3.862ms
			AssetPostprocessor.OnPostprocessAllAssets 2.603ms
			SpeedTree9Postprocessor.OnPostprocessAllAssets 2.465ms
			ProjectSettingsPostprocessor.OnPostprocessAllAssets 1.327ms
			RenderPipelineGlobalSettingsPostprocessor.OnPostprocessAllAssets 1.236ms
			ShaderReflectionAssetPostProcessor.OnPostprocessAllAssets 0.499ms
			ReferencedClipsPostProcessor.OnPostprocessAllAssets 0.466ms
			AssetDatabaseCallbacks.OnPostprocessAllAssets 0.347ms
			InputActionAssetPostprocessor.OnPostprocessAllAssets 0.332ms
			TerrainToolbarOverlayPostProcessor.OnPostprocessAllAssets 0.211ms
			AssetChangedListener.OnPostprocessAllAssets 0.085ms
			ShaderGraphAssetPostProcessor.OnPostprocessAllAssets 0.082ms
	GatherAllCurrentPrimaryImportResultRevisions: 0.166ms
	PersistCurrentRevisions: 0.114ms
	GenerateScriptTypeHashes: 7.224ms
	GenerateScriptTypeSerializationHashes: 10.754ms
	Untracked: 2144.296ms

[Licensing::Client] Successfully resolved entitlement details
[Licensing::Client] Successfully resolved entitlement details
Asset Pipeline Refresh (id=98737cf818484134fa09b9be78dd79a6): Total: 0.012 seconds - Initiated by RefreshV2(AllowForceSynchronousImport)
[Licensing::Client] Successfully resolved entitlement details
Asset Pipeline Refresh (id=4fc93b535c301f94783f0030d4f68fde): Total: 0.007 seconds - Initiated by RefreshV2(AllowForceSynchronousImport)
Asset Pipeline Refresh (id=2630a4f43331c754d90944cc816dd8e6): Total: 0.005 seconds - Initiated by RefreshV2(AllowForceSynchronousImport)
Reloading assemblies for play mode.
Reloading assemblies after forced synchronous recompile.
[Licensing::Client] Successfully resolved entitlement details
Begin MonoManager ReloadAssembly
Native extension for WindowsStandalone target not found
Native extension for WebGL target not found
ScheduleIndexationOnStartup MainProcess:True IndexOnStartup:True
[MODES] ModeService[none].Initialize
[MODES] ModeService[none].LoadModes
Mono: successfully reloaded assembly
- Finished resetting the current domain, in  2.412 seconds
Domain Reload Profiling: 3621ms
	BeginReloadAssembly (905ms)
		DisableScriptedObjects (131ms)
		CreateAndSetChildDomain (558ms)
	RebuildCommonClasses (12ms)
	RebuildNativeTypeToScriptingClass (20ms)
	initialDomainReloadingComplete (66ms)
	LoadAllAssembliesAndSetupDomain (206ms)
		LoadAssemblies (154ms)
		AnalyzeDomain (40ms)
			TypeCache.Refresh (7ms)
			ResolveRequiredComponents (28ms)
	FinalizeReload (2413ms)
		SetupLoadedEditorAssemblies (0ms)
			BeforeProcessingInitializeOnLoad (109ms)
			ProcessInitializeOnLoadAttributes (519ms)
			ProcessInitializeOnLoadMethodAttributes (177ms)
			AfterProcessingInitializeOnLoad (7ms)
		AwakeInstancesAfterBackupRestoration (856ms)

Asset Pipeline Refresh (id=74959e49a56a96d4eb3d435d492b1298): Total: 3.876 seconds - Initiated by StopAssetImportingV2(ForceSynchronousImport | ForceDomainReload)
	(Values over 0.05ms)
	Summary:
		Imports: total=0 (actual=0, local cache=0, cache server=0)
		Asset DB Process Time: managed=0 ms, native=2559 ms
		Asset DB Callback time: managed=46 ms, native=0 ms
		Scripting: domain reloads=1, domain reload time=1267 ms, compile time=2 ms, other=0 ms
		Project Asset Count: scripts=1362, non-scripts=2318
		Asset File Changes: new=0, changed=0, moved=0, deleted=0
		Scan Filter Count: 0
	InvokePackagesCallback: 1.874ms
	ApplyChangesToAssetFolders: 0.376ms
	Collect global state as custom dependencies: 2.781ms
	ProcessAssetsWithTransientArtifactChanges: 0.257ms
	CategorizeAssets: 53.370ms
	CompileScripts: 1.649ms
	ImportOutOfDateAssets: 2460.212ms (2426.235ms without children)
		CollectScriptTypesHashes: 1.051ms
		ReloadNativeAssets: 1.234ms
		UnloadImportedAssets: 0.254ms
		EnsureUptoDateAssetsAreRegisteredWithGuidPM: 0.808ms
		ImportSchedulerStart: 31.647ms
	PostProcessAllAssets: 46.992ms
		MonoPostProcessAllAssets: 46.987ms
			UniversalRenderPipelineGlobalSettingsPostprocessor.OnPostprocessAllAssets 17.962ms
			SyncVS.PostprocessSyncProject 3.910ms
			WindowAssetPostprocessingWatcher.OnPostprocessAllAssets 2.929ms
			SpeedTree9Postprocessor.OnPostprocessAllAssets 2.923ms
			AssetPostprocessor.OnPostprocessAllAssets 2.603ms
			ProjectSettingsPostprocessor.OnPostprocessAllAssets 1.276ms
			RenderPipelineGlobalSettingsPostprocessor.OnPostprocessAllAssets 0.975ms
			ShaderReflectionAssetPostProcessor.OnPostprocessAllAssets 0.513ms
			InputActionAssetPostprocessor.OnPostprocessAllAssets 0.498ms
			ReferencedClipsPostProcessor.OnPostprocessAllAssets 0.421ms
			EditModeScopePostprocessor.OnPostprocessAllAssets 0.413ms
			TerrainToolbarOverlayPostProcessor.OnPostprocessAllAssets 0.249ms
			AssetDatabaseCallbacks.OnPostprocessAllAssets 0.212ms
			AssetChangedListener.OnPostprocessAllAssets 0.085ms
			ShaderGraphAssetPostProcessor.OnPostprocessAllAssets 0.082ms
	GatherAllCurrentPrimaryImportResultRevisions: 0.147ms
	UnloadStreamsBegin: 1.776ms
	PersistCurrentRevisions: 0.109ms
	GenerateScriptTypeHashes: 2.630ms
	GenerateScriptTypeSerializationHashes: 4.380ms
	Untracked: 1299.361ms

Loaded scene 'Temp/__Backupscenes/0.backup'
	Deserialize:            1.575 ms
	Integration:            361.113 ms
	Integration of assets:  0.002 ms
	Thread Wait Time:       0.005 ms
	Total Operation Time:   362.695 ms
RIS Controller Started
UnityEngine.Debug:ExtractStackTraceNoAlloc (byte*,int,string)
UnityEngine.StackTraceUtility:ExtractStackTrace ()
UnityEngine.DebugLogHandler:Internal_Log (UnityEngine.LogType,UnityEngine.LogOption,string,UnityEngine.Object)
UnityEngine.DebugLogHandler:LogFormat (UnityEngine.LogType,UnityEngine.Object,string,object[])
UnityEngine.Logger:Log (UnityEngine.LogType,object)
UnityEngine.Debug:Log (object)
RISController:Start () (at Assets/Scripts/RISController.cs:18)

(Filename: Assets/Scripts/RISController.cs Line: 18)

Number of RIS Elements: 16
UnityEngine.Debug:ExtractStackTraceNoAlloc (byte*,int,string)
UnityEngine.StackTraceUtility:ExtractStackTrace ()
UnityEngine.DebugLogHandler:Internal_Log (UnityEngine.LogType,UnityEngine.LogOption,string,UnityEngine.Object)
UnityEngine.DebugLogHandler:LogFormat (UnityEngine.LogType,UnityEngine.Object,string,object[])
UnityEngine.Logger:Log (UnityEngine.LogType,object)
UnityEngine.Debug:Log (object)
RISController:Start () (at Assets/Scripts/RISController.cs:19)

(Filename: Assets/Scripts/RISController.cs Line: 19)

RIS Phase System Ready
UnityEngine.Debug:ExtractStackTraceNoAlloc (byte*,int,string)
UnityEngine.StackTraceUtility:ExtractStackTrace ()
UnityEngine.DebugLogHandler:Internal_Log (UnityEngine.LogType,UnityEngine.LogOption,string,UnityEngine.Object)
UnityEngine.DebugLogHandler:LogFormat (UnityEngine.LogType,UnityEngine.Object,string,object[])
UnityEngine.Logger:Log (UnityEngine.LogType,object)
UnityEngine.Debug:Log (object)
RISController:Start () (at Assets/Scripts/RISController.cs:36)

(Filename: Assets/Scripts/RISController.cs Line: 36)

[Licensing::Client] Successfully resolved entitlement details
[Licensing::Client] Successfully resolved entitlement details
[Licensing::Client] Successfully resolved entitlement details
Unloading 1 Unused Serialized files (Serialized files now loaded: 0)
Loaded scene 'Temp/__Backupscenes/0.backup'
	Deserialize:            1.368 ms
	Integration:            272.972 ms
	Integration of assets:  0.001 ms
	Thread Wait Time:       0.008 ms
	Total Operation Time:   274.350 ms
Unloading 18 unused Assets / (397.4 KB). Loaded Objects now: 8795.
Memory consumption went from 0.67 GB to 0.67 GB.
Total: 18.970000 ms (FindLiveObjects: 0.641400 ms CreateObjectMapping: 0.871500 ms MarkObjects: 17.007300 ms  DeleteObjects: 0.447700 ms)

[Licensing::Client] Successfully resolved entitlement details
Reloading assemblies for play mode.
Reloading assemblies after forced synchronous recompile.
Begin MonoManager ReloadAssembly
Native extension for WindowsStandalone target not found
Native extension for WebGL target not found
ScheduleIndexationOnStartup MainProcess:True IndexOnStartup:True
[MODES] ModeService[none].Initialize
[MODES] ModeService[none].LoadModes
Mono: successfully reloaded assembly
- Finished resetting the current domain, in  2.442 seconds
Domain Reload Profiling: 3635ms
	BeginReloadAssembly (879ms)
		DisableScriptedObjects (90ms)
		CreateAndSetChildDomain (553ms)
	RebuildCommonClasses (13ms)
	RebuildNativeTypeToScriptingClass (20ms)
	initialDomainReloadingComplete (69ms)
	LoadAllAssembliesAndSetupDomain (211ms)
		LoadAssemblies (162ms)
		AnalyzeDomain (41ms)
			TypeCache.Refresh (8ms)
			ResolveRequiredComponents (29ms)
	FinalizeReload (2443ms)
		SetupLoadedEditorAssemblies (0ms)
			InitializePlatformSupportModulesInManaged (3ms)
			BeforeProcessingInitializeOnLoad (111ms)
			ProcessInitializeOnLoadAttributes (532ms)
			ProcessInitializeOnLoadMethodAttributes (187ms)
			AfterProcessingInitializeOnLoad (7ms)
		AwakeInstancesAfterBackupRestoration (873ms)

Asset Pipeline Refresh (id=ebd37971b8afc7e48929526791c13ff9): Total: 3.878 seconds - Initiated by StopAssetImportingV2(ForceSynchronousImport | ForceDomainReload)
	(Values over 0.05ms)
	Summary:
		Imports: total=0 (actual=0, local cache=0, cache server=0)
		Asset DB Process Time: managed=0 ms, native=2594 ms
		Asset DB Callback time: managed=36 ms, native=0 ms
		Scripting: domain reloads=1, domain reload time=1245 ms, compile time=1 ms, other=0 ms
		Project Asset Count: scripts=1362, non-scripts=2318
		Asset File Changes: new=0, changed=0, moved=0, deleted=0
		Scan Filter Count: 0
	InvokePackagesCallback: 1.685ms
	ApplyChangesToAssetFolders: 0.366ms
	Collect global state as custom dependencies: 3.267ms
	ProcessAssetsWithTransientArtifactChanges: 0.337ms
	CategorizeAssets: 55.847ms
	CompileScripts: 1.485ms
	ImportOutOfDateAssets: 2494.758ms (2457.968ms without children)
		CollectScriptTypesHashes: 1.062ms
		ReloadNativeAssets: 3.485ms
		UnloadImportedAssets: 0.291ms
		EnsureUptoDateAssetsAreRegisteredWithGuidPM: 0.878ms
		ImportSchedulerStart: 32.103ms
	PostProcessAllAssets: 36.443ms
		MonoPostProcessAllAssets: 36.438ms
			UniversalRenderPipelineGlobalSettingsPostprocessor.OnPostprocessAllAssets 12.865ms
			SyncVS.PostprocessSyncProject 3.665ms
			SpeedTree9Postprocessor.OnPostprocessAllAssets 2.794ms
			AssetPostprocessor.OnPostprocessAllAssets 2.603ms
			WindowAssetPostprocessingWatcher.OnPostprocessAllAssets 2.237ms
			ProjectSettingsPostprocessor.OnPostprocessAllAssets 1.079ms
			RenderPipelineGlobalSettingsPostprocessor.OnPostprocessAllAssets 0.847ms
			ShaderReflectionAssetPostProcessor.OnPostprocessAllAssets 0.552ms
			InputActionAssetPostprocessor.OnPostprocessAllAssets 0.400ms
			EditModeScopePostprocessor.OnPostprocessAllAssets 0.336ms
			ReferencedClipsPostProcessor.OnPostprocessAllAssets 0.318ms
			TerrainToolbarOverlayPostProcessor.OnPostprocessAllAssets 0.214ms
			AssetDatabaseCallbacks.OnPostprocessAllAssets 0.169ms
			AssetChangedListener.OnPostprocessAllAssets 0.085ms
			ShaderGraphAssetPostProcessor.OnPostprocessAllAssets 0.082ms
	GatherAllCurrentPrimaryImportResultRevisions: 0.146ms
	PersistCurrentRevisions: 0.108ms
	GenerateScriptTypeHashes: 4.954ms
	GenerateScriptTypeSerializationHashes: 7.724ms
	Untracked: 1277.668ms

Loaded scene 'Temp/__Backupscenes/0.backup'
	Deserialize:            2.150 ms
	Integration:            356.765 ms
	Integration of assets:  0.003 ms
	Thread Wait Time:       0.006 ms
	Total Operation Time:   358.924 ms
RIS Controller Started
UnityEngine.Debug:ExtractStackTraceNoAlloc (byte*,int,string)
UnityEngine.StackTraceUtility:ExtractStackTrace ()
UnityEngine.DebugLogHandler:Internal_Log (UnityEngine.LogType,UnityEngine.LogOption,string,UnityEngine.Object)
UnityEngine.DebugLogHandler:LogFormat (UnityEngine.LogType,UnityEngine.Object,string,object[])
UnityEngine.Logger:Log (UnityEngine.LogType,object)
UnityEngine.Debug:Log (object)
RISController:Start () (at Assets/Scripts/RISController.cs:18)

(Filename: Assets/Scripts/RISController.cs Line: 18)

Number of RIS Elements: 16
UnityEngine.Debug:ExtractStackTraceNoAlloc (byte*,int,string)
UnityEngine.StackTraceUtility:ExtractStackTrace ()
UnityEngine.DebugLogHandler:Internal_Log (UnityEngine.LogType,UnityEngine.LogOption,string,UnityEngine.Object)
UnityEngine.DebugLogHandler:LogFormat (UnityEngine.LogType,UnityEngine.Object,string,object[])
UnityEngine.Logger:Log (UnityEngine.LogType,object)
UnityEngine.Debug:Log (object)
RISController:Start () (at Assets/Scripts/RISController.cs:19)

(Filename: Assets/Scripts/RISController.cs Line: 19)

RIS Phase System Ready
UnityEngine.Debug:ExtractStackTraceNoAlloc (byte*,int,string)
UnityEngine.StackTraceUtility:ExtractStackTrace ()
UnityEngine.DebugLogHandler:Internal_Log (UnityEngine.LogType,UnityEngine.LogOption,string,UnityEngine.Object)
UnityEngine.DebugLogHandler:LogFormat (UnityEngine.LogType,UnityEngine.Object,string,object[])
UnityEngine.Logger:Log (UnityEngine.LogType,object)
UnityEngine.Debug:Log (object)
RISController:Start () (at Assets/Scripts/RISController.cs:36)

(Filename: Assets/Scripts/RISController.cs Line: 36)

[Licensing::Client] Successfully resolved entitlement details
[Licensing::Client] Successfully resolved entitlement details
[Licensing::Client] Successfully resolved entitlement details
Asset Pipeline Refresh (id=b0e739b1e22473c4e99cd7105510a13e): Total: 0.013 seconds - Initiated by RefreshV2(NoUpdateAssetOptions)
Asset Pipeline Refresh (id=d44169a47636aa546a0cc1f547a82612): Total: 0.004 seconds - Initiated by RefreshV2(NoUpdateAssetOptions)
Unloading 0 Unused Serialized files (Serialized files now loaded: 0)
Loaded scene 'Temp/__Backupscenes/0.backup'
	Deserialize:            1.990 ms
	Integration:            288.746 ms
	Integration of assets:  0.003 ms
	Thread Wait Time:       0.006 ms
	Total Operation Time:   290.744 ms
Unloading 13 unused Assets / (292.3 KB). Loaded Objects now: 8798.
Memory consumption went from 0.66 GB to 0.66 GB.
Total: 21.227300 ms (FindLiveObjects: 0.637100 ms CreateObjectMapping: 1.131200 ms MarkObjects: 19.297400 ms  DeleteObjects: 0.159400 ms)

[Licensing::Client] Successfully resolved entitlement details
[ScriptCompilation] Requested script compilation because: AssetDatabase observed changes in script compilation related files
Asset Pipeline Refresh (id=cdf81326d274fef4cba8063922cb5db3): Total: 0.121 seconds - Initiated by RefreshV2(NoUpdateAssetOptions)
info: Microsoft.AspNetCore.Hosting.Diagnostics[1]
      Request starting HTTP/2 POST http://ilpp/UnityILPP.PostProcessing/Ping - application/grpc -
info: Microsoft.AspNetCore.Routing.EndpointMiddleware[0]
      Executing endpoint 'gRPC - /UnityILPP.PostProcessing/Ping'
info: Microsoft.AspNetCore.Routing.EndpointMiddleware[1]
      Executed endpoint 'gRPC - /UnityILPP.PostProcessing/Ping'
info: Microsoft.AspNetCore.Hosting.Diagnostics[2]
      Request finished HTTP/2 POST http://ilpp/UnityILPP.PostProcessing/Ping - 200 - application/grpc 0.3513ms
Starting: C:\Program Files\Unity\Hub\Editor\6000.5.6f1\Editor\Data\Tools\BuildPipeline\bee_backend.exe --ipc --defer-dag-verification --dagfile="Library/Bee/1900b0aE.dag" --continue-on-failure --profile="Library/Bee/backend1.traceevents" ScriptAssemblies
WorkingDir: D:/Private/unity projects/graduation project
info: Microsoft.AspNetCore.Hosting.Diagnostics[1]
      Request starting HTTP/2 POST http://ilpp/UnityILPP.PostProcessing/ConfigurePostProcessors - application/grpc -
info: Microsoft.AspNetCore.Routing.EndpointMiddleware[0]
      Executing endpoint 'gRPC - /UnityILPP.PostProcessing/ConfigurePostProcessors'
info: Unity.ILPP.Runner.PostProcessingAssemblyLoadContext[0]
      Current configuration matches the requested one, skipping
info: Microsoft.AspNetCore.Routing.EndpointMiddleware[1]
      Executed endpoint 'gRPC - /UnityILPP.PostProcessing/ConfigurePostProcessors'
info: Microsoft.AspNetCore.Hosting.Diagnostics[2]
      Request finished HTTP/2 POST http://ilpp/UnityILPP.PostProcessing/ConfigurePostProcessors - 200 - application/grpc 1.4160ms
info: Microsoft.AspNetCore.Hosting.Diagnostics[1]
      Request starting HTTP/2 POST http://ilpp/UnityILPP.PostProcessing/PostProcessAssembly - application/grpc -
info: Microsoft.AspNetCore.Routing.EndpointMiddleware[0]
      Executing endpoint 'gRPC - /UnityILPP.PostProcessing/PostProcessAssembly'
info: Microsoft.AspNetCore.Hosting.Diagnostics[1]
      Request starting HTTP/2 POST http://ilpp/UnityILPP.PostProcessing/PostProcessAssembly - application/grpc -
info: Microsoft.AspNetCore.Routing.EndpointMiddleware[0]
      Executing endpoint 'gRPC - /UnityILPP.PostProcessing/PostProcessAssembly'
info: Unity.ILPP.Runner.PostProcessingPipeline[0]
      Processing assembly Library/Bee/artifacts/1900b0aE.dag/Assembly-CSharp-Editor.dll, with 140 defines and 362 references
info: Unity.ILPP.Runner.PostProcessingPipeline[0]
      Processing assembly Library/Bee/artifacts/1900b0aE.dag/Assembly-CSharp.dll, with 142 defines and 339 references
info: Unity.ILPP.Runner.PostProcessingPipeline[0]
      processors: Unity.Jobs.CodeGen.JobsILPostProcessor, zzzUnity.Burst.CodeGen.BurstILPostProcessor
info: Unity.ILPP.Runner.PostProcessingPipeline[0]
      processors: Unity.Jobs.CodeGen.JobsILPostProcessor, zzzUnity.Burst.CodeGen.BurstILPostProcessor
info: Unity.ILPP.Runner.PostProcessingPipeline[0]
      running Unity.Jobs.CodeGen.JobsILPostProcessor
info: Unity.ILPP.Runner.PostProcessingPipeline[0]
      running Unity.Jobs.CodeGen.JobsILPostProcessor
info: Unity.ILPP.Runner.PostProcessingPipeline[0]
      running zzzUnity.Burst.CodeGen.BurstILPostProcessor
info: Unity.ILPP.Runner.PostProcessingPipeline[0]
      running zzzUnity.Burst.CodeGen.BurstILPostProcessor
info: Microsoft.AspNetCore.Routing.EndpointMiddleware[1]
      Executed endpoint 'gRPC - /UnityILPP.PostProcessing/PostProcessAssembly'
info: Microsoft.AspNetCore.Hosting.Diagnostics[2]
      Request finished HTTP/2 POST http://ilpp/UnityILPP.PostProcessing/PostProcessAssembly - 200 - application/grpc 38.7415ms
info: Microsoft.AspNetCore.Routing.EndpointMiddleware[1]
      Executed endpoint 'gRPC - /UnityILPP.PostProcessing/PostProcessAssembly'
info: Microsoft.AspNetCore.Hosting.Diagnostics[2]
      Request finished HTTP/2 POST http://ilpp/UnityILPP.PostProcessing/PostProcessAssembly - 200 - application/grpc 47.2672ms
ExitCode: 0 Duration: 0s517ms
[736/937    0s] ILPP-Configuration Library/ilpp-configuration.nevergeneratedoutput
[929/937    0s] Csc Library/Bee/artifacts/1900b0aE.dag/Assembly-CSharp.dll (+2 others)
[931/937    0s] ILPostProcess Library/Bee/artifacts/1900b0aE.dag/post-processed/Assembly-CSharp-Editor.dll (+pdb)
Processing assembly Library/Bee/artifacts/1900b0aE.dag/Assembly-CSharp-Editor.dll, with 140 defines and 362 references

processors: Unity.Jobs.CodeGen.JobsILPostProcessor, zzzUnity.Burst.CodeGen.BurstILPostProcessor

running Unity.Jobs.CodeGen.JobsILPostProcessor

running zzzUnity.Burst.CodeGen.BurstILPostProcessor
[932/937    0s] ILPostProcess Library/Bee/artifacts/1900b0aE.dag/post-processed/Assembly-CSharp.dll (+pdb)
Processing assembly Library/Bee/artifacts/1900b0aE.dag/Assembly-CSharp.dll, with 142 defines and 339 references

processors: Unity.Jobs.CodeGen.JobsILPostProcessor, zzzUnity.Burst.CodeGen.BurstILPostProcessor

running Unity.Jobs.CodeGen.JobsILPostProcessor

running zzzUnity.Burst.CodeGen.BurstILPostProcessor
[935/937    0s] CopyFiles Library/ScriptAssemblies/Assembly-CSharp.dll
[936/937    0s] CopyFiles Library/ScriptAssemblies/Assembly-CSharp.pdb
*** Tundra build success (0.48 seconds), 6 items updated, 937 evaluated
Reloading assemblies after finishing script compilation.
Reloading assemblies after forced synchronous recompile.
Begin MonoManager ReloadAssembly
Total cache size 267245200
Total cache size after purge 267245200, took 00:00:00.5986433
Native extension for WindowsStandalone target not found
Native extension for WebGL target not found
[MODES] ModeService[none].Initialize
[MODES] ModeService[none].LoadModes
ScheduleIndexationOnStartup MainProcess:True IndexOnStartup:True
Mono: successfully reloaded assembly
- Finished resetting the current domain, in  2.471 seconds
Domain Reload Profiling: 4259ms
	BeginReloadAssembly (1244ms)
		DisableScriptedObjects (254ms)
		CreateAndSetChildDomain (574ms)
	RebuildCommonClasses (14ms)
	RebuildNativeTypeToScriptingClass (21ms)
	initialDomainReloadingComplete (67ms)
	LoadAllAssembliesAndSetupDomain (442ms)
		LoadAssemblies (168ms)
		AnalyzeDomain (269ms)
			TypeCache.Refresh (11ms)
			BuildScriptInfoCaches (222ms)
			ResolveRequiredComponents (31ms)
	FinalizeReload (2472ms)
		SetupLoadedEditorAssemblies (0ms)
			BeforeProcessingInitializeOnLoad (233ms)
			ProcessInitializeOnLoadAttributes (536ms)
			ProcessInitializeOnLoadMethodAttributes (188ms)
			AfterProcessingInitializeOnLoad (8ms)
		AwakeInstancesAfterBackupRestoration (815ms)

Asset Pipeline Refresh (id=5f5da50a14bcfed4bb93adfc4ace1e09): Total: 4.549 seconds - Initiated by StopAssetImportingV2(ForceSynchronousImport | ForceDomainReload)
	(Values over 0.05ms)
	Summary:
		Imports: total=0 (actual=0, local cache=0, cache server=0)
		Asset DB Process Time: managed=0 ms, native=2626 ms
		Asset DB Callback time: managed=46 ms, native=0 ms
		Scripting: domain reloads=1, domain reload time=1874 ms, compile time=2 ms, other=0 ms
		Project Asset Count: scripts=1362, non-scripts=2318
		Asset File Changes: new=0, changed=0, moved=0, deleted=0
		Scan Filter Count: 0
	InvokePackagesCallback: 2.213ms
	ApplyChangesToAssetFolders: 0.477ms
	Collect global state as custom dependencies: 3.399ms
	ProcessAssetsWithTransientArtifactChanges: 6.846ms
	CategorizeAssets: 54.969ms
	CompileScripts: 1.508ms
	ImportOutOfDateAssets: 2520.825ms (2485.921ms without children)
		CollectScriptTypesHashes: 1.395ms
		ReloadNativeAssets: 1.214ms
		UnloadImportedAssets: 0.353ms
		EnsureUptoDateAssetsAreRegisteredWithGuidPM: 0.861ms
		ImportSchedulerStart: 32.445ms
	PostProcessAllAssets: 46.231ms
		MonoPostProcessAllAssets: 46.226ms
			UniversalRenderPipelineGlobalSettingsPostprocessor.OnPostprocessAllAssets 16.714ms
			AssetChangedListener.OnPostprocessAllAssets 6.646ms
			BuilderAssetPostprocessor.OnPostprocessAllAssets 6.595ms
			AssetPostprocessor.OnPostprocessAllAssets 4.429ms
			SyncVS.PostprocessSyncProject 3.913ms
			WindowAssetPostprocessingWatcher.OnPostprocessAllAssets 3.403ms
			SpeedTree9Postprocessor.OnPostprocessAllAssets 2.255ms
			ShaderGraphAssetPostProcessor.OnPostprocessAllAssets 1.894ms
			EditModeScopePostprocessor.OnPostprocessAllAssets 1.406ms
			RetainedModeAssetPostprocessor.OnPostprocessAllAssets 1.325ms
			ProjectSettingsPostprocessor.OnPostprocessAllAssets 1.044ms
			RenderPipelineGlobalSettingsPostprocessor.OnPostprocessAllAssets 1.036ms
			TMPro_TexturePostProcessor.OnPostprocessAllAssets 0.673ms
			PostProcessor.OnPostprocessAllAssets 0.658ms
			ArtifactBrowserPostProcessor.OnPostprocessAllAssets 0.583ms
			MaterialPostprocessor.OnPostprocessAllAssets 0.556ms
			TextAssetPostProcessor.OnPostprocessAllAssets 0.429ms
			AudioMixerPostprocessor.OnPostprocessAllAssets 0.420ms
			ShaderReflectionAssetPostProcessor.OnPostprocessAllAssets 0.409ms
			SpeedTreePostProcessor.OnPostprocessAllAssets 0.403ms
			ReferencedClipsPostProcessor.OnPostprocessAllAssets 0.397ms
			UVCSAssetPostprocessor.OnPostprocessAllAssets 0.378ms
			InputActionAssetPostprocessor.OnPostprocessAllAssets 0.341ms
			AssetEvents.OnPostprocessAllAssets 0.322ms
			SampleDependencyImporterPostProcessor.OnPostprocessAllAssets 0.320ms
			InputActionJsonNameModifierAssetProcessor.OnPostprocessAllAssets 0.307ms
			StyleCatalogPostProcessor.OnPostprocessAllAssets 0.262ms
			AssetDatabaseCallbacks.OnPostprocessAllAssets 0.227ms
			TerrainToolbarOverlayPostProcessor.OnPostprocessAllAssets 0.197ms
			SamplePostprocessor.OnPostprocessAllAssets 0.163ms
			ScenarioDriftAssetsTracker.OnPostprocessAllAssets 0.161ms
			ConfigAssetsTracker.OnPostprocessAllAssets 0.143ms
			AssetReloadNotifier.OnPostprocessAllAssets 0.126ms
			AudioContainerPostProcessor.OnPostprocessAllAssets 0.088ms
	GatherAllCurrentPrimaryImportResultRevisions: 0.228ms
	PersistCurrentRevisions: 0.189ms
	GenerateScriptTypeHashes: 2.680ms
	GenerateScriptTypeSerializationHashes: 4.491ms
	Untracked: 1908.083ms

[Licensing::Client] Successfully resolved entitlement details
[Licensing::Client] Successfully resolved entitlement details
Asset Pipeline Refresh (id=5aee46728c350e04faa8f057d01faca7): Total: 0.014 seconds - Initiated by RefreshV2(AllowForceSynchronousImport)
[Licensing::Client] Successfully resolved entitlement details
Reloading assemblies for play mode.
Reloading assemblies after forced synchronous recompile.
[Licensing::Client] Successfully resolved entitlement details
Begin MonoManager ReloadAssembly
Native extension for WindowsStandalone target not found
Native extension for WebGL target not found
ScheduleIndexationOnStartup MainProcess:True IndexOnStartup:True
[MODES] ModeService[none].Initialize
[MODES] ModeService[none].LoadModes
Mono: successfully reloaded assembly
- Finished resetting the current domain, in  2.478 seconds
Domain Reload Profiling: 3675ms
	BeginReloadAssembly (885ms)
		DisableScriptedObjects (126ms)
		CreateAndSetChildDomain (549ms)
	RebuildCommonClasses (13ms)
	RebuildNativeTypeToScriptingClass (20ms)
	initialDomainReloadingComplete (66ms)
	LoadAllAssembliesAndSetupDomain (211ms)
		LoadAssemblies (153ms)
		AnalyzeDomain (42ms)
			TypeCache.Refresh (7ms)
			ResolveRequiredComponents (30ms)
	FinalizeReload (2480ms)
		SetupLoadedEditorAssemblies (0ms)
			BeforeProcessingInitializeOnLoad (111ms)
			ProcessInitializeOnLoadAttributes (545ms)
			ProcessInitializeOnLoadMethodAttributes (183ms)
			AfterProcessingInitializeOnLoad (7ms)
		AwakeInstancesAfterBackupRestoration (884ms)

Asset Pipeline Refresh (id=dea93d35357351148a29ba0801455108): Total: 3.929 seconds - Initiated by StopAssetImportingV2(ForceSynchronousImport | ForceDomainReload)
	(Values over 0.05ms)
	Summary:
		Imports: total=0 (actual=0, local cache=0, cache server=0)
		Asset DB Process Time: managed=0 ms, native=2638 ms
		Asset DB Callback time: managed=34 ms, native=0 ms
		Scripting: domain reloads=1, domain reload time=1254 ms, compile time=2 ms, other=0 ms
		Project Asset Count: scripts=1362, non-scripts=2318
		Asset File Changes: new=0, changed=0, moved=0, deleted=0
		Scan Filter Count: 0
	InvokePackagesCallback: 2.067ms
	ApplyChangesToAssetFolders: 0.366ms
	Collect global state as custom dependencies: 3.059ms
	ProcessAssetsWithTransientArtifactChanges: 0.272ms
	CategorizeAssets: 65.484ms
	CompileScripts: 1.558ms
	ImportOutOfDateAssets: 2529.279ms (2493.114ms without children)
		CollectScriptTypesHashes: 0.968ms
		ReloadNativeAssets: 2.521ms
		UnloadImportedAssets: 0.252ms
		EnsureUptoDateAssetsAreRegisteredWithGuidPM: 0.771ms
		ImportSchedulerStart: 32.589ms
	PostProcessAllAssets: 34.579ms
		MonoPostProcessAllAssets: 34.575ms
			UniversalRenderPipelineGlobalSettingsPostprocessor.OnPostprocessAllAssets 11.738ms
			AssetChangedListener.OnPostprocessAllAssets 6.646ms
			BuilderAssetPostprocessor.OnPostprocessAllAssets 6.595ms
			AssetPostprocessor.OnPostprocessAllAssets 4.429ms
			SyncVS.PostprocessSyncProject 3.558ms
			WindowAssetPostprocessingWatcher.OnPostprocessAllAssets 2.506ms
			SpeedTree9Postprocessor.OnPostprocessAllAssets 2.345ms
			ShaderGraphAssetPostProcessor.OnPostprocessAllAssets 1.894ms
			RetainedModeAssetPostprocessor.OnPostprocessAllAssets 1.325ms
			ProjectSettingsPostprocessor.OnPostprocessAllAssets 0.916ms
			RenderPipelineGlobalSettingsPostprocessor.OnPostprocessAllAssets 0.798ms
			TMPro_TexturePostProcessor.OnPostprocessAllAssets 0.673ms
			PostProcessor.OnPostprocessAllAssets 0.658ms
			ArtifactBrowserPostProcessor.OnPostprocessAllAssets 0.583ms
			ShaderReflectionAssetPostProcessor.OnPostprocessAllAssets 0.563ms
			MaterialPostprocessor.OnPostprocessAllAssets 0.556ms
			TextAssetPostProcessor.OnPostprocessAllAssets 0.429ms
			EditModeScopePostprocessor.OnPostprocessAllAssets 0.428ms
			AudioMixerPostprocessor.OnPostprocessAllAssets 0.420ms
			SpeedTreePostProcessor.OnPostprocessAllAssets 0.403ms
			UVCSAssetPostprocessor.OnPostprocessAllAssets 0.378ms
			InputActionAssetPostprocessor.OnPostprocessAllAssets 0.340ms
			ReferencedClipsPostProcessor.OnPostprocessAllAssets 0.331ms
			AssetEvents.OnPostprocessAllAssets 0.322ms
			SampleDependencyImporterPostProcessor.OnPostprocessAllAssets 0.320ms
			InputActionJsonNameModifierAssetProcessor.OnPostprocessAllAssets 0.307ms
			StyleCatalogPostProcessor.OnPostprocessAllAssets 0.262ms
			AssetDatabaseCallbacks.OnPostprocessAllAssets 0.184ms
			TerrainToolbarOverlayPostProcessor.OnPostprocessAllAssets 0.180ms
			SamplePostprocessor.OnPostprocessAllAssets 0.163ms
			ScenarioDriftAssetsTracker.OnPostprocessAllAssets 0.161ms
			ConfigAssetsTracker.OnPostprocessAllAssets 0.143ms
			AssetReloadNotifier.OnPostprocessAllAssets 0.126ms
			AudioContainerPostProcessor.OnPostprocessAllAssets 0.088ms
	GatherAllCurrentPrimaryImportResultRevisions: 0.137ms
	PersistCurrentRevisions: 0.102ms
	GenerateScriptTypeHashes: 3.944ms
	GenerateScriptTypeSerializationHashes: 6.104ms
	Untracked: 1287.003ms

Loaded scene 'Temp/__Backupscenes/0.backup'
	Deserialize:            1.565 ms
	Integration:            344.971 ms
	Integration of assets:  0.003 ms
	Thread Wait Time:       0.005 ms
	Total Operation Time:   346.543 ms
RIS Controller Started
UnityEngine.Debug:ExtractStackTraceNoAlloc (byte*,int,string)
UnityEngine.StackTraceUtility:ExtractStackTrace ()
UnityEngine.DebugLogHandler:Internal_Log (UnityEngine.LogType,UnityEngine.LogOption,string,UnityEngine.Object)
UnityEngine.DebugLogHandler:LogFormat (UnityEngine.LogType,UnityEngine.Object,string,object[])
UnityEngine.Logger:Log (UnityEngine.LogType,object)
UnityEngine.Debug:Log (object)
RISController:Start () (at Assets/Scripts/RISController.cs:18)

(Filename: Assets/Scripts/RISController.cs Line: 18)

Number of RIS Elements: 16
UnityEngine.Debug:ExtractStackTraceNoAlloc (byte*,int,string)
UnityEngine.StackTraceUtility:ExtractStackTrace ()
UnityEngine.DebugLogHandler:Internal_Log (UnityEngine.LogType,UnityEngine.LogOption,string,UnityEngine.Object)
UnityEngine.DebugLogHandler:LogFormat (UnityEngine.LogType,UnityEngine.Object,string,object[])
UnityEngine.Logger:Log (UnityEngine.LogType,object)
UnityEngine.Debug:Log (object)
RISController:Start () (at Assets/Scripts/RISController.cs:19)

(Filename: Assets/Scripts/RISController.cs Line: 19)

RIS Phase System Ready
UnityEngine.Debug:ExtractStackTraceNoAlloc (byte*,int,string)
UnityEngine.StackTraceUtility:ExtractStackTrace ()
UnityEngine.DebugLogHandler:Internal_Log (UnityEngine.LogType,UnityEngine.LogOption,string,UnityEngine.Object)
UnityEngine.DebugLogHandler:LogFormat (UnityEngine.LogType,UnityEngine.Object,string,object[])
UnityEngine.Logger:Log (UnityEngine.LogType,object)
UnityEngine.Debug:Log (object)
RISController:Start () (at Assets/Scripts/RISController.cs:33)

(Filename: Assets/Scripts/RISController.cs Line: 33)

Element 1 Phase = 90°
UnityEngine.Debug:ExtractStackTraceNoAlloc (byte*,int,string)
UnityEngine.StackTraceUtility:ExtractStackTrace ()
UnityEngine.DebugLogHandler:Internal_Log (UnityEngine.LogType,UnityEngine.LogOption,string,UnityEngine.Object)
UnityEngine.DebugLogHandler:LogFormat (UnityEngine.LogType,UnityEngine.Object,string,object[])
UnityEngine.Logger:Log (UnityEngine.LogType,object)
UnityEngine.Debug:Log (object)
RISController:SetPhase (int,single) (at Assets/Scripts/RISController.cs:74)
RISController:SetAllPhases (single[]) (at Assets/Scripts/RISController.cs:91)
RISController:Start () (at Assets/Scripts/RISController.cs:50)

(Filename: Assets/Scripts/RISController.cs Line: 74)

Element 2 Phase = 0°
UnityEngine.Debug:ExtractStackTraceNoAlloc (byte*,int,string)
UnityEngine.StackTraceUtility:ExtractStackTrace ()
UnityEngine.DebugLogHandler:Internal_Log (UnityEngine.LogType,UnityEngine.LogOption,string,UnityEngine.Object)
UnityEngine.DebugLogHandler:LogFormat (UnityEngine.LogType,UnityEngine.Object,string,object[])
UnityEngine.Logger:Log (UnityEngine.LogType,object)
UnityEngine.Debug:Log (object)
RISController:SetPhase (int,single) (at Assets/Scripts/RISController.cs:74)
RISController:SetAllPhases (single[]) (at Assets/Scripts/RISController.cs:91)
RISController:Start () (at Assets/Scripts/RISController.cs:50)

(Filename: Assets/Scripts/RISController.cs Line: 74)

Element 3 Phase = 0°
UnityEngine.Debug:ExtractStackTraceNoAlloc (byte*,int,string)
UnityEngine.StackTraceUtility:ExtractStackTrace ()
UnityEngine.DebugLogHandler:Internal_Log (UnityEngine.LogType,UnityEngine.LogOption,string,UnityEngine.Object)
UnityEngine.DebugLogHandler:LogFormat (UnityEngine.LogType,UnityEngine.Object,string,object[])
UnityEngine.Logger:Log (UnityEngine.LogType,object)
UnityEngine.Debug:Log (object)
RISController:SetPhase (int,single) (at Assets/Scripts/RISController.cs:74)
RISController:SetAllPhases (single[]) (at Assets/Scripts/RISController.cs:91)
RISController:Start () (at Assets/Scripts/RISController.cs:50)

(Filename: Assets/Scripts/RISController.cs Line: 74)

Element 4 Phase = 0°
UnityEngine.Debug:ExtractStackTraceNoAlloc (byte*,int,string)
UnityEngine.StackTraceUtility:ExtractStackTrace ()
UnityEngine.DebugLogHandler:Internal_Log (UnityEngine.LogType,UnityEngine.LogOption,string,UnityEngine.Object)
UnityEngine.DebugLogHandler:LogFormat (UnityEngine.LogType,UnityEngine.Object,string,object[])
UnityEngine.Logger:Log (UnityEngine.LogType,object)
UnityEngine.Debug:Log (object)
RISController:SetPhase (int,single) (at Assets/Scripts/RISController.cs:74)
RISController:SetAllPhases (single[]) (at Assets/Scripts/RISController.cs:91)
RISController:Start () (at Assets/Scripts/RISController.cs:50)

(Filename: Assets/Scripts/RISController.cs Line: 74)

Element 5 Phase = 0°
UnityEngine.Debug:ExtractStackTraceNoAlloc (byte*,int,string)
UnityEngine.StackTraceUtility:ExtractStackTrace ()
UnityEngine.DebugLogHandler:Internal_Log (UnityEngine.LogType,UnityEngine.LogOption,string,UnityEngine.Object)
UnityEngine.DebugLogHandler:LogFormat (UnityEngine.LogType,UnityEngine.Object,string,object[])
UnityEngine.Logger:Log (UnityEngine.LogType,object)
UnityEngine.Debug:Log (object)
RISController:SetPhase (int,single) (at Assets/Scripts/RISController.cs:74)
RISController:SetAllPhases (single[]) (at Assets/Scripts/RISController.cs:91)
RISController:Start () (at Assets/Scripts/RISController.cs:50)

(Filename: Assets/Scripts/RISController.cs Line: 74)

Element 6 Phase = 0°
UnityEngine.Debug:ExtractStackTraceNoAlloc (byte*,int,string)
UnityEngine.StackTraceUtility:ExtractStackTrace ()
UnityEngine.DebugLogHandler:Internal_Log (UnityEngine.LogType,UnityEngine.LogOption,string,UnityEngine.Object)
UnityEngine.DebugLogHandler:LogFormat (UnityEngine.LogType,UnityEngine.Object,string,object[])
UnityEngine.Logger:Log (UnityEngine.LogType,object)
UnityEngine.Debug:Log (object)
RISController:SetPhase (int,single) (at Assets/Scripts/RISController.cs:74)
RISController:SetAllPhases (single[]) (at Assets/Scripts/RISController.cs:91)
RISController:Start () (at Assets/Scripts/RISController.cs:50)

(Filename: Assets/Scripts/RISController.cs Line: 74)

Element 7 Phase = 0°
UnityEngine.Debug:ExtractStackTraceNoAlloc (byte*,int,string)
UnityEngine.StackTraceUtility:ExtractStackTrace ()
UnityEngine.DebugLogHandler:Internal_Log (UnityEngine.LogType,UnityEngine.LogOption,string,UnityEngine.Object)
UnityEngine.DebugLogHandler:LogFormat (UnityEngine.LogType,UnityEngine.Object,string,object[])
UnityEngine.Logger:Log (UnityEngine.LogType,object)
UnityEngine.Debug:Log (object)
RISController:SetPhase (int,single) (at Assets/Scripts/RISController.cs:74)
RISController:SetAllPhases (single[]) (at Assets/Scripts/RISController.cs:91)
RISController:Start () (at Assets/Scripts/RISController.cs:50)

(Filename: Assets/Scripts/RISController.cs Line: 74)

Element 8 Phase = 0°
UnityEngine.Debug:ExtractStackTraceNoAlloc (byte*,int,string)
UnityEngine.StackTraceUtility:ExtractStackTrace ()
UnityEngine.DebugLogHandler:Internal_Log (UnityEngine.LogType,UnityEngine.LogOption,string,UnityEngine.Object)
UnityEngine.DebugLogHandler:LogFormat (UnityEngine.LogType,UnityEngine.Object,string,object[])
UnityEngine.Logger:Log (UnityEngine.LogType,object)
UnityEngine.Debug:Log (object)
RISController:SetPhase (int,single) (at Assets/Scripts/RISController.cs:74)
RISController:SetAllPhases (single[]) (at Assets/Scripts/RISController.cs:91)
RISController:Start () (at Assets/Scripts/RISController.cs:50)

(Filename: Assets/Scripts/RISController.cs Line: 74)

Element 9 Phase = 0°
UnityEngine.Debug:ExtractStackTraceNoAlloc (byte*,int,string)
UnityEngine.StackTraceUtility:ExtractStackTrace ()
UnityEngine.DebugLogHandler:Internal_Log (UnityEngine.LogType,UnityEngine.LogOption,string,UnityEngine.Object)
UnityEngine.DebugLogHandler:LogFormat (UnityEngine.LogType,UnityEngine.Object,string,object[])
UnityEngine.Logger:Log (UnityEngine.LogType,object)
UnityEngine.Debug:Log (object)
RISController:SetPhase (int,single) (at Assets/Scripts/RISController.cs:74)
RISController:SetAllPhases (single[]) (at Assets/Scripts/RISController.cs:91)
RISController:Start () (at Assets/Scripts/RISController.cs:50)

(Filename: Assets/Scripts/RISController.cs Line: 74)

Element 10 Phase = 0°
UnityEngine.Debug:ExtractStackTraceNoAlloc (byte*,int,string)
UnityEngine.StackTraceUtility:ExtractStackTrace ()
UnityEngine.DebugLogHandler:Internal_Log (UnityEngine.LogType,UnityEngine.LogOption,string,UnityEngine.Object)
UnityEngine.DebugLogHandler:LogFormat (UnityEngine.LogType,UnityEngine.Object,string,object[])
UnityEngine.Logger:Log (UnityEngine.LogType,object)
UnityEngine.Debug:Log (object)
RISController:SetPhase (int,single) (at Assets/Scripts/RISController.cs:74)
RISController:SetAllPhases (single[]) (at Assets/Scripts/RISController.cs:91)
RISController:Start () (at Assets/Scripts/RISController.cs:50)

(Filename: Assets/Scripts/RISController.cs Line: 74)

Element 11 Phase = 0°
UnityEngine.Debug:ExtractStackTraceNoAlloc (byte*,int,string)
UnityEngine.StackTraceUtility:ExtractStackTrace ()
UnityEngine.DebugLogHandler:Internal_Log (UnityEngine.LogType,UnityEngine.LogOption,string,UnityEngine.Object)
UnityEngine.DebugLogHandler:LogFormat (UnityEngine.LogType,UnityEngine.Object,string,object[])
UnityEngine.Logger:Log (UnityEngine.LogType,object)
UnityEngine.Debug:Log (object)
RISController:SetPhase (int,single) (at Assets/Scripts/RISController.cs:74)
RISController:SetAllPhases (single[]) (at Assets/Scripts/RISController.cs:91)
RISController:Start () (at Assets/Scripts/RISController.cs:50)

(Filename: Assets/Scripts/RISController.cs Line: 74)

Element 12 Phase = 0°
UnityEngine.Debug:ExtractStackTraceNoAlloc (byte*,int,string)
UnityEngine.StackTraceUtility:ExtractStackTrace ()
UnityEngine.DebugLogHandler:Internal_Log (UnityEngine.LogType,UnityEngine.LogOption,string,UnityEngine.Object)
UnityEngine.DebugLogHandler:LogFormat (UnityEngine.LogType,UnityEngine.Object,string,object[])
UnityEngine.Logger:Log (UnityEngine.LogType,object)
UnityEngine.Debug:Log (object)
RISController:SetPhase (int,single) (at Assets/Scripts/RISController.cs:74)
RISController:SetAllPhases (single[]) (at Assets/Scripts/RISController.cs:91)
RISController:Start () (at Assets/Scripts/RISController.cs:50)

(Filename: Assets/Scripts/RISController.cs Line: 74)

Element 13 Phase = 0°
UnityEngine.Debug:ExtractStackTraceNoAlloc (byte*,int,string)
UnityEngine.StackTraceUtility:ExtractStackTrace ()
UnityEngine.DebugLogHandler:Internal_Log (UnityEngine.LogType,UnityEngine.LogOption,string,UnityEngine.Object)
UnityEngine.DebugLogHandler:LogFormat (UnityEngine.LogType,UnityEngine.Object,string,object[])
UnityEngine.Logger:Log (UnityEngine.LogType,object)
UnityEngine.Debug:Log (object)
RISController:SetPhase (int,single) (at Assets/Scripts/RISController.cs:74)
RISController:SetAllPhases (single[]) (at Assets/Scripts/RISController.cs:91)
RISController:Start () (at Assets/Scripts/RISController.cs:50)

(Filename: Assets/Scripts/RISController.cs Line: 74)

Element 14 Phase = 0°
UnityEngine.Debug:ExtractStackTraceNoAlloc (byte*,int,string)
UnityEngine.StackTraceUtility:ExtractStackTrace ()
UnityEngine.DebugLogHandler:Internal_Log (UnityEngine.LogType,UnityEngine.LogOption,string,UnityEngine.Object)
UnityEngine.DebugLogHandler:LogFormat (UnityEngine.LogType,UnityEngine.Object,string,object[])
UnityEngine.Logger:Log (UnityEngine.LogType,object)
UnityEngine.Debug:Log (object)
RISController:SetPhase (int,single) (at Assets/Scripts/RISController.cs:74)
RISController:SetAllPhases (single[]) (at Assets/Scripts/RISController.cs:91)
RISController:Start () (at Assets/Scripts/RISController.cs:50)

(Filename: Assets/Scripts/RISController.cs Line: 74)

Element 15 Phase = 0°
UnityEngine.Debug:ExtractStackTraceNoAlloc (byte*,int,string)
UnityEngine.StackTraceUtility:ExtractStackTrace ()
UnityEngine.DebugLogHandler:Internal_Log (UnityEngine.LogType,UnityEngine.LogOption,string,UnityEngine.Object)
UnityEngine.DebugLogHandler:LogFormat (UnityEngine.LogType,UnityEngine.Object,string,object[])
UnityEngine.Logger:Log (UnityEngine.LogType,object)
UnityEngine.Debug:Log (object)
RISController:SetPhase (int,single) (at Assets/Scripts/RISController.cs:74)
RISController:SetAllPhases (single[]) (at Assets/Scripts/RISController.cs:91)
RISController:Start () (at Assets/Scripts/RISController.cs:50)

(Filename: Assets/Scripts/RISController.cs Line: 74)

Element 16 Phase = 0°
UnityEngine.Debug:ExtractStackTraceNoAlloc (byte*,int,string)
UnityEngine.StackTraceUtility:ExtractStackTrace ()
UnityEngine.DebugLogHandler:Internal_Log (UnityEngine.LogType,UnityEngine.LogOption,string,UnityEngine.Object)
UnityEngine.DebugLogHandler:LogFormat (UnityEngine.LogType,UnityEngine.Object,string,object[])
UnityEngine.Logger:Log (UnityEngine.LogType,object)
UnityEngine.Debug:Log (object)
RISController:SetPhase (int,single) (at Assets/Scripts/RISController.cs:74)
RISController:SetAllPhases (single[]) (at Assets/Scripts/RISController.cs:91)
RISController:Start () (at Assets/Scripts/RISController.cs:50)

(Filename: Assets/Scripts/RISController.cs Line: 74)

RIS configuration updated successfully.
UnityEngine.Debug:ExtractStackTraceNoAlloc (byte*,int,string)
UnityEngine.StackTraceUtility:ExtractStackTrace ()
UnityEngine.DebugLogHandler:Internal_Log (UnityEngine.LogType,UnityEngine.LogOption,string,UnityEngine.Object)
UnityEngine.DebugLogHandler:LogFormat (UnityEngine.LogType,UnityEngine.Object,string,object[])
UnityEngine.Logger:Log (UnityEngine.LogType,object)
UnityEngine.Debug:Log (object)
RISController:SetAllPhases (single[]) (at Assets/Scripts/RISController.cs:94)
RISController:Start () (at Assets/Scripts/RISController.cs:50)

(Filename: Assets/Scripts/RISController.cs Line: 94)

[Licensing::Client] Successfully resolved entitlement details
[Licensing::Client] Successfully resolved entitlement details
[Licensing::Client] Successfully resolved entitlement details
Unloading 1 Unused Serialized files (Serialized files now loaded: 0)
Loaded scene 'Temp/__Backupscenes/0.backup'
	Deserialize:            1.586 ms
	Integration:            274.560 ms
	Integration of assets:  0.002 ms
	Thread Wait Time:       0.034 ms
	Total Operation Time:   276.182 ms
Unloading 14 unused Assets / (275.6 KB). Loaded Objects now: 8806.
Memory consumption went from 0.69 GB to 0.69 GB.
Total: 19.127700 ms (FindLiveObjects: 0.577300 ms CreateObjectMapping: 0.996800 ms MarkObjects: 17.359900 ms  DeleteObjects: 0.191500 ms)

[Licensing::Client] Successfully resolved entitlement details
Reloading assemblies for play mode.
Reloading assemblies after forced synchronous recompile.
[Licensing::Client] Successfully resolved entitlement details
Begin MonoManager ReloadAssembly
Native extension for WindowsStandalone target not found
Native extension for WebGL target not found
ScheduleIndexationOnStartup MainProcess:True IndexOnStartup:True
[MODES] ModeService[none].Initialize
[MODES] ModeService[none].LoadModes
Mono: successfully reloaded assembly
- Finished resetting the current domain, in  2.467 seconds
Domain Reload Profiling: 3678ms
	BeginReloadAssembly (896ms)
		DisableScriptedObjects (101ms)
		CreateAndSetChildDomain (563ms)
	RebuildCommonClasses (14ms)
	RebuildNativeTypeToScriptingClass (20ms)
	initialDomainReloadingComplete (68ms)
	LoadAllAssembliesAndSetupDomain (211ms)
		LoadAssemblies (157ms)
		AnalyzeDomain (42ms)
			TypeCache.Refresh (8ms)
			ResolveRequiredComponents (29ms)
	FinalizeReload (2469ms)
		SetupLoadedEditorAssemblies (0ms)
			InitializePlatformSupportModulesInManaged (3ms)
			BeforeProcessingInitializeOnLoad (112ms)
			ProcessInitializeOnLoadAttributes (534ms)
			ProcessInitializeOnLoadMethodAttributes (185ms)
			AfterProcessingInitializeOnLoad (7ms)
		AwakeInstancesAfterBackupRestoration (882ms)

Asset Pipeline Refresh (id=b075561ac89d97b44a8dead272b340f4): Total: 3.928 seconds - Initiated by StopAssetImportingV2(ForceSynchronousImport | ForceDomainReload)
	(Values over 0.05ms)
	Summary:
		Imports: total=0 (actual=0, local cache=0, cache server=0)
		Asset DB Process Time: managed=0 ms, native=2619 ms
		Asset DB Callback time: managed=40 ms, native=0 ms
		Scripting: domain reloads=1, domain reload time=1266 ms, compile time=2 ms, other=0 ms
		Project Asset Count: scripts=1362, non-scripts=2318
		Asset File Changes: new=0, changed=0, moved=0, deleted=0
		Scan Filter Count: 0
	InvokePackagesCallback: 1.837ms
	ApplyChangesToAssetFolders: 0.440ms
	Collect global state as custom dependencies: 3.408ms
	ProcessAssetsWithTransientArtifactChanges: 0.309ms
	CategorizeAssets: 54.104ms
	CompileScripts: 1.554ms
	ImportOutOfDateAssets: 2518.831ms (2483.629ms without children)
		CollectScriptTypesHashes: 1.013ms
		ReloadNativeAssets: 1.248ms
		UnloadImportedAssets: 0.325ms
		EnsureUptoDateAssetsAreRegisteredWithGuidPM: 0.823ms
		ImportSchedulerStart: 32.777ms
	PostProcessAllAssets: 40.333ms
		MonoPostProcessAllAssets: 40.327ms
			UniversalRenderPipelineGlobalSettingsPostprocessor.OnPostprocessAllAssets 11.723ms
			AssetChangedListener.OnPostprocessAllAssets 6.646ms
			BuilderAssetPostprocessor.OnPostprocessAllAssets 6.595ms
			AssetPostprocessor.OnPostprocessAllAssets 4.429ms
			SyncVS.PostprocessSyncProject 3.539ms
			SpeedTree9Postprocessor.OnPostprocessAllAssets 2.265ms
			WindowAssetPostprocessingWatcher.OnPostprocessAllAssets 2.206ms
			ShaderGraphAssetPostProcessor.OnPostprocessAllAssets 1.894ms
			RetainedModeAssetPostprocessor.OnPostprocessAllAssets 1.325ms
			ProjectSettingsPostprocessor.OnPostprocessAllAssets 0.855ms
			RenderPipelineGlobalSettingsPostprocessor.OnPostprocessAllAssets 0.839ms
			TMPro_TexturePostProcessor.OnPostprocessAllAssets 0.673ms
			PostProcessor.OnPostprocessAllAssets 0.658ms
			ArtifactBrowserPostProcessor.OnPostprocessAllAssets 0.583ms
			MaterialPostprocessor.OnPostprocessAllAssets 0.556ms
			ShaderReflectionAssetPostProcessor.OnPostprocessAllAssets 0.502ms
			TextAssetPostProcessor.OnPostprocessAllAssets 0.429ms
			AudioMixerPostprocessor.OnPostprocessAllAssets 0.420ms
			SpeedTreePostProcessor.OnPostprocessAllAssets 0.403ms
			UVCSAssetPostprocessor.OnPostprocessAllAssets 0.378ms
			InputActionAssetPostprocessor.OnPostprocessAllAssets 0.327ms
			EditModeScopePostprocessor.OnPostprocessAllAssets 0.323ms
			AssetEvents.OnPostprocessAllAssets 0.322ms
			SampleDependencyImporterPostProcessor.OnPostprocessAllAssets 0.320ms
			ReferencedClipsPostProcessor.OnPostprocessAllAssets 0.315ms
			InputActionJsonNameModifierAssetProcessor.OnPostprocessAllAssets 0.307ms
			StyleCatalogPostProcessor.OnPostprocessAllAssets 0.262ms
			TerrainToolbarOverlayPostProcessor.OnPostprocessAllAssets 0.176ms
			AssetDatabaseCallbacks.OnPostprocessAllAssets 0.168ms
			SamplePostprocessor.OnPostprocessAllAssets 0.163ms
			ScenarioDriftAssetsTracker.OnPostprocessAllAssets 0.161ms
			ConfigAssetsTracker.OnPostprocessAllAssets 0.143ms
			AssetReloadNotifier.OnPostprocessAllAssets 0.126ms
			AudioContainerPostProcessor.OnPostprocessAllAssets 0.088ms
	GatherAllCurrentPrimaryImportResultRevisions: 0.215ms
	PersistCurrentRevisions: 0.138ms
	GenerateScriptTypeHashes: 2.690ms
	GenerateScriptTypeSerializationHashes: 4.496ms
	Untracked: 1299.603ms

Loaded scene 'Temp/__Backupscenes/0.backup'
	Deserialize:            2.023 ms
	Integration:            364.757 ms
	Integration of assets:  0.003 ms
	Thread Wait Time:       0.006 ms
	Total Operation Time:   366.788 ms
RIS Controller Started
UnityEngine.Debug:ExtractStackTraceNoAlloc (byte*,int,string)
UnityEngine.StackTraceUtility:ExtractStackTrace ()
UnityEngine.DebugLogHandler:Internal_Log (UnityEngine.LogType,UnityEngine.LogOption,string,UnityEngine.Object)
UnityEngine.DebugLogHandler:LogFormat (UnityEngine.LogType,UnityEngine.Object,string,object[])
UnityEngine.Logger:Log (UnityEngine.LogType,object)
UnityEngine.Debug:Log (object)
RISController:Start () (at Assets/Scripts/RISController.cs:18)

(Filename: Assets/Scripts/RISController.cs Line: 18)

Number of RIS Elements: 16
UnityEngine.Debug:ExtractStackTraceNoAlloc (byte*,int,string)
UnityEngine.StackTraceUtility:ExtractStackTrace ()
UnityEngine.DebugLogHandler:Internal_Log (UnityEngine.LogType,UnityEngine.LogOption,string,UnityEngine.Object)
UnityEngine.DebugLogHandler:LogFormat (UnityEngine.LogType,UnityEngine.Object,string,object[])
UnityEngine.Logger:Log (UnityEngine.LogType,object)
UnityEngine.Debug:Log (object)
RISController:Start () (at Assets/Scripts/RISController.cs:19)

(Filename: Assets/Scripts/RISController.cs Line: 19)

RIS Phase System Ready
UnityEngine.Debug:ExtractStackTraceNoAlloc (byte*,int,string)
UnityEngine.StackTraceUtility:ExtractStackTrace ()
UnityEngine.DebugLogHandler:Internal_Log (UnityEngine.LogType,UnityEngine.LogOption,string,UnityEngine.Object)
UnityEngine.DebugLogHandler:LogFormat (UnityEngine.LogType,UnityEngine.Object,string,object[])
UnityEngine.Logger:Log (UnityEngine.LogType,object)
UnityEngine.Debug:Log (object)
RISController:Start () (at Assets/Scripts/RISController.cs:33)

(Filename: Assets/Scripts/RISController.cs Line: 33)

Element 1 Phase = 0°
UnityEngine.Debug:ExtractStackTraceNoAlloc (byte*,int,string)
UnityEngine.StackTraceUtility:ExtractStackTrace ()
UnityEngine.DebugLogHandler:Internal_Log (UnityEngine.LogType,UnityEngine.LogOption,string,UnityEngine.Object)
UnityEngine.DebugLogHandler:LogFormat (UnityEngine.LogType,UnityEngine.Object,string,object[])
UnityEngine.Logger:Log (UnityEngine.LogType,object)
UnityEngine.Debug:Log (object)
RISController:SetPhase (int,single) (at Assets/Scripts/RISController.cs:74)
RISController:SetAllPhases (single[]) (at Assets/Scripts/RISController.cs:91)
RISController:Start () (at Assets/Scripts/RISController.cs:50)

(Filename: Assets/Scripts/RISController.cs Line: 74)

Element 2 Phase = 30°
UnityEngine.Debug:ExtractStackTraceNoAlloc (byte*,int,string)
UnityEngine.StackTraceUtility:ExtractStackTrace ()
UnityEngine.DebugLogHandler:Internal_Log (UnityEngine.LogType,UnityEngine.LogOption,string,UnityEngine.Object)
UnityEngine.DebugLogHandler:LogFormat (UnityEngine.LogType,UnityEngine.Object,string,object[])
UnityEngine.Logger:Log (UnityEngine.LogType,object)
UnityEngine.Debug:Log (object)
RISController:SetPhase (int,single) (at Assets/Scripts/RISController.cs:74)
RISController:SetAllPhases (single[]) (at Assets/Scripts/RISController.cs:91)
RISController:Start () (at Assets/Scripts/RISController.cs:50)

(Filename: Assets/Scripts/RISController.cs Line: 74)

Element 3 Phase = 60°
UnityEngine.Debug:ExtractStackTraceNoAlloc (byte*,int,string)
UnityEngine.StackTraceUtility:ExtractStackTrace ()
UnityEngine.DebugLogHandler:Internal_Log (UnityEngine.LogType,UnityEngine.LogOption,string,UnityEngine.Object)
UnityEngine.DebugLogHandler:LogFormat (UnityEngine.LogType,UnityEngine.Object,string,object[])
UnityEngine.Logger:Log (UnityEngine.LogType,object)
UnityEngine.Debug:Log (object)
RISController:SetPhase (int,single) (at Assets/Scripts/RISController.cs:74)
RISController:SetAllPhases (single[]) (at Assets/Scripts/RISController.cs:91)
RISController:Start () (at Assets/Scripts/RISController.cs:50)

(Filename: Assets/Scripts/RISController.cs Line: 74)

Element 4 Phase = 90°
UnityEngine.Debug:ExtractStackTraceNoAlloc (byte*,int,string)
UnityEngine.StackTraceUtility:ExtractStackTrace ()
UnityEngine.DebugLogHandler:Internal_Log (UnityEngine.LogType,UnityEngine.LogOption,string,UnityEngine.Object)
UnityEngine.DebugLogHandler:LogFormat (UnityEngine.LogType,UnityEngine.Object,string,object[])
UnityEngine.Logger:Log (UnityEngine.LogType,object)
UnityEngine.Debug:Log (object)
RISController:SetPhase (int,single) (at Assets/Scripts/RISController.cs:74)
RISController:SetAllPhases (single[]) (at Assets/Scripts/RISController.cs:91)
RISController:Start () (at Assets/Scripts/RISController.cs:50)

(Filename: Assets/Scripts/RISController.cs Line: 74)

Element 5 Phase = 30°
UnityEngine.Debug:ExtractStackTraceNoAlloc (byte*,int,string)
UnityEngine.StackTraceUtility:ExtractStackTrace ()
UnityEngine.DebugLogHandler:Internal_Log (UnityEngine.LogType,UnityEngine.LogOption,string,UnityEngine.Object)
UnityEngine.DebugLogHandler:LogFormat (UnityEngine.LogType,UnityEngine.Object,string,object[])
UnityEngine.Logger:Log (UnityEngine.LogType,object)
UnityEngine.Debug:Log (object)
RISController:SetPhase (int,single) (at Assets/Scripts/RISController.cs:74)
RISController:SetAllPhases (single[]) (at Assets/Scripts/RISController.cs:91)
RISController:Start () (at Assets/Scripts/RISController.cs:50)

(Filename: Assets/Scripts/RISController.cs Line: 74)

Element 6 Phase = 60°
UnityEngine.Debug:ExtractStackTraceNoAlloc (byte*,int,string)
UnityEngine.StackTraceUtility:ExtractStackTrace ()
UnityEngine.DebugLogHandler:Internal_Log (UnityEngine.LogType,UnityEngine.LogOption,string,UnityEngine.Object)
UnityEngine.DebugLogHandler:LogFormat (UnityEngine.LogType,UnityEngine.Object,string,object[])
UnityEngine.Logger:Log (UnityEngine.LogType,object)
UnityEngine.Debug:Log (object)
RISController:SetPhase (int,single) (at Assets/Scripts/RISController.cs:74)
RISController:SetAllPhases (single[]) (at Assets/Scripts/RISController.cs:91)
RISController:Start () (at Assets/Scripts/RISController.cs:50)

(Filename: Assets/Scripts/RISController.cs Line: 74)

Element 7 Phase = 90°
UnityEngine.Debug:ExtractStackTraceNoAlloc (byte*,int,string)
UnityEngine.StackTraceUtility:ExtractStackTrace ()
UnityEngine.DebugLogHandler:Internal_Log (UnityEngine.LogType,UnityEngine.LogOption,string,UnityEngine.Object)
UnityEngine.DebugLogHandler:LogFormat (UnityEngine.LogType,UnityEngine.Object,string,object[])
UnityEngine.Logger:Log (UnityEngine.LogType,object)
UnityEngine.Debug:Log (object)
RISController:SetPhase (int,single) (at Assets/Scripts/RISController.cs:74)
RISController:SetAllPhases (single[]) (at Assets/Scripts/RISController.cs:91)
RISController:Start () (at Assets/Scripts/RISController.cs:50)

(Filename: Assets/Scripts/RISController.cs Line: 74)

Element 8 Phase = 120°
UnityEngine.Debug:ExtractStackTraceNoAlloc (byte*,int,string)
UnityEngine.StackTraceUtility:ExtractStackTrace ()
UnityEngine.DebugLogHandler:Internal_Log (UnityEngine.LogType,UnityEngine.LogOption,string,UnityEngine.Object)
UnityEngine.DebugLogHandler:LogFormat (UnityEngine.LogType,UnityEngine.Object,string,object[])
UnityEngine.Logger:Log (UnityEngine.LogType,object)
UnityEngine.Debug:Log (object)
RISController:SetPhase (int,single) (at Assets/Scripts/RISController.cs:74)
RISController:SetAllPhases (single[]) (at Assets/Scripts/RISController.cs:91)
RISController:Start () (at Assets/Scripts/RISController.cs:50)

(Filename: Assets/Scripts/RISController.cs Line: 74)

Element 9 Phase = 60°
UnityEngine.Debug:ExtractStackTraceNoAlloc (byte*,int,string)
UnityEngine.StackTraceUtility:ExtractStackTrace ()
UnityEngine.DebugLogHandler:Internal_Log (UnityEngine.LogType,UnityEngine.LogOption,string,UnityEngine.Object)
UnityEngine.DebugLogHandler:LogFormat (UnityEngine.LogType,UnityEngine.Object,string,object[])
UnityEngine.Logger:Log (UnityEngine.LogType,object)
UnityEngine.Debug:Log (object)
RISController:SetPhase (int,single) (at Assets/Scripts/RISController.cs:74)
RISController:SetAllPhases (single[]) (at Assets/Scripts/RISController.cs:91)
RISController:Start () (at Assets/Scripts/RISController.cs:50)

(Filename: Assets/Scripts/RISController.cs Line: 74)

Element 10 Phase = 90°
UnityEngine.Debug:ExtractStackTraceNoAlloc (byte*,int,string)
UnityEngine.StackTraceUtility:ExtractStackTrace ()
UnityEngine.DebugLogHandler:Internal_Log (UnityEngine.LogType,UnityEngine.LogOption,string,UnityEngine.Object)
UnityEngine.DebugLogHandler:LogFormat (UnityEngine.LogType,UnityEngine.Object,string,object[])
UnityEngine.Logger:Log (UnityEngine.LogType,object)
UnityEngine.Debug:Log (object)
RISController:SetPhase (int,single) (at Assets/Scripts/RISController.cs:74)
RISController:SetAllPhases (single[]) (at Assets/Scripts/RISController.cs:91)
RISController:Start () (at Assets/Scripts/RISController.cs:50)

(Filename: Assets/Scripts/RISController.cs Line: 74)

Element 11 Phase = 120°
UnityEngine.Debug:ExtractStackTraceNoAlloc (byte*,int,string)
UnityEngine.StackTraceUtility:ExtractStackTrace ()
UnityEngine.DebugLogHandler:Internal_Log (UnityEngine.LogType,UnityEngine.LogOption,string,UnityEngine.Object)
UnityEngine.DebugLogHandler:LogFormat (UnityEngine.LogType,UnityEngine.Object,string,object[])
UnityEngine.Logger:Log (UnityEngine.LogType,object)
UnityEngine.Debug:Log (object)
RISController:SetPhase (int,single) (at Assets/Scripts/RISController.cs:74)
RISController:SetAllPhases (single[]) (at Assets/Scripts/RISController.cs:91)
RISController:Start () (at Assets/Scripts/RISController.cs:50)

(Filename: Assets/Scripts/RISController.cs Line: 74)

Element 12 Phase = 150°
UnityEngine.Debug:ExtractStackTraceNoAlloc (byte*,int,string)
UnityEngine.StackTraceUtility:ExtractStackTrace ()
UnityEngine.DebugLogHandler:Internal_Log (UnityEngine.LogType,UnityEngine.LogOption,string,UnityEngine.Object)
UnityEngine.DebugLogHandler:LogFormat (UnityEngine.LogType,UnityEngine.Object,string,object[])
UnityEngine.Logger:Log (UnityEngine.LogType,object)
UnityEngine.Debug:Log (object)
RISController:SetPhase (int,single) (at Assets/Scripts/RISController.cs:74)
RISController:SetAllPhases (single[]) (at Assets/Scripts/RISController.cs:91)
RISController:Start () (at Assets/Scripts/RISController.cs:50)

(Filename: Assets/Scripts/RISController.cs Line: 74)

Element 13 Phase = 90°
UnityEngine.Debug:ExtractStackTraceNoAlloc (byte*,int,string)
UnityEngine.StackTraceUtility:ExtractStackTrace ()
UnityEngine.DebugLogHandler:Internal_Log (UnityEngine.LogType,UnityEngine.LogOption,string,UnityEngine.Object)
UnityEngine.DebugLogHandler:LogFormat (UnityEngine.LogType,UnityEngine.Object,string,object[])
UnityEngine.Logger:Log (UnityEngine.LogType,object)
UnityEngine.Debug:Log (object)
RISController:SetPhase (int,single) (at Assets/Scripts/RISController.cs:74)
RISController:SetAllPhases (single[]) (at Assets/Scripts/RISController.cs:91)
RISController:Start () (at Assets/Scripts/RISController.cs:50)

(Filename: Assets/Scripts/RISController.cs Line: 74)

Element 14 Phase = 120°
UnityEngine.Debug:ExtractStackTraceNoAlloc (byte*,int,string)
UnityEngine.StackTraceUtility:ExtractStackTrace ()
UnityEngine.DebugLogHandler:Internal_Log (UnityEngine.LogType,UnityEngine.LogOption,string,UnityEngine.Object)
UnityEngine.DebugLogHandler:LogFormat (UnityEngine.LogType,UnityEngine.Object,string,object[])
UnityEngine.Logger:Log (UnityEngine.LogType,object)
UnityEngine.Debug:Log (object)
RISController:SetPhase (int,single) (at Assets/Scripts/RISController.cs:74)
RISController:SetAllPhases (single[]) (at Assets/Scripts/RISController.cs:91)
RISController:Start () (at Assets/Scripts/RISController.cs:50)

(Filename: Assets/Scripts/RISController.cs Line: 74)

Element 15 Phase = 150°
UnityEngine.Debug:ExtractStackTraceNoAlloc (byte*,int,string)
UnityEngine.StackTraceUtility:ExtractStackTrace ()
UnityEngine.DebugLogHandler:Internal_Log (UnityEngine.LogType,UnityEngine.LogOption,string,UnityEngine.Object)
UnityEngine.DebugLogHandler:LogFormat (UnityEngine.LogType,UnityEngine.Object,string,object[])
UnityEngine.Logger:Log (UnityEngine.LogType,object)
UnityEngine.Debug:Log (object)
RISController:SetPhase (int,single) (at Assets/Scripts/RISController.cs:74)
RISController:SetAllPhases (single[]) (at Assets/Scripts/RISController.cs:91)
RISController:Start () (at Assets/Scripts/RISController.cs:50)

(Filename: Assets/Scripts/RISController.cs Line: 74)

Element 16 Phase = 180°
UnityEngine.Debug:ExtractStackTraceNoAlloc (byte*,int,string)
UnityEngine.StackTraceUtility:ExtractStackTrace ()
UnityEngine.DebugLogHandler:Internal_Log (UnityEngine.LogType,UnityEngine.LogOption,string,UnityEngine.Object)
UnityEngine.DebugLogHandler:LogFormat (UnityEngine.LogType,UnityEngine.Object,string,object[])
UnityEngine.Logger:Log (UnityEngine.LogType,object)
UnityEngine.Debug:Log (object)
RISController:SetPhase (int,single) (at Assets/Scripts/RISController.cs:74)
RISController:SetAllPhases (single[]) (at Assets/Scripts/RISController.cs:91)
RISController:Start () (at Assets/Scripts/RISController.cs:50)

(Filename: Assets/Scripts/RISController.cs Line: 74)

RIS configuration updated successfully.
UnityEngine.Debug:ExtractStackTraceNoAlloc (byte*,int,string)
UnityEngine.StackTraceUtility:ExtractStackTrace ()
UnityEngine.DebugLogHandler:Internal_Log (UnityEngine.LogType,UnityEngine.LogOption,string,UnityEngine.Object)
UnityEngine.DebugLogHandler:LogFormat (UnityEngine.LogType,UnityEngine.Object,string,object[])
UnityEngine.Logger:Log (UnityEngine.LogType,object)
UnityEngine.Debug:Log (object)
RISController:SetAllPhases (single[]) (at Assets/Scripts/RISController.cs:94)
RISController:Start () (at Assets/Scripts/RISController.cs:50)

(Filename: Assets/Scripts/RISController.cs Line: 94)

[Licensing::Client] Successfully resolved entitlement details
[Licensing::Client] Successfully resolved entitlement details
[Licensing::Client] Successfully resolved entitlement details
Unloading 0 Unused Serialized files (Serialized files now loaded: 0)
Loaded scene 'Temp/__Backupscenes/0.backup'
	Deserialize:            1.814 ms
	Integration:            292.654 ms
	Integration of assets:  0.002 ms
	Thread Wait Time:       0.020 ms
	Total Operation Time:   294.490 ms
Unloading 13 unused Assets / (202.7 KB). Loaded Objects now: 8809.
Memory consumption went from 0.69 GB to 0.69 GB.
Total: 22.588200 ms (FindLiveObjects: 0.848100 ms CreateObjectMapping: 1.182800 ms MarkObjects: 20.440200 ms  DeleteObjects: 0.115500 ms)

[Licensing::Client] Successfully resolved entitlement details
Project ID request failed, Reason: The requested URL returned error: 401 (401).
Unknown Unity Connect error (400). Please contact support at support@unity.com while processing request "https://services.unity.com/api/unity/legacy/v1/projects/291acd71-118b-40ac-89d3-7ffcec4a79ac", HTTP error code 401
.[Licensing::Client] Successfully resolved entitlement details
[Licensing::Client] Successfully resolved entitlement details
[Licensing::Client] Successfully resolved entitlement details
Project ID request failed, Reason: The requested URL returned error: 401 (401).
Unknown Unity Connect error (400). Please contact support at support@unity.com while processing request "https://services.unity.com/api/unity/legacy/v1/projects/291acd71-118b-40ac-89d3-7ffcec4a79ac", HTTP error code 401
.[Licensing::Client] Successfully updated the access token
[Licensing::Module] Successfully updated access token: "4tA13N9_"... (expires: 2026-09-27T12:08:25Z)
[Licensing::Client] Successfully resolved entitlement details
[Licensing::Client] Successfully resolved entitlement details
UPID Received '291acd71-118b-40ac-89d3-7ffcec4a79ac'.
Asset Pipeline Refresh (id=433a4e27fdf1b9641b80257c5fdc505b): Total: 0.018 seconds - Initiated by RefreshV2(AllowForceSynchronousImport)
[Licensing::Client] Successfully resolved entitlement details
Asset Pipeline Refresh (id=cc354d41cb5db1a4d9bda0148d8fae5b): Total: 0.005 seconds - Initiated by RefreshV2(AllowForceSynchronousImport)
[Worker0] Imported GUID: f53adee2f85fb7449b31aacea1c4dae7 - Path: Assets/Scripts/RISController.cs - Importer: ScriptedImporter/UnityEditor.QuickSearchModule:UnityEditor.Search:ASIAI0B -> (ImportResultId: 'e7411fd1018e486cef567602bfd7b1af') in 0.1486308 seconds
[ScriptCompilation] Requested script compilation because: AssetDatabase observed changes in script compilation related files
[Licensing::Client] Successfully resolved entitlement details

Asset Pipeline Refresh (id=62e47f46619cbc34395097cd1d880d77): Total: 0.344 seconds - Initiated by StopAssetImportingV2(NoUpdateAssetOptions)
	(Values over 0.05ms)
	Summary:
		Imports: total=0 (actual=0, local cache=0, cache server=0)
		Asset DB Process Time: managed=0 ms, native=119 ms
		Asset DB Callback time: managed=217 ms, native=5 ms
		Scripting: domain reloads=0, domain reload time=0 ms, compile time=1 ms, other=0 ms
		Project Asset Count: scripts=1362, non-scripts=2318
		Asset File Changes: new=1, changed=1, moved=0, deleted=0
		Scan Filter Count: 3
	ApplyChangesToAssetFolders: 0.142ms
	Scan: 7.705ms
	Collect global state as custom dependencies: 0.370ms
	OnSourceAssetsModified: 1.065ms
	ProcessAssetsWithTransientArtifactChanges: 0.228ms
	CategorizeAssets: 18.094ms
	CompileScripts: 0.710ms
	ImportOutOfDateAssets: 41.530ms (8.565ms without children)
		UnloadImportedAssets: 0.259ms
		EnsureUptoDateAssetsAreRegisteredWithGuidPM: 0.619ms
		ImportSchedulerStart: 32.045ms
	PostProcessAllAssets: 213.818ms
		XRBuildSystem.XRAssetImported 2.647ms
		MonoPostProcessAllAssets: 210.560ms
			SyncVS.PostprocessSyncProject 189.140ms
			BuilderAssetPostprocessor.OnPostprocessAllAssets 6.763ms
			AssetPostprocessor.OnPostprocessAllAssets 3.785ms
			ShaderGraphAssetPostProcessor.OnPostprocessAllAssets 2.104ms
			RetainedModeAssetPostprocessor.OnPostprocessAllAssets 1.592ms
			TMPro_TexturePostProcessor.OnPostprocessAllAssets 0.725ms
			ArtifactBrowserPostProcessor.OnPostprocessAllAssets 0.601ms
			MaterialPostprocessor.OnPostprocessAllAssets 0.574ms
			AudioMixerPostprocessor.OnPostprocessAllAssets 0.406ms
			UVCSAssetPostprocessor.OnPostprocessAllAssets 0.383ms
			TextAssetPostProcessor.OnPostprocessAllAssets 0.376ms
			SampleDependencyImporterPostProcessor.OnPostprocessAllAssets 0.375ms
			AssetChangedListener.OnPostprocessAllAssets 0.363ms
			InputActionJsonNameModifierAssetProcessor.OnPostprocessAllAssets 0.313ms
			SpeedTreePostProcessor.OnPostprocessAllAssets 0.302ms
			PostProcessor.OnPostprocessAllAssets 0.301ms
			StyleCatalogPostProcessor.OnPostprocessAllAssets 0.255ms
			AssetEvents.OnPostprocessAllAssets 0.240ms
			InputActionAssetPostprocessor.OnPostprocessAllAssets 0.162ms
			ScenarioDriftAssetsTracker.OnPostprocessAllAssets 0.156ms
			SamplePostprocessor.OnPostprocessAllAssets 0.153ms
			ConfigAssetsTracker.OnPostprocessAllAssets 0.147ms
			RenderPipelineGlobalSettingsPostprocessor.OnPostprocessAllAssets 0.146ms
			AssetReloadNotifier.OnPostprocessAllAssets 0.126ms
			AudioContainerPostProcessor.OnPostprocessAllAssets 0.096ms
	PostAssetChangesProfiler: 8.793ms
	GatherAllCurrentPrimaryImportResultRevisions: 0.169ms
	PersistCurrentRevisions: 0.193ms
	Untracked: 51.000ms

info: Microsoft.AspNetCore.Hosting.Diagnostics[1]
      Request starting HTTP/2 POST http://ilpp/UnityILPP.PostProcessing/Ping - application/grpc -
info: Microsoft.AspNetCore.Routing.EndpointMiddleware[0]
      Executing endpoint 'gRPC - /UnityILPP.PostProcessing/Ping'
info: Microsoft.AspNetCore.Routing.EndpointMiddleware[1]
      Executed endpoint 'gRPC - /UnityILPP.PostProcessing/Ping'
info: Microsoft.AspNetCore.Hosting.Diagnostics[2]
      Request finished HTTP/2 POST http://ilpp/UnityILPP.PostProcessing/Ping - 200 - application/grpc 0.1881ms
Starting: C:\Program Files\Unity\Hub\Editor\6000.5.6f1\Editor\Data\Tools\BuildPipeline\bee_backend.exe --ipc --defer-dag-verification --dagfile="Library/Bee/1900b0aE.dag" --continue-on-failure --profile="Library/Bee/backend1.traceevents" ScriptAssemblies
WorkingDir: D:/Private/unity projects/graduation project
info: Microsoft.AspNetCore.Hosting.Diagnostics[1]
      Request starting HTTP/2 POST http://ilpp/UnityILPP.PostProcessing/ConfigurePostProcessors - application/grpc -
info: Microsoft.AspNetCore.Routing.EndpointMiddleware[0]
      Executing endpoint 'gRPC - /UnityILPP.PostProcessing/ConfigurePostProcessors'
info: Unity.ILPP.Runner.PostProcessingAssemblyLoadContext[0]
      Current configuration matches the requested one, skipping
info: Microsoft.AspNetCore.Routing.EndpointMiddleware[1]
      Executed endpoint 'gRPC - /UnityILPP.PostProcessing/ConfigurePostProcessors'
info: Microsoft.AspNetCore.Hosting.Diagnostics[2]
      Request finished HTTP/2 POST http://ilpp/UnityILPP.PostProcessing/ConfigurePostProcessors - 200 - application/grpc 0.8662ms
Starting: C:\Program Files\Unity\Hub\Editor\6000.5.6f1\Editor\Data\netcorerun\netcorerun.exe "C:\Program Files\Unity\Hub\Editor\6000.5.6f1\Editor\Data\Tools\BuildPipeline\ScriptCompilationBuildProgram.exe" "Library/Bee/1900b0aE.dag.json" "Library/Bee/1900b0aE-inputdata.json" "Library\Bee\buildprogram0.traceevents"
WorkingDir: D:/Private/unity projects/graduation project
ExitCode: 4 Duration: 0s283ms
[738/937    0s] ILPP-Configuration Library/ilpp-configuration.nevergeneratedoutput
Rebuilding DAG because FileSignature timestamp changed: Library/Bee/1900b0aE-inputdata.json
*** Tundra requires additional run (0.19 seconds), 1 items updated, 937 evaluated
[Worker0] Imported GUID: f90a001dfd54f5240aae05e9b06276f2 - Path: Assets/Scripts/RISSignalModel.cs - Importer: PreviewImporter -> (ImportResultId: '74deeee599b8ab42c0cfa2a417230f56') in 0.0238514 seconds
[Worker0] Imported GUID: f90a001dfd54f5240aae05e9b06276f2 - Path: Assets/Scripts/RISSignalModel.cs - Importer: ScriptedImporter/UnityEditor.QuickSearchModule:UnityEditor.Search:ASIAI0B -> (ImportResultId: '52de8c0db8102df9a305c7a9bf9ef42d') in 0.0200792 seconds
ExitCode: 0 Duration: 8s912ms
Starting: C:\Program Files\Unity\Hub\Editor\6000.5.6f1\Editor\Data\Tools\BuildPipeline\bee_backend.exe --ipc --defer-dag-verification --dagfile="Library/Bee/1900b0aE.dag" --continue-on-failure --dagfilejson="Library\Bee\1900b0aE.dag.json" --profile="Library/Bee/backend2.traceevents" ScriptAssemblies
WorkingDir: D:/Private/unity projects/graduation project
info: Microsoft.AspNetCore.Hosting.Diagnostics[1]
      Request starting HTTP/2 POST http://ilpp/UnityILPP.PostProcessing/ConfigurePostProcessors - application/grpc -
info: Microsoft.AspNetCore.Routing.EndpointMiddleware[0]
      Executing endpoint 'gRPC - /UnityILPP.PostProcessing/ConfigurePostProcessors'
info: Unity.ILPP.Runner.PostProcessingAssemblyLoadContext[0]
      Current configuration matches the requested one, skipping
info: Microsoft.AspNetCore.Routing.EndpointMiddleware[1]
      Executed endpoint 'gRPC - /UnityILPP.PostProcessing/ConfigurePostProcessors'
info: Microsoft.AspNetCore.Hosting.Diagnostics[2]
      Request finished HTTP/2 POST http://ilpp/UnityILPP.PostProcessing/ConfigurePostProcessors - 200 - application/grpc 0.7354ms
info: Microsoft.AspNetCore.Hosting.Diagnostics[1]
      Request starting HTTP/2 POST http://ilpp/UnityILPP.PostProcessing/PostProcessAssembly - application/grpc -
info: Microsoft.AspNetCore.Routing.EndpointMiddleware[0]
      Executing endpoint 'gRPC - /UnityILPP.PostProcessing/PostProcessAssembly'
info: Unity.ILPP.Runner.PostProcessingPipeline[0]
      Processing assembly Library/Bee/artifacts/1900b0aE.dag/Assembly-CSharp.dll, with 142 defines and 339 references
info: Unity.ILPP.Runner.PostProcessingPipeline[0]
      processors: Unity.Jobs.CodeGen.JobsILPostProcessor, zzzUnity.Burst.CodeGen.BurstILPostProcessor
info: Unity.ILPP.Runner.PostProcessingPipeline[0]
      running Unity.Jobs.CodeGen.JobsILPostProcessor
info: Unity.ILPP.Runner.PostProcessingPipeline[0]
      running zzzUnity.Burst.CodeGen.BurstILPostProcessor
info: Microsoft.AspNetCore.Routing.EndpointMiddleware[1]
      Executed endpoint 'gRPC - /UnityILPP.PostProcessing/PostProcessAssembly'
info: Microsoft.AspNetCore.Hosting.Diagnostics[2]
      Request finished HTTP/2 POST http://ilpp/UnityILPP.PostProcessing/PostProcessAssembly - 200 - application/grpc 15.1872ms
info: Microsoft.AspNetCore.Hosting.Diagnostics[1]
      Request starting HTTP/2 POST http://ilpp/UnityILPP.PostProcessing/PostProcessAssembly - application/grpc -
info: Microsoft.AspNetCore.Routing.EndpointMiddleware[0]
      Executing endpoint 'gRPC - /UnityILPP.PostProcessing/PostProcessAssembly'
info: Unity.ILPP.Runner.PostProcessingPipeline[0]
      Processing assembly Library/Bee/artifacts/1900b0aE.dag/Assembly-CSharp-Editor.dll, with 140 defines and 362 references
info: Unity.ILPP.Runner.PostProcessingPipeline[0]
      processors: Unity.Jobs.CodeGen.JobsILPostProcessor, zzzUnity.Burst.CodeGen.BurstILPostProcessor
info: Unity.ILPP.Runner.PostProcessingPipeline[0]
      running Unity.Jobs.CodeGen.JobsILPostProcessor
info: Unity.ILPP.Runner.PostProcessingPipeline[0]
      running zzzUnity.Burst.CodeGen.BurstILPostProcessor
info: Microsoft.AspNetCore.Routing.EndpointMiddleware[1]
      Executed endpoint 'gRPC - /UnityILPP.PostProcessing/PostProcessAssembly'
info: Microsoft.AspNetCore.Hosting.Diagnostics[2]
      Request finished HTTP/2 POST http://ilpp/UnityILPP.PostProcessing/PostProcessAssembly - 200 - application/grpc 16.3250ms
ExitCode: 0 Duration: 2s160ms
Finished compiling graph: 940 nodes, 18047 flattened edges (15089 ToBuild, 144 ToUse), maximum node priority 997
[521/937    0s] WriteText Library/Bee/artifacts/1900b0aE.dag/Assembly-CSharp.rsp
[736/937    0s] ILPP-Configuration Library/ilpp-configuration.nevergeneratedoutput
[929/937    1s] Csc Library/Bee/artifacts/1900b0aE.dag/Assembly-CSharp.dll (+2 others)
[930/937    0s] ILPostProcess Library/Bee/artifacts/1900b0aE.dag/post-processed/Assembly-CSharp.dll (+pdb)
Processing assembly Library/Bee/artifacts/1900b0aE.dag/Assembly-CSharp.dll, with 142 defines and 339 references

processors: Unity.Jobs.CodeGen.JobsILPostProcessor, zzzUnity.Burst.CodeGen.BurstILPostProcessor

running Unity.Jobs.CodeGen.JobsILPostProcessor

running zzzUnity.Burst.CodeGen.BurstILPostProcessor
[931/937    0s] CopyFiles Library/ScriptAssemblies/Assembly-CSharp.dll
[932/937    0s] CopyFiles Library/ScriptAssemblies/Assembly-CSharp.pdb
[933/937    0s] Csc Library/Bee/artifacts/1900b0aE.dag/Assembly-CSharp-Editor.dll (+2 others)
[934/937    0s] ILPostProcess Library/Bee/artifacts/1900b0aE.dag/post-processed/Assembly-CSharp-Editor.dll (+pdb)
Processing assembly Library/Bee/artifacts/1900b0aE.dag/Assembly-CSharp-Editor.dll, with 140 defines and 362 references

processors: Unity.Jobs.CodeGen.JobsILPostProcessor, zzzUnity.Burst.CodeGen.BurstILPostProcessor

running Unity.Jobs.CodeGen.JobsILPostProcessor

running zzzUnity.Burst.CodeGen.BurstILPostProcessor
[935/937    0s] CopyFiles Library/ScriptAssemblies/Assembly-CSharp-Editor.pdb
[936/937    0s] CopyFiles Library/ScriptAssemblies/Assembly-CSharp-Editor.dll
*** Tundra build success (2.13 seconds), 10 items updated, 937 evaluated
Reloading assemblies after finishing script compilation.
Reloading assemblies after forced synchronous recompile.
Begin MonoManager ReloadAssembly
Total cache size 267245200
Total cache size after purge 267245200, took 00:00:00.5711539
Native extension for WindowsStandalone target not found
Native extension for WebGL target not found
[MODES] ModeService[none].Initialize
[MODES] ModeService[none].LoadModes
ScheduleIndexationOnStartup MainProcess:True IndexOnStartup:True
Mono: successfully reloaded assembly
- Finished resetting the current domain, in  2.521 seconds
Domain Reload Profiling: 4211ms
	BeginReloadAssembly (1142ms)
		DisableScriptedObjects (181ms)
		CreateAndSetChildDomain (583ms)
	RebuildCommonClasses (15ms)
	RebuildNativeTypeToScriptingClass (20ms)
	initialDomainReloadingComplete (71ms)
	LoadAllAssembliesAndSetupDomain (441ms)
		LoadAssemblies (161ms)
		AnalyzeDomain (269ms)
			TypeCache.Refresh (11ms)
			BuildScriptInfoCaches (227ms)
			ResolveRequiredComponents (29ms)
	FinalizeReload (2522ms)
		SetupLoadedEditorAssemblies (0ms)
			InitializePlatformSupportModulesInManaged (3ms)
			BeforeProcessingInitializeOnLoad (232ms)
			ProcessInitializeOnLoadAttributes (533ms)
			ProcessInitializeOnLoadMethodAttributes (190ms)
			AfterProcessingInitializeOnLoad (8ms)
		AwakeInstancesAfterBackupRestoration (837ms)

Asset Pipeline Refresh (id=a4b07ea074e6dc343b25804e81d76a23): Total: 4.593 seconds - Initiated by StopAssetImportingV2(ForceSynchronousImport | ForceDomainReload)
	(Values over 0.05ms)
	Summary:
		Imports: total=0 (actual=0, local cache=0, cache server=0)
		Asset DB Process Time: managed=0 ms, native=2677 ms
		Asset DB Callback time: managed=74 ms, native=64 ms
		Scripting: domain reloads=1, domain reload time=1775 ms, compile time=2 ms, other=0 ms
		Project Asset Count: scripts=1362, non-scripts=2318
		Asset File Changes: new=0, changed=0, moved=0, deleted=0
		Scan Filter Count: 0
	InvokePackagesCallback: 1.909ms
	ApplyChangesToAssetFolders: 0.399ms
	Collect global state as custom dependencies: 3.394ms
	ProcessAssetsWithTransientArtifactChanges: 7.528ms
	CategorizeAssets: 53.784ms
	CompileScripts: 1.504ms
	ImportOutOfDateAssets: 2571.718ms (2535.761ms without children)
		CollectScriptTypesHashes: 1.098ms
		ReloadNativeAssets: 1.231ms
		UnloadImportedAssets: 0.302ms
		EnsureUptoDateAssetsAreRegisteredWithGuidPM: 0.698ms
		ImportSchedulerStart: 33.696ms
	PostProcessAllAssets: 75.507ms
		XRBuildSystem.XRAssetImported 0.443ms
		MonoPostProcessAllAssets: 74.600ms
			UniversalRenderPipelineGlobalSettingsPostprocessor.OnPostprocessAllAssets 13.751ms
			AssetChangedListener.OnPostprocessAllAssets 8.238ms
			BuilderAssetPostprocessor.OnPostprocessAllAssets 7.486ms
			AssetPostprocessor.OnPostprocessAllAssets 4.934ms
			SyncVS.PostprocessSyncProject 4.224ms
			WindowAssetPostprocessingWatcher.OnPostprocessAllAssets 2.509ms
			SpeedTree9Postprocessor.OnPostprocessAllAssets 2.238ms
			ShaderGraphAssetPostProcessor.OnPostprocessAllAssets 1.816ms
			RetainedModeAssetPostprocessor.OnPostprocessAllAssets 1.784ms
			EditModeScopePostprocessor.OnPostprocessAllAssets 1.420ms
			ProjectSettingsPostprocessor.OnPostprocessAllAssets 0.960ms
			RenderPipelineGlobalSettingsPostprocessor.OnPostprocessAllAssets 0.891ms
			MaterialPostprocessor.OnPostprocessAllAssets 0.850ms
			ArtifactBrowserPostProcessor.OnPostprocessAllAssets 0.753ms
			TMPro_TexturePostProcessor.OnPostprocessAllAssets 0.647ms
			TextAssetPostProcessor.OnPostprocessAllAssets 0.482ms
			AudioMixerPostprocessor.OnPostprocessAllAssets 0.440ms
			InputActionAssetPostprocessor.OnPostprocessAllAssets 0.431ms
			InputActionJsonNameModifierAssetProcessor.OnPostprocessAllAssets 0.401ms
			UVCSAssetPostprocessor.OnPostprocessAllAssets 0.396ms
			ShaderReflectionAssetPostProcessor.OnPostprocessAllAssets 0.378ms
			SampleDependencyImporterPostProcessor.OnPostprocessAllAssets 0.327ms
			PostProcessor.OnPostprocessAllAssets 0.321ms
			ReferencedClipsPostProcessor.OnPostprocessAllAssets 0.319ms
			AssetEvents.OnPostprocessAllAssets 0.287ms
			StyleCatalogPostProcessor.OnPostprocessAllAssets 0.261ms
			SpeedTreePostProcessor.OnPostprocessAllAssets 0.218ms
			TerrainToolbarOverlayPostProcessor.OnPostprocessAllAssets 0.193ms
			SamplePostprocessor.OnPostprocessAllAssets 0.190ms
			AssetDatabaseCallbacks.OnPostprocessAllAssets 0.176ms
			ConfigAssetsTracker.OnPostprocessAllAssets 0.167ms
			ScenarioDriftAssetsTracker.OnPostprocessAllAssets 0.135ms
			AssetReloadNotifier.OnPostprocessAllAssets 0.129ms
			AudioContainerPostProcessor.OnPostprocessAllAssets 0.102ms
	PostAssetChangesProfiler: 63.442ms
	GatherAllCurrentPrimaryImportResultRevisions: 0.151ms
	PersistCurrentRevisions: 0.191ms
	GenerateScriptTypeHashes: 2.624ms
	GenerateScriptTypeSerializationHashes: 4.389ms
	Untracked: 1809.984ms

[Licensing::Client] Successfully resolved entitlement details
[Licensing::Client] Successfully resolved entitlement details
[Licensing::Client] Successfully resolved entitlement details
[Worker1] Imported GUID: f90a001dfd54f5240aae05e9b06276f2 - Path: Assets/Scripts/RISSignalModel.cs - Importer: PreviewImporter -> (ImportResultId: '30fa579490a67d074fdc9a35b0e584ab') in 0.0420084 seconds
Asset Pipeline Refresh (id=1ab83cdf572d90340a215edcbcc640c6): Total: 0.013 seconds - Initiated by RefreshV2(AllowForceSynchronousImport)
[ScriptCompilation] Requested script compilation because: AssetDatabase observed changes in script compilation related files
Refreshing native plugins compatible for Editor in 2.17 ms, found 4 plugins.
Asset Pipeline Refresh (id=ef77c156a92859241b4c25dec7732c6c): Total: 0.101 seconds - Initiated by RefreshV2(NoUpdateAssetOptions)
[Licensing::Client] Successfully resolved entitlement details
info: Microsoft.AspNetCore.Hosting.Diagnostics[1]
      Request starting HTTP/2 POST http://ilpp/UnityILPP.PostProcessing/Ping - application/grpc -
info: Microsoft.AspNetCore.Routing.EndpointMiddleware[0]
      Executing endpoint 'gRPC - /UnityILPP.PostProcessing/Ping'
info: Microsoft.AspNetCore.Routing.EndpointMiddleware[1]
      Executed endpoint 'gRPC - /UnityILPP.PostProcessing/Ping'
info: Microsoft.AspNetCore.Hosting.Diagnostics[2]
      Request finished HTTP/2 POST http://ilpp/UnityILPP.PostProcessing/Ping - 200 - application/grpc 0.2120ms
Starting: C:\Program Files\Unity\Hub\Editor\6000.5.6f1\Editor\Data\Tools\BuildPipeline\bee_backend.exe --ipc --defer-dag-verification --dagfile="Library/Bee/1900b0aE.dag" --continue-on-failure --profile="Library/Bee/backend1.traceevents" ScriptAssemblies
WorkingDir: D:/Private/unity projects/graduation project
info: Microsoft.AspNetCore.Hosting.Diagnostics[1]
      Request starting HTTP/2 POST http://ilpp/UnityILPP.PostProcessing/ConfigurePostProcessors - application/grpc -
info: Microsoft.AspNetCore.Routing.EndpointMiddleware[0]
      Executing endpoint 'gRPC - /UnityILPP.PostProcessing/ConfigurePostProcessors'
info: Unity.ILPP.Runner.PostProcessingAssemblyLoadContext[0]
      Current configuration matches the requested one, skipping
info: Microsoft.AspNetCore.Routing.EndpointMiddleware[1]
      Executed endpoint 'gRPC - /UnityILPP.PostProcessing/ConfigurePostProcessors'
info: Microsoft.AspNetCore.Hosting.Diagnostics[2]
      Request finished HTTP/2 POST http://ilpp/UnityILPP.PostProcessing/ConfigurePostProcessors - 200 - application/grpc 1.2098ms
[Worker1] Imported GUID: f90a001dfd54f5240aae05e9b06276f2 - Path: Assets/Scripts/RISSignalModel.cs - Importer: PreviewImporter -> (ImportResultId: '4753adacd9b118b7ddcbd5d756059357') in 0.0281107 seconds
info: Microsoft.AspNetCore.Hosting.Diagnostics[1]
      Request starting HTTP/2 POST http://ilpp/UnityILPP.PostProcessing/PostProcessAssembly - application/grpc -
info: Microsoft.AspNetCore.Routing.EndpointMiddleware[0]
      Executing endpoint 'gRPC - /UnityILPP.PostProcessing/PostProcessAssembly'
info: Unity.ILPP.Runner.PostProcessingPipeline[0]
      Processing assembly Library/Bee/artifacts/1900b0aE.dag/Assembly-CSharp.dll, with 142 defines and 339 references
info: Unity.ILPP.Runner.PostProcessingPipeline[0]
      processors: Unity.Jobs.CodeGen.JobsILPostProcessor, zzzUnity.Burst.CodeGen.BurstILPostProcessor
info: Unity.ILPP.Runner.PostProcessingPipeline[0]
      running Unity.Jobs.CodeGen.JobsILPostProcessor
info: Unity.ILPP.Runner.PostProcessingPipeline[0]
      running zzzUnity.Burst.CodeGen.BurstILPostProcessor
info: Microsoft.AspNetCore.Routing.EndpointMiddleware[1]
      Executed endpoint 'gRPC - /UnityILPP.PostProcessing/PostProcessAssembly'
info: Microsoft.AspNetCore.Hosting.Diagnostics[2]
      Request finished HTTP/2 POST http://ilpp/UnityILPP.PostProcessing/PostProcessAssembly - 200 - application/grpc 19.1031ms
info: Microsoft.AspNetCore.Hosting.Diagnostics[1]
      Request starting HTTP/2 POST http://ilpp/UnityILPP.PostProcessing/PostProcessAssembly - application/grpc -
info: Microsoft.AspNetCore.Routing.EndpointMiddleware[0]
      Executing endpoint 'gRPC - /UnityILPP.PostProcessing/PostProcessAssembly'
info: Unity.ILPP.Runner.PostProcessingPipeline[0]
      Processing assembly Library/Bee/artifacts/1900b0aE.dag/Assembly-CSharp-Editor.dll, with 140 defines and 362 references
info: Unity.ILPP.Runner.PostProcessingPipeline[0]
      processors: Unity.Jobs.CodeGen.JobsILPostProcessor, zzzUnity.Burst.CodeGen.BurstILPostProcessor
info: Unity.ILPP.Runner.PostProcessingPipeline[0]
      running Unity.Jobs.CodeGen.JobsILPostProcessor
info: Unity.ILPP.Runner.PostProcessingPipeline[0]
      running zzzUnity.Burst.CodeGen.BurstILPostProcessor
info: Microsoft.AspNetCore.Routing.EndpointMiddleware[1]
      Executed endpoint 'gRPC - /UnityILPP.PostProcessing/PostProcessAssembly'
info: Microsoft.AspNetCore.Hosting.Diagnostics[2]
      Request finished HTTP/2 POST http://ilpp/UnityILPP.PostProcessing/PostProcessAssembly - 200 - application/grpc 13.1582ms
ExitCode: 0 Duration: 0s783ms
[736/937    0s] ILPP-Configuration Library/ilpp-configuration.nevergeneratedoutput
[929/937    0s] Csc Library/Bee/artifacts/1900b0aE.dag/Assembly-CSharp.dll (+2 others)
[930/937    0s] ILPostProcess Library/Bee/artifacts/1900b0aE.dag/post-processed/Assembly-CSharp.dll (+pdb)
Processing assembly Library/Bee/artifacts/1900b0aE.dag/Assembly-CSharp.dll, with 142 defines and 339 references

processors: Unity.Jobs.CodeGen.JobsILPostProcessor, zzzUnity.Burst.CodeGen.BurstILPostProcessor

running Unity.Jobs.CodeGen.JobsILPostProcessor

running zzzUnity.Burst.CodeGen.BurstILPostProcessor
[931/937    0s] CopyFiles Library/ScriptAssemblies/Assembly-CSharp.dll
[932/937    0s] CopyFiles Library/ScriptAssemblies/Assembly-CSharp.pdb
[933/937    0s] Csc Library/Bee/artifacts/1900b0aE.dag/Assembly-CSharp-Editor.dll (+2 others)
[934/937    0s] ILPostProcess Library/Bee/artifacts/1900b0aE.dag/post-processed/Assembly-CSharp-Editor.dll (+pdb)
Processing assembly Library/Bee/artifacts/1900b0aE.dag/Assembly-CSharp-Editor.dll, with 140 defines and 362 references

processors: Unity.Jobs.CodeGen.JobsILPostProcessor, zzzUnity.Burst.CodeGen.BurstILPostProcessor

running Unity.Jobs.CodeGen.JobsILPostProcessor

running zzzUnity.Burst.CodeGen.BurstILPostProcessor
[935/937    0s] CopyFiles Library/ScriptAssemblies/Assembly-CSharp-Editor.pdb
[936/937    0s] CopyFiles Library/ScriptAssemblies/Assembly-CSharp-Editor.dll
*** Tundra build success (0.75 seconds), 9 items updated, 937 evaluated
Reloading assemblies after finishing script compilation.
Reloading assemblies after forced synchronous recompile.
Begin MonoManager ReloadAssembly
Total cache size 267245200
Total cache size after purge 267245200, took 00:00:00.5645997
Native extension for WindowsStandalone target not found
Native extension for WebGL target not found
[MODES] ModeService[none].Initialize
[MODES] ModeService[none].LoadModes
ScheduleIndexationOnStartup MainProcess:True IndexOnStartup:True
Mono: successfully reloaded assembly
- Finished resetting the current domain, in  2.611 seconds
Domain Reload Profiling: 4400ms
	BeginReloadAssembly (1229ms)
		DisableScriptedObjects (365ms)
		CreateAndSetChildDomain (558ms)
	RebuildCommonClasses (14ms)
	RebuildNativeTypeToScriptingClass (21ms)
	initialDomainReloadingComplete (67ms)
	LoadAllAssembliesAndSetupDomain (456ms)
		LoadAssemblies (159ms)
		AnalyzeDomain (281ms)
			TypeCache.Refresh (11ms)
			BuildScriptInfoCaches (237ms)
			ResolveRequiredComponents (31ms)
	FinalizeReload (2613ms)
		SetupLoadedEditorAssemblies (0ms)
			InitializePlatformSupportModulesInManaged (3ms)
			BeforeProcessingInitializeOnLoad (239ms)
			ProcessInitializeOnLoadAttributes (540ms)
			ProcessInitializeOnLoadMethodAttributes (199ms)
			AfterProcessingInitializeOnLoad (8ms)
		AwakeInstancesAfterBackupRestoration (876ms)

Asset Pipeline Refresh (id=57774a56d43b33c49b85955e0cd3ad54): Total: 4.808 seconds - Initiated by StopAssetImportingV2(ForceSynchronousImport | ForceDomainReload)
	(Values over 0.05ms)
	Summary:
		Imports: total=0 (actual=0, local cache=0, cache server=0)
		Asset DB Process Time: managed=0 ms, native=2774 ms
		Asset DB Callback time: managed=72 ms, native=85 ms
		Scripting: domain reloads=1, domain reload time=1874 ms, compile time=2 ms, other=0 ms
		Project Asset Count: scripts=1362, non-scripts=2318
		Asset File Changes: new=0, changed=0, moved=0, deleted=0
		Scan Filter Count: 0
	InvokePackagesCallback: 2.162ms
	ApplyChangesToAssetFolders: 0.431ms
	Collect global state as custom dependencies: 3.124ms
	ProcessAssetsWithTransientArtifactChanges: 9.179ms
	CategorizeAssets: 56.937ms
	CompileScripts: 1.518ms
	ImportOutOfDateAssets: 2663.232ms (2626.331ms without children)
		CollectScriptTypesHashes: 1.788ms
		ReloadNativeAssets: 1.241ms
		UnloadImportedAssets: 0.259ms
		EnsureUptoDateAssetsAreRegisteredWithGuidPM: 0.803ms
		ImportSchedulerStart: 34.566ms
	PostProcessAllAssets: 73.307ms
		XRBuildSystem.XRAssetImported 0.366ms
		MonoPostProcessAllAssets: 72.425ms
			UniversalRenderPipelineGlobalSettingsPostprocessor.OnPostprocessAllAssets 15.868ms
			AssetChangedListener.OnPostprocessAllAssets 10.074ms
			BuilderAssetPostprocessor.OnPostprocessAllAssets 6.997ms
			AssetPostprocessor.OnPostprocessAllAssets 4.564ms
			SyncVS.PostprocessSyncProject 3.680ms
			WindowAssetPostprocessingWatcher.OnPostprocessAllAssets 2.440ms
			RetainedModeAssetPostprocessor.OnPostprocessAllAssets 2.435ms
			SpeedTree9Postprocessor.OnPostprocessAllAssets 2.221ms
			ShaderGraphAssetPostProcessor.OnPostprocessAllAssets 2.173ms
			EditModeScopePostprocessor.OnPostprocessAllAssets 1.045ms
			MaterialPostprocessor.OnPostprocessAllAssets 0.946ms
			ProjectSettingsPostprocessor.OnPostprocessAllAssets 0.893ms
			RenderPipelineGlobalSettingsPostprocessor.OnPostprocessAllAssets 0.779ms
			ArtifactBrowserPostProcessor.OnPostprocessAllAssets 0.676ms
			TMPro_TexturePostProcessor.OnPostprocessAllAssets 0.596ms
			ShaderReflectionAssetPostProcessor.OnPostprocessAllAssets 0.525ms
			PostProcessor.OnPostprocessAllAssets 0.443ms
			AudioMixerPostprocessor.OnPostprocessAllAssets 0.418ms
			InputActionAssetPostprocessor.OnPostprocessAllAssets 0.408ms
			TextAssetPostProcessor.OnPostprocessAllAssets 0.386ms
			InputActionJsonNameModifierAssetProcessor.OnPostprocessAllAssets 0.382ms
			UVCSAssetPostprocessor.OnPostprocessAllAssets 0.360ms
			ReferencedClipsPostProcessor.OnPostprocessAllAssets 0.334ms
			AssetEvents.OnPostprocessAllAssets 0.301ms
			SampleDependencyImporterPostProcessor.OnPostprocessAllAssets 0.298ms
			StyleCatalogPostProcessor.OnPostprocessAllAssets 0.282ms
			SpeedTreePostProcessor.OnPostprocessAllAssets 0.243ms
			TerrainToolbarOverlayPostProcessor.OnPostprocessAllAssets 0.194ms
			AssetDatabaseCallbacks.OnPostprocessAllAssets 0.173ms
			ConfigAssetsTracker.OnPostprocessAllAssets 0.168ms
			SamplePostprocessor.OnPostprocessAllAssets 0.158ms
			ScenarioDriftAssetsTracker.OnPostprocessAllAssets 0.136ms
			AssetReloadNotifier.OnPostprocessAllAssets 0.123ms
			AudioContainerPostProcessor.OnPostprocessAllAssets 0.094ms
	PostAssetChangesProfiler: 83.839ms
	GatherAllCurrentPrimaryImportResultRevisions: 0.194ms
	PersistCurrentRevisions: 0.095ms
	GenerateScriptTypeHashes: 2.724ms
	GenerateScriptTypeSerializationHashes: 4.576ms
	Untracked: 1908.730ms

[Licensing::Client] Successfully resolved entitlement details
[Licensing::Client] Successfully resolved entitlement details
Asset Pipeline Refresh (id=7845aa9a229831e43a91189d0bf38ffd): Total: 0.013 seconds - Initiated by RefreshV2(AllowForceSynchronousImport)
[Licensing::Client] Successfully resolved entitlement details
[ScriptCompilation] Requested script compilation because: AssetDatabase observed changes in script compilation related files
Refreshing native plugins compatible for Editor in 2.44 ms, found 4 plugins.
Asset Pipeline Refresh (id=4e5c0323a3bf69141b972b506b81f35e): Total: 0.102 seconds - Initiated by RefreshV2(NoUpdateAssetOptions)
[Licensing::Client] Successfully resolved entitlement details
info: Microsoft.AspNetCore.Hosting.Diagnostics[1]
      Request starting HTTP/2 POST http://ilpp/UnityILPP.PostProcessing/Ping - application/grpc -
info: Microsoft.AspNetCore.Routing.EndpointMiddleware[0]
      Executing endpoint 'gRPC - /UnityILPP.PostProcessing/Ping'
info: Microsoft.AspNetCore.Routing.EndpointMiddleware[1]
      Executed endpoint 'gRPC - /UnityILPP.PostProcessing/Ping'
info: Microsoft.AspNetCore.Hosting.Diagnostics[2]
      Request finished HTTP/2 POST http://ilpp/UnityILPP.PostProcessing/Ping - 200 - application/grpc 0.3254ms
Starting: C:\Program Files\Unity\Hub\Editor\6000.5.6f1\Editor\Data\Tools\BuildPipeline\bee_backend.exe --ipc --defer-dag-verification --dagfile="Library/Bee/1900b0aE.dag" --continue-on-failure --profile="Library/Bee/backend1.traceevents" ScriptAssemblies
WorkingDir: D:/Private/unity projects/graduation project
info: Microsoft.AspNetCore.Hosting.Diagnostics[1]
      Request starting HTTP/2 POST http://ilpp/UnityILPP.PostProcessing/ConfigurePostProcessors - application/grpc -
info: Microsoft.AspNetCore.Routing.EndpointMiddleware[0]
      Executing endpoint 'gRPC - /UnityILPP.PostProcessing/ConfigurePostProcessors'
info: Unity.ILPP.Runner.PostProcessingAssemblyLoadContext[0]
      Current configuration matches the requested one, skipping
info: Microsoft.AspNetCore.Routing.EndpointMiddleware[1]
      Executed endpoint 'gRPC - /UnityILPP.PostProcessing/ConfigurePostProcessors'
info: Microsoft.AspNetCore.Hosting.Diagnostics[2]
      Request finished HTTP/2 POST http://ilpp/UnityILPP.PostProcessing/ConfigurePostProcessors - 200 - application/grpc 1.0759ms
info: Microsoft.AspNetCore.Hosting.Diagnostics[1]
      Request starting HTTP/2 POST http://ilpp/UnityILPP.PostProcessing/PostProcessAssembly - application/grpc -
info: Microsoft.AspNetCore.Hosting.Diagnostics[1]
      Request starting HTTP/2 POST http://ilpp/UnityILPP.PostProcessing/PostProcessAssembly - application/grpc -
info: Microsoft.AspNetCore.Routing.EndpointMiddleware[0]
      Executing endpoint 'gRPC - /UnityILPP.PostProcessing/PostProcessAssembly'
info: Microsoft.AspNetCore.Routing.EndpointMiddleware[0]
      Executing endpoint 'gRPC - /UnityILPP.PostProcessing/PostProcessAssembly'
info: Unity.ILPP.Runner.PostProcessingPipeline[0]
      Processing assembly Library/Bee/artifacts/1900b0aE.dag/Assembly-CSharp-Editor.dll, with 140 defines and 362 references
info: Unity.ILPP.Runner.PostProcessingPipeline[0]
      processors: Unity.Jobs.CodeGen.JobsILPostProcessor, zzzUnity.Burst.CodeGen.BurstILPostProcessor
info: Unity.ILPP.Runner.PostProcessingPipeline[0]
      Processing assembly Library/Bee/artifacts/1900b0aE.dag/Assembly-CSharp.dll, with 142 defines and 339 references
info: Unity.ILPP.Runner.PostProcessingPipeline[0]
      processors: Unity.Jobs.CodeGen.JobsILPostProcessor, zzzUnity.Burst.CodeGen.BurstILPostProcessor
info: Unity.ILPP.Runner.PostProcessingPipeline[0]
      running Unity.Jobs.CodeGen.JobsILPostProcessor
info: Unity.ILPP.Runner.PostProcessingPipeline[0]
      running Unity.Jobs.CodeGen.JobsILPostProcessor
info: Unity.ILPP.Runner.PostProcessingPipeline[0]
      running zzzUnity.Burst.CodeGen.BurstILPostProcessor
info: Microsoft.AspNetCore.Routing.EndpointMiddleware[1]
      Executed endpoint 'gRPC - /UnityILPP.PostProcessing/PostProcessAssembly'
info: Microsoft.AspNetCore.Hosting.Diagnostics[2]
      Request finished HTTP/2 POST http://ilpp/UnityILPP.PostProcessing/PostProcessAssembly - 200 - application/grpc 24.9032ms
info: Unity.ILPP.Runner.PostProcessingPipeline[0]
      running zzzUnity.Burst.CodeGen.BurstILPostProcessor
info: Microsoft.AspNetCore.Routing.EndpointMiddleware[1]
      Executed endpoint 'gRPC - /UnityILPP.PostProcessing/PostProcessAssembly'
info: Microsoft.AspNetCore.Hosting.Diagnostics[2]
      Request finished HTTP/2 POST http://ilpp/UnityILPP.PostProcessing/PostProcessAssembly - 200 - application/grpc 42.2892ms
ExitCode: 0 Duration: 0s458ms
[736/937    0s] ILPP-Configuration Library/ilpp-configuration.nevergeneratedoutput
[929/937    0s] Csc Library/Bee/artifacts/1900b0aE.dag/Assembly-CSharp.dll (+2 others)
[931/937    0s] ILPostProcess Library/Bee/artifacts/1900b0aE.dag/post-processed/Assembly-CSharp.dll (+pdb)
Processing assembly Library/Bee/artifacts/1900b0aE.dag/Assembly-CSharp.dll, with 142 defines and 339 references

processors: Unity.Jobs.CodeGen.JobsILPostProcessor, zzzUnity.Burst.CodeGen.BurstILPostProcessor

running Unity.Jobs.CodeGen.JobsILPostProcessor

running zzzUnity.Burst.CodeGen.BurstILPostProcessor
[932/937    0s] ILPostProcess Library/Bee/artifacts/1900b0aE.dag/post-processed/Assembly-CSharp-Editor.dll (+pdb)
Processing assembly Library/Bee/artifacts/1900b0aE.dag/Assembly-CSharp-Editor.dll, with 140 defines and 362 references

processors: Unity.Jobs.CodeGen.JobsILPostProcessor, zzzUnity.Burst.CodeGen.BurstILPostProcessor

running Unity.Jobs.CodeGen.JobsILPostProcessor

running zzzUnity.Burst.CodeGen.BurstILPostProcessor
[933/937    0s] CopyFiles Library/ScriptAssemblies/Assembly-CSharp.pdb
[934/937    0s] CopyFiles Library/ScriptAssemblies/Assembly-CSharp.dll
*** Tundra build success (0.42 seconds), 6 items updated, 937 evaluated
Reloading assemblies after finishing script compilation.
Reloading assemblies after forced synchronous recompile.
Begin MonoManager ReloadAssembly
Total cache size 267245200
Total cache size after purge 267245200, took 00:00:00.5745082
Native extension for WindowsStandalone target not found
Native extension for WebGL target not found
[MODES] ModeService[none].Initialize
[MODES] ModeService[none].LoadModes
ScheduleIndexationOnStartup MainProcess:True IndexOnStartup:True
Mono: successfully reloaded assembly
- Finished resetting the current domain, in  2.814 seconds
Domain Reload Profiling: 4603ms
	BeginReloadAssembly (1208ms)
		DisableScriptedObjects (306ms)
		CreateAndSetChildDomain (562ms)
	RebuildCommonClasses (14ms)
	RebuildNativeTypeToScriptingClass (21ms)
	initialDomainReloadingComplete (77ms)
	LoadAllAssembliesAndSetupDomain (467ms)
		LoadAssemblies (183ms)
		AnalyzeDomain (283ms)
			TypeCache.Refresh (11ms)
			BuildScriptInfoCaches (239ms)
			ResolveRequiredComponents (31ms)
	FinalizeReload (2815ms)
		SetupLoadedEditorAssemblies (0ms)
			InitializePlatformSupportModulesInManaged (3ms)
			BeforeProcessingInitializeOnLoad (250ms)
			ProcessInitializeOnLoadAttributes (608ms)
			ProcessInitializeOnLoadMethodAttributes (213ms)
			AfterProcessingInitializeOnLoad (7ms)
		AwakeInstancesAfterBackupRestoration (872ms)

Asset Pipeline Refresh (id=bf05c755f53965b4fb206d4b51091560): Total: 4.925 seconds - Initiated by StopAssetImportingV2(ForceSynchronousImport | ForceDomainReload)
	(Values over 0.05ms)
	Summary:
		Imports: total=0 (actual=0, local cache=0, cache server=0)
		Asset DB Process Time: managed=0 ms, native=2988 ms
		Asset DB Callback time: managed=58 ms, native=0 ms
		Scripting: domain reloads=1, domain reload time=1875 ms, compile time=2 ms, other=0 ms
		Project Asset Count: scripts=1362, non-scripts=2318
		Asset File Changes: new=0, changed=0, moved=0, deleted=0
		Scan Filter Count: 0
	InvokePackagesCallback: 2.172ms
	ApplyChangesToAssetFolders: 0.428ms
	Collect global state as custom dependencies: 3.329ms
	ProcessAssetsWithTransientArtifactChanges: 6.977ms
	CategorizeAssets: 56.563ms
	CompileScripts: 1.656ms
	ImportOutOfDateAssets: 2878.662ms (2828.852ms without children)
		CollectScriptTypesHashes: 1.595ms
		ReloadNativeAssets: 1.247ms
		UnloadImportedAssets: 0.267ms
		EnsureUptoDateAssetsAreRegisteredWithGuidPM: 0.699ms
		ImportSchedulerStart: 47.565ms
	PostProcessAllAssets: 58.276ms
		MonoPostProcessAllAssets: 58.266ms
			UniversalRenderPipelineGlobalSettingsPostprocessor.OnPostprocessAllAssets 20.039ms
			SyncVS.PostprocessSyncProject 4.568ms
			WindowAssetPostprocessingWatcher.OnPostprocessAllAssets 4.045ms
			SpeedTree9Postprocessor.OnPostprocessAllAssets 2.592ms
			EditModeScopePostprocessor.OnPostprocessAllAssets 2.029ms
			RenderPipelineGlobalSettingsPostprocessor.OnPostprocessAllAssets 1.312ms
			ProjectSettingsPostprocessor.OnPostprocessAllAssets 0.989ms
			ShaderReflectionAssetPostProcessor.OnPostprocessAllAssets 0.475ms
			ReferencedClipsPostProcessor.OnPostprocessAllAssets 0.440ms
			InputActionAssetPostprocessor.OnPostprocessAllAssets 0.343ms
			AssetDatabaseCallbacks.OnPostprocessAllAssets 0.291ms
			AssetChangedListener.OnPostprocessAllAssets 0.229ms
			TerrainToolbarOverlayPostProcessor.OnPostprocessAllAssets 0.204ms
			ShaderGraphAssetPostProcessor.OnPostprocessAllAssets 0.121ms
			AssetPostprocessor.OnPostprocessAllAssets 0.071ms
	GatherAllCurrentPrimaryImportResultRevisions: 0.144ms
	PersistCurrentRevisions: 0.141ms
	GenerateScriptTypeHashes: 2.711ms
	GenerateScriptTypeSerializationHashes: 4.525ms
	Untracked: 1910.686ms

[Licensing::Client] Successfully resolved entitlement details
[Licensing::Client] Successfully resolved entitlement details
Asset Pipeline Refresh (id=1b8dac74a09efb44aa86410d79aca194): Total: 0.011 seconds - Initiated by RefreshV2(AllowForceSynchronousImport)
[Licensing::Client] Successfully resolved entitlement details
Reloading assemblies for play mode.
Reloading assemblies after forced synchronous recompile.
Begin MonoManager ReloadAssembly
Native extension for WindowsStandalone target not found
Native extension for WebGL target not found
ScheduleIndexationOnStartup MainProcess:True IndexOnStartup:True
[MODES] ModeService[none].Initialize
[MODES] ModeService[none].LoadModes
Mono: successfully reloaded assembly
- Finished resetting the current domain, in  2.601 seconds
Domain Reload Profiling: 3805ms
	BeginReloadAssembly (884ms)
		DisableScriptedObjects (123ms)
		CreateAndSetChildDomain (542ms)
	RebuildCommonClasses (14ms)
	RebuildNativeTypeToScriptingClass (21ms)
	initialDomainReloadingComplete (70ms)
	LoadAllAssembliesAndSetupDomain (214ms)
		LoadAssemblies (157ms)
		AnalyzeDomain (42ms)
			TypeCache.Refresh (7ms)
			ResolveRequiredComponents (30ms)
	FinalizeReload (2602ms)
		SetupLoadedEditorAssemblies (0ms)
			InitializePlatformSupportModulesInManaged (3ms)
			BeforeProcessingInitializeOnLoad (114ms)
			ProcessInitializeOnLoadAttributes (549ms)
			ProcessInitializeOnLoadMethodAttributes (207ms)
			AfterProcessingInitializeOnLoad (8ms)
		AwakeInstancesAfterBackupRestoration (941ms)

Asset Pipeline Refresh (id=339d50fd83ec0bb4e8496b60b9ea3c20): Total: 4.044 seconds - Initiated by StopAssetImportingV2(ForceSynchronousImport | ForceDomainReload)
	(Values over 0.05ms)
	Summary:
		Imports: total=0 (actual=0, local cache=0, cache server=0)
		Asset DB Process Time: managed=0 ms, native=2747 ms
		Asset DB Callback time: managed=35 ms, native=0 ms
		Scripting: domain reloads=1, domain reload time=1258 ms, compile time=2 ms, other=0 ms
		Project Asset Count: scripts=1362, non-scripts=2318
		Asset File Changes: new=0, changed=0, moved=0, deleted=0
		Scan Filter Count: 0
	InvokePackagesCallback: 1.654ms
	ApplyChangesToAssetFolders: 0.374ms
	Collect global state as custom dependencies: 3.079ms
	ProcessAssetsWithTransientArtifactChanges: 0.269ms
	CategorizeAssets: 54.123ms
	CompileScripts: 1.671ms
	ImportOutOfDateAssets: 2649.811ms (2615.931ms without children)
		CollectScriptTypesHashes: 1.574ms
		ReloadNativeAssets: 1.998ms
		UnloadImportedAssets: 0.272ms
		EnsureUptoDateAssetsAreRegisteredWithGuidPM: 0.842ms
		ImportSchedulerStart: 30.744ms
	PostProcessAllAssets: 35.786ms
		MonoPostProcessAllAssets: 35.782ms
			UniversalRenderPipelineGlobalSettingsPostprocessor.OnPostprocessAllAssets 12.491ms
			SyncVS.PostprocessSyncProject 3.702ms
			SpeedTree9Postprocessor.OnPostprocessAllAssets 2.478ms
			WindowAssetPostprocessingWatcher.OnPostprocessAllAssets 2.222ms
			ProjectSettingsPostprocessor.OnPostprocessAllAssets 0.983ms
			RenderPipelineGlobalSettingsPostprocessor.OnPostprocessAllAssets 0.794ms
			ShaderReflectionAssetPostProcessor.OnPostprocessAllAssets 0.405ms
			InputActionAssetPostprocessor.OnPostprocessAllAssets 0.372ms
			ReferencedClipsPostProcessor.OnPostprocessAllAssets 0.325ms
			EditModeScopePostprocessor.OnPostprocessAllAssets 0.315ms
			AssetChangedListener.OnPostprocessAllAssets 0.229ms
			TerrainToolbarOverlayPostProcessor.OnPostprocessAllAssets 0.225ms
			AssetDatabaseCallbacks.OnPostprocessAllAssets 0.178ms
			ShaderGraphAssetPostProcessor.OnPostprocessAllAssets 0.121ms
			AssetPostprocessor.OnPostprocessAllAssets 0.071ms
	GatherAllCurrentPrimaryImportResultRevisions: 0.140ms
	PersistCurrentRevisions: 0.119ms
	GenerateScriptTypeHashes: 3.372ms
	GenerateScriptTypeSerializationHashes: 5.398ms
	Untracked: 1291.700ms

Loaded scene 'Temp/__Backupscenes/0.backup'
	Deserialize:            1.714 ms
	Integration:            365.817 ms
	Integration of assets:  0.001 ms
	Thread Wait Time:       0.014 ms
	Total Operation Time:   367.546 ms
RIS Signal Model Started
UnityEngine.Debug:ExtractStackTraceNoAlloc (byte*,int,string)
UnityEngine.StackTraceUtility:ExtractStackTrace ()
UnityEngine.DebugLogHandler:Internal_Log (UnityEngine.LogType,UnityEngine.LogOption,string,UnityEngine.Object)
UnityEngine.DebugLogHandler:LogFormat (UnityEngine.LogType,UnityEngine.Object,string,object[])
UnityEngine.Logger:Log (UnityEngine.LogType,object)
UnityEngine.Debug:Log (object)
RISSignalModel:Start () (at Assets/Scripts/RISSignalModel.cs:11)

(Filename: Assets/Scripts/RISSignalModel.cs Line: 11)

RIS Controller connected successfully.
UnityEngine.Debug:ExtractStackTraceNoAlloc (byte*,int,string)
UnityEngine.StackTraceUtility:ExtractStackTrace ()
UnityEngine.DebugLogHandler:Internal_Log (UnityEngine.LogType,UnityEngine.LogOption,string,UnityEngine.Object)
UnityEngine.DebugLogHandler:LogFormat (UnityEngine.LogType,UnityEngine.Object,string,object[])
UnityEngine.Logger:Log (UnityEngine.LogType,object)
UnityEngine.Debug:Log (object)
RISSignalModel:Start () (at Assets/Scripts/RISSignalModel.cs:19)

(Filename: Assets/Scripts/RISSignalModel.cs Line: 19)

Number of RIS Elements: 16
UnityEngine.Debug:ExtractStackTraceNoAlloc (byte*,int,string)
UnityEngine.StackTraceUtility:ExtractStackTrace ()
UnityEngine.DebugLogHandler:Internal_Log (UnityEngine.LogType,UnityEngine.LogOption,string,UnityEngine.Object)
UnityEngine.DebugLogHandler:LogFormat (UnityEngine.LogType,UnityEngine.Object,string,object[])
UnityEngine.Logger:Log (UnityEngine.LogType,object)
UnityEngine.Debug:Log (object)
RISSignalModel:Start () (at Assets/Scripts/RISSignalModel.cs:20)

(Filename: Assets/Scripts/RISSignalModel.cs Line: 20)

RIS Controller Started
UnityEngine.Debug:ExtractStackTraceNoAlloc (byte*,int,string)
UnityEngine.StackTraceUtility:ExtractStackTrace ()
UnityEngine.DebugLogHandler:Internal_Log (UnityEngine.LogType,UnityEngine.LogOption,string,UnityEngine.Object)
UnityEngine.DebugLogHandler:LogFormat (UnityEngine.LogType,UnityEngine.Object,string,object[])
UnityEngine.Logger:Log (UnityEngine.LogType,object)
UnityEngine.Debug:Log (object)
RISController:Start () (at Assets/Scripts/RISController.cs:18)

(Filename: Assets/Scripts/RISController.cs Line: 18)

Number of RIS Elements: 16
UnityEngine.Debug:ExtractStackTraceNoAlloc (byte*,int,string)
UnityEngine.StackTraceUtility:ExtractStackTrace ()
UnityEngine.DebugLogHandler:Internal_Log (UnityEngine.LogType,UnityEngine.LogOption,string,UnityEngine.Object)
UnityEngine.DebugLogHandler:LogFormat (UnityEngine.LogType,UnityEngine.Object,string,object[])
UnityEngine.Logger:Log (UnityEngine.LogType,object)
UnityEngine.Debug:Log (object)
RISController:Start () (at Assets/Scripts/RISController.cs:19)

(Filename: Assets/Scripts/RISController.cs Line: 19)

RIS Phase System Ready
UnityEngine.Debug:ExtractStackTraceNoAlloc (byte*,int,string)
UnityEngine.StackTraceUtility:ExtractStackTrace ()
UnityEngine.DebugLogHandler:Internal_Log (UnityEngine.LogType,UnityEngine.LogOption,string,UnityEngine.Object)
UnityEngine.DebugLogHandler:LogFormat (UnityEngine.LogType,UnityEngine.Object,string,object[])
UnityEngine.Logger:Log (UnityEngine.LogType,object)
UnityEngine.Debug:Log (object)
RISController:Start () (at Assets/Scripts/RISController.cs:33)

(Filename: Assets/Scripts/RISController.cs Line: 33)

Element 1 Phase = 0°
UnityEngine.Debug:ExtractStackTraceNoAlloc (byte*,int,string)
UnityEngine.StackTraceUtility:ExtractStackTrace ()
UnityEngine.DebugLogHandler:Internal_Log (UnityEngine.LogType,UnityEngine.LogOption,string,UnityEngine.Object)
UnityEngine.DebugLogHandler:LogFormat (UnityEngine.LogType,UnityEngine.Object,string,object[])
UnityEngine.Logger:Log (UnityEngine.LogType,object)
UnityEngine.Debug:Log (object)
RISController:SetPhase (int,single) (at Assets/Scripts/RISController.cs:74)
RISController:SetAllPhases (single[]) (at Assets/Scripts/RISController.cs:91)
RISController:Start () (at Assets/Scripts/RISController.cs:50)

(Filename: Assets/Scripts/RISController.cs Line: 74)

Element 2 Phase = 30°
UnityEngine.Debug:ExtractStackTraceNoAlloc (byte*,int,string)
UnityEngine.StackTraceUtility:ExtractStackTrace ()
UnityEngine.DebugLogHandler:Internal_Log (UnityEngine.LogType,UnityEngine.LogOption,string,UnityEngine.Object)
UnityEngine.DebugLogHandler:LogFormat (UnityEngine.LogType,UnityEngine.Object,string,object[])
UnityEngine.Logger:Log (UnityEngine.LogType,object)
UnityEngine.Debug:Log (object)
RISController:SetPhase (int,single) (at Assets/Scripts/RISController.cs:74)
RISController:SetAllPhases (single[]) (at Assets/Scripts/RISController.cs:91)
RISController:Start () (at Assets/Scripts/RISController.cs:50)

(Filename: Assets/Scripts/RISController.cs Line: 74)

Element 3 Phase = 60°
UnityEngine.Debug:ExtractStackTraceNoAlloc (byte*,int,string)
UnityEngine.StackTraceUtility:ExtractStackTrace ()
UnityEngine.DebugLogHandler:Internal_Log (UnityEngine.LogType,UnityEngine.LogOption,string,UnityEngine.Object)
UnityEngine.DebugLogHandler:LogFormat (UnityEngine.LogType,UnityEngine.Object,string,object[])
UnityEngine.Logger:Log (UnityEngine.LogType,object)
UnityEngine.Debug:Log (object)
RISController:SetPhase (int,single) (at Assets/Scripts/RISController.cs:74)
RISController:SetAllPhases (single[]) (at Assets/Scripts/RISController.cs:91)
RISController:Start () (at Assets/Scripts/RISController.cs:50)

(Filename: Assets/Scripts/RISController.cs Line: 74)

Element 4 Phase = 90°
UnityEngine.Debug:ExtractStackTraceNoAlloc (byte*,int,string)
UnityEngine.StackTraceUtility:ExtractStackTrace ()
UnityEngine.DebugLogHandler:Internal_Log (UnityEngine.LogType,UnityEngine.LogOption,string,UnityEngine.Object)
UnityEngine.DebugLogHandler:LogFormat (UnityEngine.LogType,UnityEngine.Object,string,object[])
UnityEngine.Logger:Log (UnityEngine.LogType,object)
UnityEngine.Debug:Log (object)
RISController:SetPhase (int,single) (at Assets/Scripts/RISController.cs:74)
RISController:SetAllPhases (single[]) (at Assets/Scripts/RISController.cs:91)
RISController:Start () (at Assets/Scripts/RISController.cs:50)

(Filename: Assets/Scripts/RISController.cs Line: 74)

Element 5 Phase = 30°
UnityEngine.Debug:ExtractStackTraceNoAlloc (byte*,int,string)
UnityEngine.StackTraceUtility:ExtractStackTrace ()
UnityEngine.DebugLogHandler:Internal_Log (UnityEngine.LogType,UnityEngine.LogOption,string,UnityEngine.Object)
UnityEngine.DebugLogHandler:LogFormat (UnityEngine.LogType,UnityEngine.Object,string,object[])
UnityEngine.Logger:Log (UnityEngine.LogType,object)
UnityEngine.Debug:Log (object)
RISController:SetPhase (int,single) (at Assets/Scripts/RISController.cs:74)
RISController:SetAllPhases (single[]) (at Assets/Scripts/RISController.cs:91)
RISController:Start () (at Assets/Scripts/RISController.cs:50)

(Filename: Assets/Scripts/RISController.cs Line: 74)

Element 6 Phase = 60°
UnityEngine.Debug:ExtractStackTraceNoAlloc (byte*,int,string)
UnityEngine.StackTraceUtility:ExtractStackTrace ()
UnityEngine.DebugLogHandler:Internal_Log (UnityEngine.LogType,UnityEngine.LogOption,string,UnityEngine.Object)
UnityEngine.DebugLogHandler:LogFormat (UnityEngine.LogType,UnityEngine.Object,string,object[])
UnityEngine.Logger:Log (UnityEngine.LogType,object)
UnityEngine.Debug:Log (object)
RISController:SetPhase (int,single) (at Assets/Scripts/RISController.cs:74)
RISController:SetAllPhases (single[]) (at Assets/Scripts/RISController.cs:91)
RISController:Start () (at Assets/Scripts/RISController.cs:50)

(Filename: Assets/Scripts/RISController.cs Line: 74)

Element 7 Phase = 90°
UnityEngine.Debug:ExtractStackTraceNoAlloc (byte*,int,string)
UnityEngine.StackTraceUtility:ExtractStackTrace ()
UnityEngine.DebugLogHandler:Internal_Log (UnityEngine.LogType,UnityEngine.LogOption,string,UnityEngine.Object)
UnityEngine.DebugLogHandler:LogFormat (UnityEngine.LogType,UnityEngine.Object,string,object[])
UnityEngine.Logger:Log (UnityEngine.LogType,object)
UnityEngine.Debug:Log (object)
RISController:SetPhase (int,single) (at Assets/Scripts/RISController.cs:74)
RISController:SetAllPhases (single[]) (at Assets/Scripts/RISController.cs:91)
RISController:Start () (at Assets/Scripts/RISController.cs:50)

(Filename: Assets/Scripts/RISController.cs Line: 74)

Element 8 Phase = 120°
UnityEngine.Debug:ExtractStackTraceNoAlloc (byte*,int,string)
UnityEngine.StackTraceUtility:ExtractStackTrace ()
UnityEngine.DebugLogHandler:Internal_Log (UnityEngine.LogType,UnityEngine.LogOption,string,UnityEngine.Object)
UnityEngine.DebugLogHandler:LogFormat (UnityEngine.LogType,UnityEngine.Object,string,object[])
UnityEngine.Logger:Log (UnityEngine.LogType,object)
UnityEngine.Debug:Log (object)
RISController:SetPhase (int,single) (at Assets/Scripts/RISController.cs:74)
RISController:SetAllPhases (single[]) (at Assets/Scripts/RISController.cs:91)
RISController:Start () (at Assets/Scripts/RISController.cs:50)

(Filename: Assets/Scripts/RISController.cs Line: 74)

Element 9 Phase = 60°
UnityEngine.Debug:ExtractStackTraceNoAlloc (byte*,int,string)
UnityEngine.StackTraceUtility:ExtractStackTrace ()
UnityEngine.DebugLogHandler:Internal_Log (UnityEngine.LogType,UnityEngine.LogOption,string,UnityEngine.Object)
UnityEngine.DebugLogHandler:LogFormat (UnityEngine.LogType,UnityEngine.Object,string,object[])
UnityEngine.Logger:Log (UnityEngine.LogType,object)
UnityEngine.Debug:Log (object)
RISController:SetPhase (int,single) (at Assets/Scripts/RISController.cs:74)
RISController:SetAllPhases (single[]) (at Assets/Scripts/RISController.cs:91)
RISController:Start () (at Assets/Scripts/RISController.cs:50)

(Filename: Assets/Scripts/RISController.cs Line: 74)

Element 10 Phase = 90°
UnityEngine.Debug:ExtractStackTraceNoAlloc (byte*,int,string)
UnityEngine.StackTraceUtility:ExtractStackTrace ()
UnityEngine.DebugLogHandler:Internal_Log (UnityEngine.LogType,UnityEngine.LogOption,string,UnityEngine.Object)
UnityEngine.DebugLogHandler:LogFormat (UnityEngine.LogType,UnityEngine.Object,string,object[])
UnityEngine.Logger:Log (UnityEngine.LogType,object)
UnityEngine.Debug:Log (object)
RISController:SetPhase (int,single) (at Assets/Scripts/RISController.cs:74)
RISController:SetAllPhases (single[]) (at Assets/Scripts/RISController.cs:91)
RISController:Start () (at Assets/Scripts/RISController.cs:50)

(Filename: Assets/Scripts/RISController.cs Line: 74)

Element 11 Phase = 120°
UnityEngine.Debug:ExtractStackTraceNoAlloc (byte*,int,string)
UnityEngine.StackTraceUtility:ExtractStackTrace ()
UnityEngine.DebugLogHandler:Internal_Log (UnityEngine.LogType,UnityEngine.LogOption,string,UnityEngine.Object)
UnityEngine.DebugLogHandler:LogFormat (UnityEngine.LogType,UnityEngine.Object,string,object[])
UnityEngine.Logger:Log (UnityEngine.LogType,object)
UnityEngine.Debug:Log (object)
RISController:SetPhase (int,single) (at Assets/Scripts/RISController.cs:74)
RISController:SetAllPhases (single[]) (at Assets/Scripts/RISController.cs:91)
RISController:Start () (at Assets/Scripts/RISController.cs:50)

(Filename: Assets/Scripts/RISController.cs Line: 74)

Element 12 Phase = 150°
UnityEngine.Debug:ExtractStackTraceNoAlloc (byte*,int,string)
UnityEngine.StackTraceUtility:ExtractStackTrace ()
UnityEngine.DebugLogHandler:Internal_Log (UnityEngine.LogType,UnityEngine.LogOption,string,UnityEngine.Object)
UnityEngine.DebugLogHandler:LogFormat (UnityEngine.LogType,UnityEngine.Object,string,object[])
UnityEngine.Logger:Log (UnityEngine.LogType,object)
UnityEngine.Debug:Log (object)
RISController:SetPhase (int,single) (at Assets/Scripts/RISController.cs:74)
RISController:SetAllPhases (single[]) (at Assets/Scripts/RISController.cs:91)
RISController:Start () (at Assets/Scripts/RISController.cs:50)

(Filename: Assets/Scripts/RISController.cs Line: 74)

Element 13 Phase = 90°
UnityEngine.Debug:ExtractStackTraceNoAlloc (byte*,int,string)
UnityEngine.StackTraceUtility:ExtractStackTrace ()
UnityEngine.DebugLogHandler:Internal_Log (UnityEngine.LogType,UnityEngine.LogOption,string,UnityEngine.Object)
UnityEngine.DebugLogHandler:LogFormat (UnityEngine.LogType,UnityEngine.Object,string,object[])
UnityEngine.Logger:Log (UnityEngine.LogType,object)
UnityEngine.Debug:Log (object)
RISController:SetPhase (int,single) (at Assets/Scripts/RISController.cs:74)
RISController:SetAllPhases (single[]) (at Assets/Scripts/RISController.cs:91)
RISController:Start () (at Assets/Scripts/RISController.cs:50)

(Filename: Assets/Scripts/RISController.cs Line: 74)

Element 14 Phase = 120°
UnityEngine.Debug:ExtractStackTraceNoAlloc (byte*,int,string)
UnityEngine.StackTraceUtility:ExtractStackTrace ()
UnityEngine.DebugLogHandler:Internal_Log (UnityEngine.LogType,UnityEngine.LogOption,string,UnityEngine.Object)
UnityEngine.DebugLogHandler:LogFormat (UnityEngine.LogType,UnityEngine.Object,string,object[])
UnityEngine.Logger:Log (UnityEngine.LogType,object)
UnityEngine.Debug:Log (object)
RISController:SetPhase (int,single) (at Assets/Scripts/RISController.cs:74)
RISController:SetAllPhases (single[]) (at Assets/Scripts/RISController.cs:91)
RISController:Start () (at Assets/Scripts/RISController.cs:50)

(Filename: Assets/Scripts/RISController.cs Line: 74)

Element 15 Phase = 150°
UnityEngine.Debug:ExtractStackTraceNoAlloc (byte*,int,string)
UnityEngine.StackTraceUtility:ExtractStackTrace ()
UnityEngine.DebugLogHandler:Internal_Log (UnityEngine.LogType,UnityEngine.LogOption,string,UnityEngine.Object)
UnityEngine.DebugLogHandler:LogFormat (UnityEngine.LogType,UnityEngine.Object,string,object[])
UnityEngine.Logger:Log (UnityEngine.LogType,object)
UnityEngine.Debug:Log (object)
RISController:SetPhase (int,single) (at Assets/Scripts/RISController.cs:74)
RISController:SetAllPhases (single[]) (at Assets/Scripts/RISController.cs:91)
RISController:Start () (at Assets/Scripts/RISController.cs:50)

(Filename: Assets/Scripts/RISController.cs Line: 74)

Element 16 Phase = 180°
UnityEngine.Debug:ExtractStackTraceNoAlloc (byte*,int,string)
UnityEngine.StackTraceUtility:ExtractStackTrace ()
UnityEngine.DebugLogHandler:Internal_Log (UnityEngine.LogType,UnityEngine.LogOption,string,UnityEngine.Object)
UnityEngine.DebugLogHandler:LogFormat (UnityEngine.LogType,UnityEngine.Object,string,object[])
UnityEngine.Logger:Log (UnityEngine.LogType,object)
UnityEngine.Debug:Log (object)
RISController:SetPhase (int,single) (at Assets/Scripts/RISController.cs:74)
RISController:SetAllPhases (single[]) (at Assets/Scripts/RISController.cs:91)
RISController:Start () (at Assets/Scripts/RISController.cs:50)

(Filename: Assets/Scripts/RISController.cs Line: 74)

RIS configuration updated successfully.
UnityEngine.Debug:ExtractStackTraceNoAlloc (byte*,int,string)
UnityEngine.StackTraceUtility:ExtractStackTrace ()
UnityEngine.DebugLogHandler:Internal_Log (UnityEngine.LogType,UnityEngine.LogOption,string,UnityEngine.Object)
UnityEngine.DebugLogHandler:LogFormat (UnityEngine.LogType,UnityEngine.Object,string,object[])
UnityEngine.Logger:Log (UnityEngine.LogType,object)
UnityEngine.Debug:Log (object)
RISController:SetAllPhases (single[]) (at Assets/Scripts/RISController.cs:94)
RISController:Start () (at Assets/Scripts/RISController.cs:50)

(Filename: Assets/Scripts/RISController.cs Line: 94)

[Licensing::Client] Successfully resolved entitlement details
[Licensing::Client] Successfully resolved entitlement details
[Licensing::Client] Successfully resolved entitlement details
Asset Pipeline Refresh (id=57515fd4505f7db4e89f45d659229bc1): Total: 0.014 seconds - Initiated by RefreshV2(NoUpdateAssetOptions)
[ScriptCompilation] Requested script compilation because: AssetDatabase observed changes in script compilation related files
Asset Pipeline Refresh (id=4a3b0ecacecef9d4f96e9b60a4d63114): Total: 0.111 seconds - Initiated by RefreshV2(NoUpdateAssetOptions)
[Licensing::Client] Successfully resolved entitlement details
info: Microsoft.AspNetCore.Hosting.Diagnostics[1]
      Request starting HTTP/2 POST http://ilpp/UnityILPP.PostProcessing/Ping - application/grpc -
info: Microsoft.AspNetCore.Routing.EndpointMiddleware[0]
      Executing endpoint 'gRPC - /UnityILPP.PostProcessing/Ping'
info: Microsoft.AspNetCore.Routing.EndpointMiddleware[1]
      Executed endpoint 'gRPC - /UnityILPP.PostProcessing/Ping'
info: Microsoft.AspNetCore.Hosting.Diagnostics[2]
      Request finished HTTP/2 POST http://ilpp/UnityILPP.PostProcessing/Ping - 200 - application/grpc 0.3451ms
Starting: C:\Program Files\Unity\Hub\Editor\6000.5.6f1\Editor\Data\Tools\BuildPipeline\bee_backend.exe --ipc --defer-dag-verification --dagfile="Library/Bee/1900b0aE.dag" --continue-on-failure --profile="Library/Bee/backend1.traceevents" ScriptAssemblies
WorkingDir: D:/Private/unity projects/graduation project
info: Microsoft.AspNetCore.Hosting.Diagnostics[1]
      Request starting HTTP/2 POST http://ilpp/UnityILPP.PostProcessing/ConfigurePostProcessors - application/grpc -
info: Microsoft.AspNetCore.Routing.EndpointMiddleware[0]
      Executing endpoint 'gRPC - /UnityILPP.PostProcessing/ConfigurePostProcessors'
info: Unity.ILPP.Runner.PostProcessingAssemblyLoadContext[0]
      Current configuration matches the requested one, skipping
info: Microsoft.AspNetCore.Routing.EndpointMiddleware[1]
      Executed endpoint 'gRPC - /UnityILPP.PostProcessing/ConfigurePostProcessors'
info: Microsoft.AspNetCore.Hosting.Diagnostics[2]
      Request finished HTTP/2 POST http://ilpp/UnityILPP.PostProcessing/ConfigurePostProcessors - 200 - application/grpc 5.0404ms
info: Microsoft.AspNetCore.Hosting.Diagnostics[1]
      Request starting HTTP/2 POST http://ilpp/UnityILPP.PostProcessing/PostProcessAssembly - application/grpc -
info: Microsoft.AspNetCore.Hosting.Diagnostics[1]
      Request starting HTTP/2 POST http://ilpp/UnityILPP.PostProcessing/PostProcessAssembly - application/grpc -
info: Microsoft.AspNetCore.Routing.EndpointMiddleware[0]
      Executing endpoint 'gRPC - /UnityILPP.PostProcessing/PostProcessAssembly'
info: Microsoft.AspNetCore.Routing.EndpointMiddleware[0]
      Executing endpoint 'gRPC - /UnityILPP.PostProcessing/PostProcessAssembly'
info: Unity.ILPP.Runner.PostProcessingPipeline[0]
      Processing assembly Library/Bee/artifacts/1900b0aE.dag/Assembly-CSharp-Editor.dll, with 140 defines and 362 references
info: Unity.ILPP.Runner.PostProcessingPipeline[0]
      processors: Unity.Jobs.CodeGen.JobsILPostProcessor, zzzUnity.Burst.CodeGen.BurstILPostProcessor
info: Unity.ILPP.Runner.PostProcessingPipeline[0]
      Processing assembly Library/Bee/artifacts/1900b0aE.dag/Assembly-CSharp.dll, with 142 defines and 339 references
info: Unity.ILPP.Runner.PostProcessingPipeline[0]
      processors: Unity.Jobs.CodeGen.JobsILPostProcessor, zzzUnity.Burst.CodeGen.BurstILPostProcessor
info: Unity.ILPP.Runner.PostProcessingPipeline[0]
      running Unity.Jobs.CodeGen.JobsILPostProcessor
info: Unity.ILPP.Runner.PostProcessingPipeline[0]
      running Unity.Jobs.CodeGen.JobsILPostProcessor
info: Unity.ILPP.Runner.PostProcessingPipeline[0]
      running zzzUnity.Burst.CodeGen.BurstILPostProcessor
info: Unity.ILPP.Runner.PostProcessingPipeline[0]
      running zzzUnity.Burst.CodeGen.BurstILPostProcessor
info: Microsoft.AspNetCore.Routing.EndpointMiddleware[1]
      Executed endpoint 'gRPC - /UnityILPP.PostProcessing/PostProcessAssembly'
info: Microsoft.AspNetCore.Hosting.Diagnostics[2]
      Request finished HTTP/2 POST http://ilpp/UnityILPP.PostProcessing/PostProcessAssembly - 200 - application/grpc 16.4871ms
info: Microsoft.AspNetCore.Routing.EndpointMiddleware[1]
      Executed endpoint 'gRPC - /UnityILPP.PostProcessing/PostProcessAssembly'
info: Microsoft.AspNetCore.Hosting.Diagnostics[2]
      Request finished HTTP/2 POST http://ilpp/UnityILPP.PostProcessing/PostProcessAssembly - 200 - application/grpc 26.4745ms
ExitCode: 0 Duration: 0s487ms
[736/937    0s] ILPP-Configuration Library/ilpp-configuration.nevergeneratedoutput
[929/937    0s] Csc Library/Bee/artifacts/1900b0aE.dag/Assembly-CSharp.dll (+2 others)
[931/937    0s] ILPostProcess Library/Bee/artifacts/1900b0aE.dag/post-processed/Assembly-CSharp-Editor.dll (+pdb)
Processing assembly Library/Bee/artifacts/1900b0aE.dag/Assembly-CSharp-Editor.dll, with 140 defines and 362 references

processors: Unity.Jobs.CodeGen.JobsILPostProcessor, zzzUnity.Burst.CodeGen.BurstILPostProcessor

running Unity.Jobs.CodeGen.JobsILPostProcessor

running zzzUnity.Burst.CodeGen.BurstILPostProcessor
[932/937    0s] ILPostProcess Library/Bee/artifacts/1900b0aE.dag/post-processed/Assembly-CSharp.dll (+pdb)
Processing assembly Library/Bee/artifacts/1900b0aE.dag/Assembly-CSharp.dll, with 142 defines and 339 references

processors: Unity.Jobs.CodeGen.JobsILPostProcessor, zzzUnity.Burst.CodeGen.BurstILPostProcessor

running Unity.Jobs.CodeGen.JobsILPostProcessor

running zzzUnity.Burst.CodeGen.BurstILPostProcessor
[935/937    0s] CopyFiles Library/ScriptAssemblies/Assembly-CSharp.pdb
[936/937    0s] CopyFiles Library/ScriptAssemblies/Assembly-CSharp.dll
*** Tundra build success (0.45 seconds), 6 items updated, 937 evaluated
Reloading assemblies after finishing script compilation.
Reloading assemblies after forced synchronous recompile.
Begin MonoManager ReloadAssembly
Total cache size 267245200
Total cache size after purge 267245200, took 00:00:00.5661563
Native extension for WindowsStandalone target not found
Native extension for WebGL target not found
[MODES] ModeService[none].Initialize
[MODES] ModeService[none].LoadModes
ScheduleIndexationOnStartup MainProcess:True IndexOnStartup:True
Mono: successfully reloaded assembly
- Finished resetting the current domain, in  3.073 seconds
Domain Reload Profiling: 5304ms
	BeginReloadAssembly (1676ms)
		DisableScriptedObjects (290ms)
		CreateAndSetChildDomain (579ms)
	RebuildCommonClasses (15ms)
	RebuildNativeTypeToScriptingClass (22ms)
	initialDomainReloadingComplete (70ms)
	LoadAllAssembliesAndSetupDomain (447ms)
		LoadAssemblies (160ms)
		AnalyzeDomain (275ms)
			TypeCache.Refresh (11ms)
			BuildScriptInfoCaches (231ms)
			ResolveRequiredComponents (31ms)
	FinalizeReload (3074ms)
		SetupLoadedEditorAssemblies (0ms)
			InitializePlatformSupportModulesInManaged (3ms)
			BeforeProcessingInitializeOnLoad (226ms)
			ProcessInitializeOnLoadAttributes (524ms)
			ProcessInitializeOnLoadMethodAttributes (192ms)
			AfterProcessingInitializeOnLoad (7ms)
		AwakeInstancesAfterBackupRestoration (825ms)

Asset Pipeline Refresh (id=083499f079642da4aad932e5031fb775): Total: 5.602 seconds - Initiated by StopAssetImportingV2(ForceSynchronousImport | ForceDomainReload)
	(Values over 0.05ms)
	Summary:
		Imports: total=0 (actual=0, local cache=0, cache server=0)
		Asset DB Process Time: managed=0 ms, native=3230 ms
		Asset DB Callback time: managed=50 ms, native=0 ms
		Scripting: domain reloads=1, domain reload time=2317 ms, compile time=2 ms, other=0 ms
		Project Asset Count: scripts=1362, non-scripts=2318
		Asset File Changes: new=0, changed=0, moved=0, deleted=0
		Scan Filter Count: 0
	InvokePackagesCallback: 2.107ms
	ApplyChangesToAssetFolders: 0.447ms
	Collect global state as custom dependencies: 3.117ms
	ProcessAssetsWithTransientArtifactChanges: 6.722ms
	CategorizeAssets: 55.955ms
	CompileScripts: 1.631ms
	ImportOutOfDateAssets: 3124.121ms (3087.782ms without children)
		CollectScriptTypesHashes: 1.450ms
		ReloadNativeAssets: 1.224ms
		UnloadImportedAssets: 0.259ms
		EnsureUptoDateAssetsAreRegisteredWithGuidPM: 0.704ms
		ImportSchedulerStart: 34.120ms
	PostProcessAllAssets: 50.963ms
		MonoPostProcessAllAssets: 50.956ms
			UniversalRenderPipelineGlobalSettingsPostprocessor.OnPostprocessAllAssets 16.857ms
			BuilderAssetPostprocessor.OnPostprocessAllAssets 7.093ms
			AssetChangedListener.OnPostprocessAllAssets 6.661ms
			SyncVS.PostprocessSyncProject 6.162ms
			AssetPostprocessor.OnPostprocessAllAssets 5.285ms
			WindowAssetPostprocessingWatcher.OnPostprocessAllAssets 3.206ms
			SpeedTree9Postprocessor.OnPostprocessAllAssets 2.649ms
			ShaderGraphAssetPostProcessor.OnPostprocessAllAssets 1.803ms
			RetainedModeAssetPostprocessor.OnPostprocessAllAssets 1.398ms
			RenderPipelineGlobalSettingsPostprocessor.OnPostprocessAllAssets 1.133ms
			TMPro_TexturePostProcessor.OnPostprocessAllAssets 0.734ms
			EditModeScopePostprocessor.OnPostprocessAllAssets 0.711ms
			ArtifactBrowserPostProcessor.OnPostprocessAllAssets 0.629ms
			ShaderReflectionAssetPostProcessor.OnPostprocessAllAssets 0.625ms
			InputActionAssetPostprocessor.OnPostprocessAllAssets 0.600ms
			MaterialPostprocessor.OnPostprocessAllAssets 0.564ms
			TextAssetPostProcessor.OnPostprocessAllAssets 0.469ms
			UVCSAssetPostprocessor.OnPostprocessAllAssets 0.443ms
			AudioMixerPostprocessor.OnPostprocessAllAssets 0.397ms
			ProjectSettingsPostprocessor.OnPostprocessAllAssets 0.395ms
			PostProcessor.OnPostprocessAllAssets 0.374ms
			ReferencedClipsPostProcessor.OnPostprocessAllAssets 0.370ms
			StyleCatalogPostProcessor.OnPostprocessAllAssets 0.360ms
			SampleDependencyImporterPostProcessor.OnPostprocessAllAssets 0.326ms
			InputActionJsonNameModifierAssetProcessor.OnPostprocessAllAssets 0.304ms
			SpeedTreePostProcessor.OnPostprocessAllAssets 0.296ms
			AssetEvents.OnPostprocessAllAssets 0.282ms
			TerrainToolbarOverlayPostProcessor.OnPostprocessAllAssets 0.206ms
			AssetDatabaseCallbacks.OnPostprocessAllAssets 0.197ms
			ScenarioDriftAssetsTracker.OnPostprocessAllAssets 0.172ms
			SamplePostprocessor.OnPostprocessAllAssets 0.165ms
			ConfigAssetsTracker.OnPostprocessAllAssets 0.154ms
			AssetReloadNotifier.OnPostprocessAllAssets 0.144ms
			AudioContainerPostProcessor.OnPostprocessAllAssets 0.091ms
	GatherAllCurrentPrimaryImportResultRevisions: 0.160ms
	PersistCurrentRevisions: 0.093ms
	GenerateScriptTypeHashes: 2.641ms
	GenerateScriptTypeSerializationHashes: 4.394ms
	Untracked: 2351.879ms

[Licensing::Client] Successfully resolved entitlement details
[Licensing::Client] Successfully resolved entitlement details
Asset Pipeline Refresh (id=ec90868f6380f69488e21f6ad2bb91ed): Total: 0.011 seconds - Initiated by RefreshV2(NoUpdateAssetOptions)
[Licensing::Client] Successfully resolved entitlement details
Unloading 0 Unused Serialized files (Serialized files now loaded: 0)
Loaded scene 'Temp/__Backupscenes/0.backup'
	Deserialize:            1.560 ms
	Integration:            276.649 ms
	Integration of assets:  0.004 ms
	Thread Wait Time:       0.018 ms
	Total Operation Time:   278.230 ms
Unloading 33 unused Assets / (4.0 MB). Loaded Objects now: 8968.
Memory consumption went from 0.75 GB to 0.75 GB.
Total: 27.341400 ms (FindLiveObjects: 0.745100 ms CreateObjectMapping: 1.083700 ms MarkObjects: 25.350400 ms  DeleteObjects: 0.160500 ms)

[Licensing::Client] Successfully resolved entitlement details
Reloading assemblies for play mode.
Reloading assemblies after forced synchronous recompile.
Begin MonoManager ReloadAssembly
Native extension for WindowsStandalone target not found
Native extension for WebGL target not found
ScheduleIndexationOnStartup MainProcess:True IndexOnStartup:True
[MODES] ModeService[none].Initialize
[MODES] ModeService[none].LoadModes
Mono: successfully reloaded assembly
- Finished resetting the current domain, in  2.515 seconds
Domain Reload Profiling: 3774ms
	BeginReloadAssembly (893ms)
		DisableScriptedObjects (112ms)
		CreateAndSetChildDomain (563ms)
	RebuildCommonClasses (16ms)
	RebuildNativeTypeToScriptingClass (24ms)
	initialDomainReloadingComplete (72ms)
	LoadAllAssembliesAndSetupDomain (253ms)
		LoadAssemblies (170ms)
		AnalyzeDomain (48ms)
			TypeCache.Refresh (9ms)
			ResolveRequiredComponents (34ms)
	FinalizeReload (2516ms)
		SetupLoadedEditorAssemblies (0ms)
			InitializePlatformSupportModulesInManaged (3ms)
			BeforeProcessingInitializeOnLoad (114ms)
			ProcessInitializeOnLoadAttributes (535ms)
			ProcessInitializeOnLoadMethodAttributes (187ms)
			AfterProcessingInitializeOnLoad (7ms)
		AwakeInstancesAfterBackupRestoration (906ms)

Asset Pipeline Refresh (id=edf18d254f44df44a843ffcd451a4518): Total: 4.024 seconds - Initiated by StopAssetImportingV2(ForceSynchronousImport | ForceDomainReload)
	(Values over 0.05ms)
	Summary:
		Imports: total=0 (actual=0, local cache=0, cache server=0)
		Asset DB Process Time: managed=0 ms, native=2672 ms
		Asset DB Callback time: managed=35 ms, native=0 ms
		Scripting: domain reloads=1, domain reload time=1314 ms, compile time=2 ms, other=0 ms
		Project Asset Count: scripts=1362, non-scripts=2318
		Asset File Changes: new=0, changed=0, moved=0, deleted=0
		Scan Filter Count: 0
	InvokePackagesCallback: 1.841ms
	ApplyChangesToAssetFolders: 0.408ms
	Collect global state as custom dependencies: 3.405ms
	ProcessAssetsWithTransientArtifactChanges: 0.269ms
	CategorizeAssets: 56.543ms
	CompileScripts: 1.724ms
	ImportOutOfDateAssets: 2567.967ms (2531.755ms without children)
		CollectScriptTypesHashes: 0.942ms
		ReloadNativeAssets: 2.388ms
		UnloadImportedAssets: 0.337ms
		EnsureUptoDateAssetsAreRegisteredWithGuidPM: 0.725ms
		ImportSchedulerStart: 32.732ms
	PostProcessAllAssets: 35.313ms
		MonoPostProcessAllAssets: 35.306ms
			UniversalRenderPipelineGlobalSettingsPostprocessor.OnPostprocessAllAssets 11.980ms
			BuilderAssetPostprocessor.OnPostprocessAllAssets 7.093ms
			AssetChangedListener.OnPostprocessAllAssets 6.661ms
			AssetPostprocessor.OnPostprocessAllAssets 5.285ms
			SyncVS.PostprocessSyncProject 3.586ms
			WindowAssetPostprocessingWatcher.OnPostprocessAllAssets 2.439ms
			SpeedTree9Postprocessor.OnPostprocessAllAssets 2.290ms
			ShaderGraphAssetPostProcessor.OnPostprocessAllAssets 1.803ms
			RetainedModeAssetPostprocessor.OnPostprocessAllAssets 1.398ms
			ProjectSettingsPostprocessor.OnPostprocessAllAssets 0.851ms
			RenderPipelineGlobalSettingsPostprocessor.OnPostprocessAllAssets 0.812ms
			TMPro_TexturePostProcessor.OnPostprocessAllAssets 0.734ms
			ArtifactBrowserPostProcessor.OnPostprocessAllAssets 0.629ms
			MaterialPostprocessor.OnPostprocessAllAssets 0.564ms
			TextAssetPostProcessor.OnPostprocessAllAssets 0.469ms
			UVCSAssetPostprocessor.OnPostprocessAllAssets 0.443ms
			ShaderReflectionAssetPostProcessor.OnPostprocessAllAssets 0.421ms
			AudioMixerPostprocessor.OnPostprocessAllAssets 0.397ms
			PostProcessor.OnPostprocessAllAssets 0.374ms
			InputActionAssetPostprocessor.OnPostprocessAllAssets 0.361ms
			StyleCatalogPostProcessor.OnPostprocessAllAssets 0.360ms
			EditModeScopePostprocessor.OnPostprocessAllAssets 0.335ms
			SampleDependencyImporterPostProcessor.OnPostprocessAllAssets 0.326ms
			ReferencedClipsPostProcessor.OnPostprocessAllAssets 0.322ms
			InputActionJsonNameModifierAssetProcessor.OnPostprocessAllAssets 0.304ms
			SpeedTreePostProcessor.OnPostprocessAllAssets 0.296ms
			AssetEvents.OnPostprocessAllAssets 0.282ms
			AssetDatabaseCallbacks.OnPostprocessAllAssets 0.197ms
			TerrainToolbarOverlayPostProcessor.OnPostprocessAllAssets 0.175ms
			ScenarioDriftAssetsTracker.OnPostprocessAllAssets 0.172ms
			SamplePostprocessor.OnPostprocessAllAssets 0.165ms
			ConfigAssetsTracker.OnPostprocessAllAssets 0.154ms
			AssetReloadNotifier.OnPostprocessAllAssets 0.144ms
			AudioContainerPostProcessor.OnPostprocessAllAssets 0.091ms
	GatherAllCurrentPrimaryImportResultRevisions: 0.176ms
	PersistCurrentRevisions: 0.223ms
	GenerateScriptTypeHashes: 3.854ms
	GenerateScriptTypeSerializationHashes: 6.348ms
	Untracked: 1349.525ms

Loaded scene 'Temp/__Backupscenes/0.backup'
	Deserialize:            2.273 ms
	Integration:            348.058 ms
	Integration of assets:  0.006 ms
	Thread Wait Time:       0.037 ms
	Total Operation Time:   350.374 ms
RIS Signal Model Started
UnityEngine.Debug:ExtractStackTraceNoAlloc (byte*,int,string)
UnityEngine.StackTraceUtility:ExtractStackTrace ()
UnityEngine.DebugLogHandler:Internal_Log (UnityEngine.LogType,UnityEngine.LogOption,string,UnityEngine.Object)
UnityEngine.DebugLogHandler:LogFormat (UnityEngine.LogType,UnityEngine.Object,string,object[])
UnityEngine.Logger:Log (UnityEngine.LogType,object)
UnityEngine.Debug:Log (object)
RISSignalModel:Start () (at Assets/Scripts/RISSignalModel.cs:11)

(Filename: Assets/Scripts/RISSignalModel.cs Line: 11)

RIS Controller connected successfully.
UnityEngine.Debug:ExtractStackTraceNoAlloc (byte*,int,string)
UnityEngine.StackTraceUtility:ExtractStackTrace ()
UnityEngine.DebugLogHandler:Internal_Log (UnityEngine.LogType,UnityEngine.LogOption,string,UnityEngine.Object)
UnityEngine.DebugLogHandler:LogFormat (UnityEngine.LogType,UnityEngine.Object,string,object[])
UnityEngine.Logger:Log (UnityEngine.LogType,object)
UnityEngine.Debug:Log (object)
RISSignalModel:Start () (at Assets/Scripts/RISSignalModel.cs:19)

(Filename: Assets/Scripts/RISSignalModel.cs Line: 19)

Number of RIS Elements: 16
UnityEngine.Debug:ExtractStackTraceNoAlloc (byte*,int,string)
UnityEngine.StackTraceUtility:ExtractStackTrace ()
UnityEngine.DebugLogHandler:Internal_Log (UnityEngine.LogType,UnityEngine.LogOption,string,UnityEngine.Object)
UnityEngine.DebugLogHandler:LogFormat (UnityEngine.LogType,UnityEngine.Object,string,object[])
UnityEngine.Logger:Log (UnityEngine.LogType,object)
UnityEngine.Debug:Log (object)
RISSignalModel:Start () (at Assets/Scripts/RISSignalModel.cs:20)

(Filename: Assets/Scripts/RISSignalModel.cs Line: 20)

Average RIS Phase = 90°
UnityEngine.Debug:ExtractStackTraceNoAlloc (byte*,int,string)
UnityEngine.StackTraceUtility:ExtractStackTrace ()
UnityEngine.DebugLogHandler:Internal_Log (UnityEngine.LogType,UnityEngine.LogOption,string,UnityEngine.Object)
UnityEngine.DebugLogHandler:LogFormat (UnityEngine.LogType,UnityEngine.Object,string,object[])
UnityEngine.Logger:Log (UnityEngine.LogType,object)
UnityEngine.Debug:Log (object)
RISSignalModel:Start () (at Assets/Scripts/RISSignalModel.cs:30)

(Filename: Assets/Scripts/RISSignalModel.cs Line: 30)

RIS Controller Started
UnityEngine.Debug:ExtractStackTraceNoAlloc (byte*,int,string)
UnityEngine.StackTraceUtility:ExtractStackTrace ()
UnityEngine.DebugLogHandler:Internal_Log (UnityEngine.LogType,UnityEngine.LogOption,string,UnityEngine.Object)
UnityEngine.DebugLogHandler:LogFormat (UnityEngine.LogType,UnityEngine.Object,string,object[])
UnityEngine.Logger:Log (UnityEngine.LogType,object)
UnityEngine.Debug:Log (object)
RISController:Start () (at Assets/Scripts/RISController.cs:18)

(Filename: Assets/Scripts/RISController.cs Line: 18)

Number of RIS Elements: 16
UnityEngine.Debug:ExtractStackTraceNoAlloc (byte*,int,string)
UnityEngine.StackTraceUtility:ExtractStackTrace ()
UnityEngine.DebugLogHandler:Internal_Log (UnityEngine.LogType,UnityEngine.LogOption,string,UnityEngine.Object)
UnityEngine.DebugLogHandler:LogFormat (UnityEngine.LogType,UnityEngine.Object,string,object[])
UnityEngine.Logger:Log (UnityEngine.LogType,object)
UnityEngine.Debug:Log (object)
RISController:Start () (at Assets/Scripts/RISController.cs:19)

(Filename: Assets/Scripts/RISController.cs Line: 19)

RIS Phase System Ready
UnityEngine.Debug:ExtractStackTraceNoAlloc (byte*,int,string)
UnityEngine.StackTraceUtility:ExtractStackTrace ()
UnityEngine.DebugLogHandler:Internal_Log (UnityEngine.LogType,UnityEngine.LogOption,string,UnityEngine.Object)
UnityEngine.DebugLogHandler:LogFormat (UnityEngine.LogType,UnityEngine.Object,string,object[])
UnityEngine.Logger:Log (UnityEngine.LogType,object)
UnityEngine.Debug:Log (object)
RISController:Start () (at Assets/Scripts/RISController.cs:33)

(Filename: Assets/Scripts/RISController.cs Line: 33)

Element 1 Phase = 0°
UnityEngine.Debug:ExtractStackTraceNoAlloc (byte*,int,string)
UnityEngine.StackTraceUtility:ExtractStackTrace ()
UnityEngine.DebugLogHandler:Internal_Log (UnityEngine.LogType,UnityEngine.LogOption,string,UnityEngine.Object)
UnityEngine.DebugLogHandler:LogFormat (UnityEngine.LogType,UnityEngine.Object,string,object[])
UnityEngine.Logger:Log (UnityEngine.LogType,object)
UnityEngine.Debug:Log (object)
RISController:SetPhase (int,single) (at Assets/Scripts/RISController.cs:74)
RISController:SetAllPhases (single[]) (at Assets/Scripts/RISController.cs:91)
RISController:Start () (at Assets/Scripts/RISController.cs:50)

(Filename: Assets/Scripts/RISController.cs Line: 74)

Element 2 Phase = 30°
UnityEngine.Debug:ExtractStackTraceNoAlloc (byte*,int,string)
UnityEngine.StackTraceUtility:ExtractStackTrace ()
UnityEngine.DebugLogHandler:Internal_Log (UnityEngine.LogType,UnityEngine.LogOption,string,UnityEngine.Object)
UnityEngine.DebugLogHandler:LogFormat (UnityEngine.LogType,UnityEngine.Object,string,object[])
UnityEngine.Logger:Log (UnityEngine.LogType,object)
UnityEngine.Debug:Log (object)
RISController:SetPhase (int,single) (at Assets/Scripts/RISController.cs:74)
RISController:SetAllPhases (single[]) (at Assets/Scripts/RISController.cs:91)
RISController:Start () (at Assets/Scripts/RISController.cs:50)

(Filename: Assets/Scripts/RISController.cs Line: 74)

Element 3 Phase = 60°
UnityEngine.Debug:ExtractStackTraceNoAlloc (byte*,int,string)
UnityEngine.StackTraceUtility:ExtractStackTrace ()
UnityEngine.DebugLogHandler:Internal_Log (UnityEngine.LogType,UnityEngine.LogOption,string,UnityEngine.Object)
UnityEngine.DebugLogHandler:LogFormat (UnityEngine.LogType,UnityEngine.Object,string,object[])
UnityEngine.Logger:Log (UnityEngine.LogType,object)
UnityEngine.Debug:Log (object)
RISController:SetPhase (int,single) (at Assets/Scripts/RISController.cs:74)
RISController:SetAllPhases (single[]) (at Assets/Scripts/RISController.cs:91)
RISController:Start () (at Assets/Scripts/RISController.cs:50)

(Filename: Assets/Scripts/RISController.cs Line: 74)

Element 4 Phase = 90°
UnityEngine.Debug:ExtractStackTraceNoAlloc (byte*,int,string)
UnityEngine.StackTraceUtility:ExtractStackTrace ()
UnityEngine.DebugLogHandler:Internal_Log (UnityEngine.LogType,UnityEngine.LogOption,string,UnityEngine.Object)
UnityEngine.DebugLogHandler:LogFormat (UnityEngine.LogType,UnityEngine.Object,string,object[])
UnityEngine.Logger:Log (UnityEngine.LogType,object)
UnityEngine.Debug:Log (object)
RISController:SetPhase (int,single) (at Assets/Scripts/RISController.cs:74)
RISController:SetAllPhases (single[]) (at Assets/Scripts/RISController.cs:91)
RISController:Start () (at Assets/Scripts/RISController.cs:50)

(Filename: Assets/Scripts/RISController.cs Line: 74)

Element 5 Phase = 30°
UnityEngine.Debug:ExtractStackTraceNoAlloc (byte*,int,string)
UnityEngine.StackTraceUtility:ExtractStackTrace ()
UnityEngine.DebugLogHandler:Internal_Log (UnityEngine.LogType,UnityEngine.LogOption,string,UnityEngine.Object)
UnityEngine.DebugLogHandler:LogFormat (UnityEngine.LogType,UnityEngine.Object,string,object[])
UnityEngine.Logger:Log (UnityEngine.LogType,object)
UnityEngine.Debug:Log (object)
RISController:SetPhase (int,single) (at Assets/Scripts/RISController.cs:74)
RISController:SetAllPhases (single[]) (at Assets/Scripts/RISController.cs:91)
RISController:Start () (at Assets/Scripts/RISController.cs:50)

(Filename: Assets/Scripts/RISController.cs Line: 74)

Element 6 Phase = 60°
UnityEngine.Debug:ExtractStackTraceNoAlloc (byte*,int,string)
UnityEngine.StackTraceUtility:ExtractStackTrace ()
UnityEngine.DebugLogHandler:Internal_Log (UnityEngine.LogType,UnityEngine.LogOption,string,UnityEngine.Object)
UnityEngine.DebugLogHandler:LogFormat (UnityEngine.LogType,UnityEngine.Object,string,object[])
UnityEngine.Logger:Log (UnityEngine.LogType,object)
UnityEngine.Debug:Log (object)
RISController:SetPhase (int,single) (at Assets/Scripts/RISController.cs:74)
RISController:SetAllPhases (single[]) (at Assets/Scripts/RISController.cs:91)
RISController:Start () (at Assets/Scripts/RISController.cs:50)

(Filename: Assets/Scripts/RISController.cs Line: 74)

Element 7 Phase = 90°
UnityEngine.Debug:ExtractStackTraceNoAlloc (byte*,int,string)
UnityEngine.StackTraceUtility:ExtractStackTrace ()
UnityEngine.DebugLogHandler:Internal_Log (UnityEngine.LogType,UnityEngine.LogOption,string,UnityEngine.Object)
UnityEngine.DebugLogHandler:LogFormat (UnityEngine.LogType,UnityEngine.Object,string,object[])
UnityEngine.Logger:Log (UnityEngine.LogType,object)
UnityEngine.Debug:Log (object)
RISController:SetPhase (int,single) (at Assets/Scripts/RISController.cs:74)
RISController:SetAllPhases (single[]) (at Assets/Scripts/RISController.cs:91)
RISController:Start () (at Assets/Scripts/RISController.cs:50)

(Filename: Assets/Scripts/RISController.cs Line: 74)

Element 8 Phase = 120°
UnityEngine.Debug:ExtractStackTraceNoAlloc (byte*,int,string)
UnityEngine.StackTraceUtility:ExtractStackTrace ()
UnityEngine.DebugLogHandler:Internal_Log (UnityEngine.LogType,UnityEngine.LogOption,string,UnityEngine.Object)
UnityEngine.DebugLogHandler:LogFormat (UnityEngine.LogType,UnityEngine.Object,string,object[])
UnityEngine.Logger:Log (UnityEngine.LogType,object)
UnityEngine.Debug:Log (object)
RISController:SetPhase (int,single) (at Assets/Scripts/RISController.cs:74)
RISController:SetAllPhases (single[]) (at Assets/Scripts/RISController.cs:91)
RISController:Start () (at Assets/Scripts/RISController.cs:50)

(Filename: Assets/Scripts/RISController.cs Line: 74)

Element 9 Phase = 60°
UnityEngine.Debug:ExtractStackTraceNoAlloc (byte*,int,string)
UnityEngine.StackTraceUtility:ExtractStackTrace ()
UnityEngine.DebugLogHandler:Internal_Log (UnityEngine.LogType,UnityEngine.LogOption,string,UnityEngine.Object)
UnityEngine.DebugLogHandler:LogFormat (UnityEngine.LogType,UnityEngine.Object,string,object[])
UnityEngine.Logger:Log (UnityEngine.LogType,object)
UnityEngine.Debug:Log (object)
RISController:SetPhase (int,single) (at Assets/Scripts/RISController.cs:74)
RISController:SetAllPhases (single[]) (at Assets/Scripts/RISController.cs:91)
RISController:Start () (at Assets/Scripts/RISController.cs:50)

(Filename: Assets/Scripts/RISController.cs Line: 74)

Element 10 Phase = 90°
UnityEngine.Debug:ExtractStackTraceNoAlloc (byte*,int,string)
UnityEngine.StackTraceUtility:ExtractStackTrace ()
UnityEngine.DebugLogHandler:Internal_Log (UnityEngine.LogType,UnityEngine.LogOption,string,UnityEngine.Object)
UnityEngine.DebugLogHandler:LogFormat (UnityEngine.LogType,UnityEngine.Object,string,object[])
UnityEngine.Logger:Log (UnityEngine.LogType,object)
UnityEngine.Debug:Log (object)
RISController:SetPhase (int,single) (at Assets/Scripts/RISController.cs:74)
RISController:SetAllPhases (single[]) (at Assets/Scripts/RISController.cs:91)
RISController:Start () (at Assets/Scripts/RISController.cs:50)

(Filename: Assets/Scripts/RISController.cs Line: 74)

Element 11 Phase = 120°
UnityEngine.Debug:ExtractStackTraceNoAlloc (byte*,int,string)
UnityEngine.StackTraceUtility:ExtractStackTrace ()
UnityEngine.DebugLogHandler:Internal_Log (UnityEngine.LogType,UnityEngine.LogOption,string,UnityEngine.Object)
UnityEngine.DebugLogHandler:LogFormat (UnityEngine.LogType,UnityEngine.Object,string,object[])
UnityEngine.Logger:Log (UnityEngine.LogType,object)
UnityEngine.Debug:Log (object)
RISController:SetPhase (int,single) (at Assets/Scripts/RISController.cs:74)
RISController:SetAllPhases (single[]) (at Assets/Scripts/RISController.cs:91)
RISController:Start () (at Assets/Scripts/RISController.cs:50)

(Filename: Assets/Scripts/RISController.cs Line: 74)

Element 12 Phase = 150°
UnityEngine.Debug:ExtractStackTraceNoAlloc (byte*,int,string)
UnityEngine.StackTraceUtility:ExtractStackTrace ()
UnityEngine.DebugLogHandler:Internal_Log (UnityEngine.LogType,UnityEngine.LogOption,string,UnityEngine.Object)
UnityEngine.DebugLogHandler:LogFormat (UnityEngine.LogType,UnityEngine.Object,string,object[])
UnityEngine.Logger:Log (UnityEngine.LogType,object)
UnityEngine.Debug:Log (object)
RISController:SetPhase (int,single) (at Assets/Scripts/RISController.cs:74)
RISController:SetAllPhases (single[]) (at Assets/Scripts/RISController.cs:91)
RISController:Start () (at Assets/Scripts/RISController.cs:50)

(Filename: Assets/Scripts/RISController.cs Line: 74)

Element 13 Phase = 90°
UnityEngine.Debug:ExtractStackTraceNoAlloc (byte*,int,string)
UnityEngine.StackTraceUtility:ExtractStackTrace ()
UnityEngine.DebugLogHandler:Internal_Log (UnityEngine.LogType,UnityEngine.LogOption,string,UnityEngine.Object)
UnityEngine.DebugLogHandler:LogFormat (UnityEngine.LogType,UnityEngine.Object,string,object[])
UnityEngine.Logger:Log (UnityEngine.LogType,object)
UnityEngine.Debug:Log (object)
RISController:SetPhase (int,single) (at Assets/Scripts/RISController.cs:74)
RISController:SetAllPhases (single[]) (at Assets/Scripts/RISController.cs:91)
RISController:Start () (at Assets/Scripts/RISController.cs:50)

(Filename: Assets/Scripts/RISController.cs Line: 74)

Element 14 Phase = 120°
UnityEngine.Debug:ExtractStackTraceNoAlloc (byte*,int,string)
UnityEngine.StackTraceUtility:ExtractStackTrace ()
UnityEngine.DebugLogHandler:Internal_Log (UnityEngine.LogType,UnityEngine.LogOption,string,UnityEngine.Object)
UnityEngine.DebugLogHandler:LogFormat (UnityEngine.LogType,UnityEngine.Object,string,object[])
UnityEngine.Logger:Log (UnityEngine.LogType,object)
UnityEngine.Debug:Log (object)
RISController:SetPhase (int,single) (at Assets/Scripts/RISController.cs:74)
RISController:SetAllPhases (single[]) (at Assets/Scripts/RISController.cs:91)
RISController:Start () (at Assets/Scripts/RISController.cs:50)

(Filename: Assets/Scripts/RISController.cs Line: 74)

Element 15 Phase = 150°
UnityEngine.Debug:ExtractStackTraceNoAlloc (byte*,int,string)
UnityEngine.StackTraceUtility:ExtractStackTrace ()
UnityEngine.DebugLogHandler:Internal_Log (UnityEngine.LogType,UnityEngine.LogOption,string,UnityEngine.Object)
UnityEngine.DebugLogHandler:LogFormat (UnityEngine.LogType,UnityEngine.Object,string,object[])
UnityEngine.Logger:Log (UnityEngine.LogType,object)
UnityEngine.Debug:Log (object)
RISController:SetPhase (int,single) (at Assets/Scripts/RISController.cs:74)
RISController:SetAllPhases (single[]) (at Assets/Scripts/RISController.cs:91)
RISController:Start () (at Assets/Scripts/RISController.cs:50)

(Filename: Assets/Scripts/RISController.cs Line: 74)

Element 16 Phase = 180°
UnityEngine.Debug:ExtractStackTraceNoAlloc (byte*,int,string)
UnityEngine.StackTraceUtility:ExtractStackTrace ()
UnityEngine.DebugLogHandler:Internal_Log (UnityEngine.LogType,UnityEngine.LogOption,string,UnityEngine.Object)
UnityEngine.DebugLogHandler:LogFormat (UnityEngine.LogType,UnityEngine.Object,string,object[])
UnityEngine.Logger:Log (UnityEngine.LogType,object)
UnityEngine.Debug:Log (object)
RISController:SetPhase (int,single) (at Assets/Scripts/RISController.cs:74)
RISController:SetAllPhases (single[]) (at Assets/Scripts/RISController.cs:91)
RISController:Start () (at Assets/Scripts/RISController.cs:50)

(Filename: Assets/Scripts/RISController.cs Line: 74)

RIS configuration updated successfully.
UnityEngine.Debug:ExtractStackTraceNoAlloc (byte*,int,string)
UnityEngine.StackTraceUtility:ExtractStackTrace ()
UnityEngine.DebugLogHandler:Internal_Log (UnityEngine.LogType,UnityEngine.LogOption,string,UnityEngine.Object)
UnityEngine.DebugLogHandler:LogFormat (UnityEngine.LogType,UnityEngine.Object,string,object[])
UnityEngine.Logger:Log (UnityEngine.LogType,object)
UnityEngine.Debug:Log (object)
RISController:SetAllPhases (single[]) (at Assets/Scripts/RISController.cs:94)
RISController:Start () (at Assets/Scripts/RISController.cs:50)

(Filename: Assets/Scripts/RISController.cs Line: 94)

[Licensing::Client] Successfully resolved entitlement details
[Licensing::Client] Successfully resolved entitlement details
[Licensing::Client] Successfully resolved entitlement details
Unloading 0 Unused Serialized files (Serialized files now loaded: 0)
Loaded scene 'Temp/__Backupscenes/0.backup'
	Deserialize:            1.546 ms
	Integration:            275.564 ms
	Integration of assets:  0.003 ms
	Thread Wait Time:       0.022 ms
	Total Operation Time:   277.135 ms
Unloading 12 unused Assets / (204.8 KB). Loaded Objects now: 8971.
Memory consumption went from 0.76 GB to 0.76 GB.
Total: 18.933100 ms (FindLiveObjects: 0.603600 ms CreateObjectMapping: 0.900200 ms MarkObjects: 17.362600 ms  DeleteObjects: 0.065100 ms)

[Licensing::Client] Successfully resolved entitlement details
[ScriptCompilation] Requested script compilation because: AssetDatabase observed changes in script compilation related files
Asset Pipeline Refresh (id=9a0ddac91a67093489989c8f38745bdb): Total: 0.135 seconds - Initiated by RefreshV2(NoUpdateAssetOptions)
[Licensing::Client] Successfully resolved entitlement details
info: Microsoft.AspNetCore.Hosting.Diagnostics[1]
      Request starting HTTP/2 POST http://ilpp/UnityILPP.PostProcessing/Ping - application/grpc -
info: Microsoft.AspNetCore.Routing.EndpointMiddleware[0]
      Executing endpoint 'gRPC - /UnityILPP.PostProcessing/Ping'
info: Microsoft.AspNetCore.Routing.EndpointMiddleware[1]
      Executed endpoint 'gRPC - /UnityILPP.PostProcessing/Ping'
info: Microsoft.AspNetCore.Hosting.Diagnostics[2]
      Request finished HTTP/2 POST http://ilpp/UnityILPP.PostProcessing/Ping - 200 - application/grpc 0.2431ms
Starting: C:\Program Files\Unity\Hub\Editor\6000.5.6f1\Editor\Data\Tools\BuildPipeline\bee_backend.exe --ipc --defer-dag-verification --dagfile="Library/Bee/1900b0aE.dag" --continue-on-failure --profile="Library/Bee/backend1.traceevents" ScriptAssemblies
WorkingDir: D:/Private/unity projects/graduation project
info: Microsoft.AspNetCore.Hosting.Diagnostics[1]
      Request starting HTTP/2 POST http://ilpp/UnityILPP.PostProcessing/ConfigurePostProcessors - application/grpc -
info: Microsoft.AspNetCore.Routing.EndpointMiddleware[0]
      Executing endpoint 'gRPC - /UnityILPP.PostProcessing/ConfigurePostProcessors'
info: Unity.ILPP.Runner.PostProcessingAssemblyLoadContext[0]
      Current configuration matches the requested one, skipping
info: Microsoft.AspNetCore.Routing.EndpointMiddleware[1]
      Executed endpoint 'gRPC - /UnityILPP.PostProcessing/ConfigurePostProcessors'
info: Microsoft.AspNetCore.Hosting.Diagnostics[2]
      Request finished HTTP/2 POST http://ilpp/UnityILPP.PostProcessing/ConfigurePostProcessors - 200 - application/grpc 1.2952ms
info: Microsoft.AspNetCore.Hosting.Diagnostics[1]
      Request starting HTTP/2 POST http://ilpp/UnityILPP.PostProcessing/PostProcessAssembly - application/grpc -
info: Microsoft.AspNetCore.Routing.EndpointMiddleware[0]
      Executing endpoint 'gRPC - /UnityILPP.PostProcessing/PostProcessAssembly'
info: Unity.ILPP.Runner.PostProcessingPipeline[0]
      Processing assembly Library/Bee/artifacts/1900b0aE.dag/Assembly-CSharp.dll, with 142 defines and 339 references
info: Unity.ILPP.Runner.PostProcessingPipeline[0]
      processors: Unity.Jobs.CodeGen.JobsILPostProcessor, zzzUnity.Burst.CodeGen.BurstILPostProcessor
info: Unity.ILPP.Runner.PostProcessingPipeline[0]
      running Unity.Jobs.CodeGen.JobsILPostProcessor
info: Unity.ILPP.Runner.PostProcessingPipeline[0]
      running zzzUnity.Burst.CodeGen.BurstILPostProcessor
info: Microsoft.AspNetCore.Routing.EndpointMiddleware[1]
      Executed endpoint 'gRPC - /UnityILPP.PostProcessing/PostProcessAssembly'
info: Microsoft.AspNetCore.Hosting.Diagnostics[2]
      Request finished HTTP/2 POST http://ilpp/UnityILPP.PostProcessing/PostProcessAssembly - 200 - application/grpc 19.1849ms
info: Microsoft.AspNetCore.Hosting.Diagnostics[1]
      Request starting HTTP/2 POST http://ilpp/UnityILPP.PostProcessing/PostProcessAssembly - application/grpc -
info: Microsoft.AspNetCore.Routing.EndpointMiddleware[0]
      Executing endpoint 'gRPC - /UnityILPP.PostProcessing/PostProcessAssembly'
info: Unity.ILPP.Runner.PostProcessingPipeline[0]
      Processing assembly Library/Bee/artifacts/1900b0aE.dag/Assembly-CSharp-Editor.dll, with 140 defines and 362 references
info: Unity.ILPP.Runner.PostProcessingPipeline[0]
      processors: Unity.Jobs.CodeGen.JobsILPostProcessor, zzzUnity.Burst.CodeGen.BurstILPostProcessor
info: Unity.ILPP.Runner.PostProcessingPipeline[0]
      running Unity.Jobs.CodeGen.JobsILPostProcessor
info: Unity.ILPP.Runner.PostProcessingPipeline[0]
      running zzzUnity.Burst.CodeGen.BurstILPostProcessor
info: Microsoft.AspNetCore.Routing.EndpointMiddleware[1]
      Executed endpoint 'gRPC - /UnityILPP.PostProcessing/PostProcessAssembly'
info: Microsoft.AspNetCore.Hosting.Diagnostics[2]
      Request finished HTTP/2 POST http://ilpp/UnityILPP.PostProcessing/PostProcessAssembly - 200 - application/grpc 13.4325ms
ExitCode: 0 Duration: 0s657ms
[736/937    0s] ILPP-Configuration Library/ilpp-configuration.nevergeneratedoutput
[929/937    0s] Csc Library/Bee/artifacts/1900b0aE.dag/Assembly-CSharp.dll (+2 others)
[930/937    0s] ILPostProcess Library/Bee/artifacts/1900b0aE.dag/post-processed/Assembly-CSharp.dll (+pdb)
Processing assembly Library/Bee/artifacts/1900b0aE.dag/Assembly-CSharp.dll, with 142 defines and 339 references

processors: Unity.Jobs.CodeGen.JobsILPostProcessor, zzzUnity.Burst.CodeGen.BurstILPostProcessor

running Unity.Jobs.CodeGen.JobsILPostProcessor

running zzzUnity.Burst.CodeGen.BurstILPostProcessor
[931/937    0s] CopyFiles Library/ScriptAssemblies/Assembly-CSharp.dll
[932/937    0s] CopyFiles Library/ScriptAssemblies/Assembly-CSharp.pdb
[933/937    0s] Csc Library/Bee/artifacts/1900b0aE.dag/Assembly-CSharp-Editor.dll (+2 others)
[934/937    0s] ILPostProcess Library/Bee/artifacts/1900b0aE.dag/post-processed/Assembly-CSharp-Editor.dll (+pdb)
Processing assembly Library/Bee/artifacts/1900b0aE.dag/Assembly-CSharp-Editor.dll, with 140 defines and 362 references

processors: Unity.Jobs.CodeGen.JobsILPostProcessor, zzzUnity.Burst.CodeGen.BurstILPostProcessor

running Unity.Jobs.CodeGen.JobsILPostProcessor

running zzzUnity.Burst.CodeGen.BurstILPostProcessor
[935/937    0s] CopyFiles Library/ScriptAssemblies/Assembly-CSharp-Editor.pdb
[936/937    0s] CopyFiles Library/ScriptAssemblies/Assembly-CSharp-Editor.dll
*** Tundra build success (0.62 seconds), 9 items updated, 937 evaluated
Reloading assemblies after finishing script compilation.
Reloading assemblies after forced synchronous recompile.
Begin MonoManager ReloadAssembly
Total cache size 267245200
Total cache size after purge 267245200, took 00:00:00.6226633
Native extension for WindowsStandalone target not found
Native extension for WebGL target not found
[MODES] ModeService[none].Initialize
[MODES] ModeService[none].LoadModes
ScheduleIndexationOnStartup MainProcess:True IndexOnStartup:True
Mono: successfully reloaded assembly
- Finished resetting the current domain, in  2.668 seconds
Domain Reload Profiling: 4593ms
	BeginReloadAssembly (1345ms)
		DisableScriptedObjects (233ms)
		CreateAndSetChildDomain (605ms)
	RebuildCommonClasses (17ms)
	RebuildNativeTypeToScriptingClass (22ms)
	initialDomainReloadingComplete (73ms)
	LoadAllAssembliesAndSetupDomain (465ms)
		LoadAssemblies (178ms)
		AnalyzeDomain (279ms)
			TypeCache.Refresh (11ms)
			BuildScriptInfoCaches (237ms)
			ResolveRequiredComponents (29ms)
	FinalizeReload (2670ms)
		SetupLoadedEditorAssemblies (0ms)
			InitializePlatformSupportModulesInManaged (3ms)
			BeforeProcessingInitializeOnLoad (260ms)
			ProcessInitializeOnLoadAttributes (550ms)
			ProcessInitializeOnLoadMethodAttributes (190ms)
			AfterProcessingInitializeOnLoad (7ms)
		AwakeInstancesAfterBackupRestoration (880ms)

Asset Pipeline Refresh (id=9b160c3081f22914a9741b7e4a53bdda): Total: 4.903 seconds - Initiated by StopAssetImportingV2(ForceSynchronousImport | ForceDomainReload)
	(Values over 0.05ms)
	Summary:
		Imports: total=0 (actual=0, local cache=0, cache server=0)
		Asset DB Process Time: managed=0 ms, native=2826 ms
		Asset DB Callback time: managed=46 ms, native=0 ms
		Scripting: domain reloads=1, domain reload time=2028 ms, compile time=2 ms, other=0 ms
		Project Asset Count: scripts=1362, non-scripts=2318
		Asset File Changes: new=0, changed=0, moved=0, deleted=0
		Scan Filter Count: 0
	InvokePackagesCallback: 2.115ms
	ApplyChangesToAssetFolders: 0.457ms
	Collect global state as custom dependencies: 3.591ms
	ProcessAssetsWithTransientArtifactChanges: 6.996ms
	CategorizeAssets: 54.976ms
	CompileScripts: 1.667ms
	ImportOutOfDateAssets: 2719.681ms (2684.064ms without children)
		CollectScriptTypesHashes: 1.480ms
		ReloadNativeAssets: 1.235ms
		UnloadImportedAssets: 0.340ms
		EnsureUptoDateAssetsAreRegisteredWithGuidPM: 0.672ms
		ImportSchedulerStart: 33.338ms
	PostProcessAllAssets: 46.513ms
		MonoPostProcessAllAssets: 46.509ms
			UniversalRenderPipelineGlobalSettingsPostprocessor.OnPostprocessAllAssets 15.033ms
			AssetChangedListener.OnPostprocessAllAssets 8.029ms
			BuilderAssetPostprocessor.OnPostprocessAllAssets 7.083ms
			AssetPostprocessor.OnPostprocessAllAssets 5.026ms
			WindowAssetPostprocessingWatcher.OnPostprocessAllAssets 3.711ms
			SyncVS.PostprocessSyncProject 3.443ms
			RenderPipelineGlobalSettingsPostprocessor.OnPostprocessAllAssets 2.378ms
			ShaderGraphAssetPostProcessor.OnPostprocessAllAssets 2.323ms
			SpeedTree9Postprocessor.OnPostprocessAllAssets 2.212ms
			EditModeScopePostprocessor.OnPostprocessAllAssets 1.653ms
			RetainedModeAssetPostprocessor.OnPostprocessAllAssets 1.447ms
			ProjectSettingsPostprocessor.OnPostprocessAllAssets 0.946ms
			TMPro_TexturePostProcessor.OnPostprocessAllAssets 0.710ms
			ArtifactBrowserPostProcessor.OnPostprocessAllAssets 0.702ms
			MaterialPostprocessor.OnPostprocessAllAssets 0.602ms
			ReferencedClipsPostProcessor.OnPostprocessAllAssets 0.579ms
			UVCSAssetPostprocessor.OnPostprocessAllAssets 0.454ms
			TextAssetPostProcessor.OnPostprocessAllAssets 0.439ms
			ShaderReflectionAssetPostProcessor.OnPostprocessAllAssets 0.422ms
			SampleDependencyImporterPostProcessor.OnPostprocessAllAssets 0.397ms
			AudioMixerPostprocessor.OnPostprocessAllAssets 0.391ms
			InputActionJsonNameModifierAssetProcessor.OnPostprocessAllAssets 0.389ms
			InputActionAssetPostprocessor.OnPostprocessAllAssets 0.375ms
			SpeedTreePostProcessor.OnPostprocessAllAssets 0.343ms
			StyleCatalogPostProcessor.OnPostprocessAllAssets 0.332ms
			PostProcessor.OnPostprocessAllAssets 0.296ms
			AssetEvents.OnPostprocessAllAssets 0.282ms
			AssetDatabaseCallbacks.OnPostprocessAllAssets 0.241ms
			TerrainToolbarOverlayPostProcessor.OnPostprocessAllAssets 0.189ms
			SamplePostprocessor.OnPostprocessAllAssets 0.176ms
			ScenarioDriftAssetsTracker.OnPostprocessAllAssets 0.158ms
			ConfigAssetsTracker.OnPostprocessAllAssets 0.153ms
			AssetReloadNotifier.OnPostprocessAllAssets 0.143ms
			AudioContainerPostProcessor.OnPostprocessAllAssets 0.088ms
	GatherAllCurrentPrimaryImportResultRevisions: 0.150ms
	PersistCurrentRevisions: 0.117ms
	GenerateScriptTypeHashes: 2.644ms
	GenerateScriptTypeSerializationHashes: 4.438ms
	Untracked: 2062.439ms

[Licensing::Client] Successfully resolved entitlement details
[Licensing::Client] Successfully resolved entitlement details
Asset Pipeline Refresh (id=d8fad4365fa95984182201c49e7349cd): Total: 0.012 seconds - Initiated by RefreshV2(AllowForceSynchronousImport)
[Licensing::Client] Successfully resolved entitlement details
Reloading assemblies for play mode.
Reloading assemblies after forced synchronous recompile.
Begin MonoManager ReloadAssembly
Native extension for WindowsStandalone target not found
Native extension for WebGL target not found
ScheduleIndexationOnStartup MainProcess:True IndexOnStartup:True
[MODES] ModeService[none].Initialize
[MODES] ModeService[none].LoadModes
Mono: successfully reloaded assembly
- Finished resetting the current domain, in  2.593 seconds
Domain Reload Profiling: 3833ms
	BeginReloadAssembly (912ms)
		DisableScriptedObjects (122ms)
		CreateAndSetChildDomain (568ms)
	RebuildCommonClasses (14ms)
	RebuildNativeTypeToScriptingClass (22ms)
	initialDomainReloadingComplete (69ms)
	LoadAllAssembliesAndSetupDomain (221ms)
		LoadAssemblies (167ms)
		AnalyzeDomain (43ms)
			TypeCache.Refresh (8ms)
			ResolveRequiredComponents (30ms)
	FinalizeReload (2594ms)
		SetupLoadedEditorAssemblies (0ms)
			InitializePlatformSupportModulesInManaged (3ms)
			BeforeProcessingInitializeOnLoad (114ms)
			ProcessInitializeOnLoadAttributes (543ms)
			ProcessInitializeOnLoadMethodAttributes (198ms)
			AfterProcessingInitializeOnLoad (8ms)
		AwakeInstancesAfterBackupRestoration (946ms)

Asset Pipeline Refresh (id=f5102f08cc2dac44d9dd69a704266f5c): Total: 4.079 seconds - Initiated by StopAssetImportingV2(ForceSynchronousImport | ForceDomainReload)
	(Values over 0.05ms)
	Summary:
		Imports: total=0 (actual=0, local cache=0, cache server=0)
		Asset DB Process Time: managed=0 ms, native=2744 ms
		Asset DB Callback time: managed=36 ms, native=0 ms
		Scripting: domain reloads=1, domain reload time=1295 ms, compile time=2 ms, other=0 ms
		Project Asset Count: scripts=1362, non-scripts=2318
		Asset File Changes: new=0, changed=0, moved=0, deleted=0
		Scan Filter Count: 0
	InvokePackagesCallback: 1.925ms
	ApplyChangesToAssetFolders: 0.421ms
	Collect global state as custom dependencies: 3.204ms
	ProcessAssetsWithTransientArtifactChanges: 0.254ms
	CategorizeAssets: 55.866ms
	CompileScripts: 1.685ms
	ImportOutOfDateAssets: 2643.510ms (2607.323ms without children)
		CollectScriptTypesHashes: 1.007ms
		ReloadNativeAssets: 1.791ms
		UnloadImportedAssets: 0.285ms
		EnsureUptoDateAssetsAreRegisteredWithGuidPM: 0.865ms
		ImportSchedulerStart: 33.213ms
	PostProcessAllAssets: 36.220ms
		MonoPostProcessAllAssets: 36.213ms
			UniversalRenderPipelineGlobalSettingsPostprocessor.OnPostprocessAllAssets 12.421ms
			AssetChangedListener.OnPostprocessAllAssets 8.029ms
			BuilderAssetPostprocessor.OnPostprocessAllAssets 7.083ms
			AssetPostprocessor.OnPostprocessAllAssets 5.026ms
			SyncVS.PostprocessSyncProject 3.708ms
			WindowAssetPostprocessingWatcher.OnPostprocessAllAssets 2.367ms
			SpeedTree9Postprocessor.OnPostprocessAllAssets 2.331ms
			ShaderGraphAssetPostProcessor.OnPostprocessAllAssets 2.323ms
			RetainedModeAssetPostprocessor.OnPostprocessAllAssets 1.447ms
			ProjectSettingsPostprocessor.OnPostprocessAllAssets 0.916ms
			RenderPipelineGlobalSettingsPostprocessor.OnPostprocessAllAssets 0.902ms
			TMPro_TexturePostProcessor.OnPostprocessAllAssets 0.710ms
			ArtifactBrowserPostProcessor.OnPostprocessAllAssets 0.702ms
			MaterialPostprocessor.OnPostprocessAllAssets 0.602ms
			UVCSAssetPostprocessor.OnPostprocessAllAssets 0.454ms
			TextAssetPostProcessor.OnPostprocessAllAssets 0.439ms
			ShaderReflectionAssetPostProcessor.OnPostprocessAllAssets 0.430ms
			SampleDependencyImporterPostProcessor.OnPostprocessAllAssets 0.397ms
			AudioMixerPostprocessor.OnPostprocessAllAssets 0.391ms
			InputActionJsonNameModifierAssetProcessor.OnPostprocessAllAssets 0.389ms
			InputActionAssetPostprocessor.OnPostprocessAllAssets 0.358ms
			ReferencedClipsPostProcessor.OnPostprocessAllAssets 0.350ms
			SpeedTreePostProcessor.OnPostprocessAllAssets 0.343ms
			StyleCatalogPostProcessor.OnPostprocessAllAssets 0.332ms
			EditModeScopePostprocessor.OnPostprocessAllAssets 0.327ms
			PostProcessor.OnPostprocessAllAssets 0.296ms
			AssetEvents.OnPostprocessAllAssets 0.282ms
			AssetDatabaseCallbacks.OnPostprocessAllAssets 0.179ms
			SamplePostprocessor.OnPostprocessAllAssets 0.176ms
			TerrainToolbarOverlayPostProcessor.OnPostprocessAllAssets 0.175ms
			ScenarioDriftAssetsTracker.OnPostprocessAllAssets 0.158ms
			ConfigAssetsTracker.OnPostprocessAllAssets 0.153ms
			AssetReloadNotifier.OnPostprocessAllAssets 0.143ms
			AudioContainerPostProcessor.OnPostprocessAllAssets 0.088ms
	GatherAllCurrentPrimaryImportResultRevisions: 0.142ms
	PersistCurrentRevisions: 0.107ms
	GenerateScriptTypeHashes: 3.332ms
	GenerateScriptTypeSerializationHashes: 5.343ms
	Untracked: 1329.929ms

Loaded scene 'Temp/__Backupscenes/0.backup'
	Deserialize:            1.993 ms
	Integration:            344.080 ms
	Integration of assets:  0.003 ms
	Thread Wait Time:       0.009 ms
	Total Operation Time:   346.085 ms
RIS Signal Model Started
UnityEngine.Debug:ExtractStackTraceNoAlloc (byte*,int,string)
UnityEngine.StackTraceUtility:ExtractStackTrace ()
UnityEngine.DebugLogHandler:Internal_Log (UnityEngine.LogType,UnityEngine.LogOption,string,UnityEngine.Object)
UnityEngine.DebugLogHandler:LogFormat (UnityEngine.LogType,UnityEngine.Object,string,object[])
UnityEngine.Logger:Log (UnityEngine.LogType,object)
UnityEngine.Debug:Log (object)
RISSignalModel:Start () (at Assets/Scripts/RISSignalModel.cs:12)

(Filename: Assets/Scripts/RISSignalModel.cs Line: 12)

RIS Controller connected successfully.
UnityEngine.Debug:ExtractStackTraceNoAlloc (byte*,int,string)
UnityEngine.StackTraceUtility:ExtractStackTrace ()
UnityEngine.DebugLogHandler:Internal_Log (UnityEngine.LogType,UnityEngine.LogOption,string,UnityEngine.Object)
UnityEngine.DebugLogHandler:LogFormat (UnityEngine.LogType,UnityEngine.Object,string,object[])
UnityEngine.Logger:Log (UnityEngine.LogType,object)
UnityEngine.Debug:Log (object)
RISSignalModel:Start () (at Assets/Scripts/RISSignalModel.cs:20)

(Filename: Assets/Scripts/RISSignalModel.cs Line: 20)

Number of RIS Elements: 16
UnityEngine.Debug:ExtractStackTraceNoAlloc (byte*,int,string)
UnityEngine.StackTraceUtility:ExtractStackTrace ()
UnityEngine.DebugLogHandler:Internal_Log (UnityEngine.LogType,UnityEngine.LogOption,string,UnityEngine.Object)
UnityEngine.DebugLogHandler:LogFormat (UnityEngine.LogType,UnityEngine.Object,string,object[])
UnityEngine.Logger:Log (UnityEngine.LogType,object)
UnityEngine.Debug:Log (object)
RISSignalModel:Start () (at Assets/Scripts/RISSignalModel.cs:21)

(Filename: Assets/Scripts/RISSignalModel.cs Line: 21)

Average RIS Phase = 90°
UnityEngine.Debug:ExtractStackTraceNoAlloc (byte*,int,string)
UnityEngine.StackTraceUtility:ExtractStackTrace ()
UnityEngine.DebugLogHandler:Internal_Log (UnityEngine.LogType,UnityEngine.LogOption,string,UnityEngine.Object)
UnityEngine.DebugLogHandler:LogFormat (UnityEngine.LogType,UnityEngine.Object,string,object[])
UnityEngine.Logger:Log (UnityEngine.LogType,object)
UnityEngine.Debug:Log (object)
RISSignalModel:CalculateRISSignal () (at Assets/Scripts/RISSignalModel.cs:40)
RISSignalModel:Start () (at Assets/Scripts/RISSignalModel.cs:23)

(Filename: Assets/Scripts/RISSignalModel.cs Line: 40)

RIS Signal Quality = 4.371139E-08
UnityEngine.Debug:ExtractStackTraceNoAlloc (byte*,int,string)
UnityEngine.StackTraceUtility:ExtractStackTrace ()
UnityEngine.DebugLogHandler:Internal_Log (UnityEngine.LogType,UnityEngine.LogOption,string,UnityEngine.Object)
UnityEngine.DebugLogHandler:LogFormat (UnityEngine.LogType,UnityEngine.Object,string,object[])
UnityEngine.Logger:Log (UnityEngine.LogType,object)
UnityEngine.Debug:Log (object)
RISSignalModel:CalculateRISSignal () (at Assets/Scripts/RISSignalModel.cs:41)
RISSignalModel:Start () (at Assets/Scripts/RISSignalModel.cs:23)

(Filename: Assets/Scripts/RISSignalModel.cs Line: 41)

RIS Controller Started
UnityEngine.Debug:ExtractStackTraceNoAlloc (byte*,int,string)
UnityEngine.StackTraceUtility:ExtractStackTrace ()
UnityEngine.DebugLogHandler:Internal_Log (UnityEngine.LogType,UnityEngine.LogOption,string,UnityEngine.Object)
UnityEngine.DebugLogHandler:LogFormat (UnityEngine.LogType,UnityEngine.Object,string,object[])
UnityEngine.Logger:Log (UnityEngine.LogType,object)
UnityEngine.Debug:Log (object)
RISController:Start () (at Assets/Scripts/RISController.cs:18)

(Filename: Assets/Scripts/RISController.cs Line: 18)

Number of RIS Elements: 16
UnityEngine.Debug:ExtractStackTraceNoAlloc (byte*,int,string)
UnityEngine.StackTraceUtility:ExtractStackTrace ()
UnityEngine.DebugLogHandler:Internal_Log (UnityEngine.LogType,UnityEngine.LogOption,string,UnityEngine.Object)
UnityEngine.DebugLogHandler:LogFormat (UnityEngine.LogType,UnityEngine.Object,string,object[])
UnityEngine.Logger:Log (UnityEngine.LogType,object)
UnityEngine.Debug:Log (object)
RISController:Start () (at Assets/Scripts/RISController.cs:19)

(Filename: Assets/Scripts/RISController.cs Line: 19)

RIS Phase System Ready
UnityEngine.Debug:ExtractStackTraceNoAlloc (byte*,int,string)
UnityEngine.StackTraceUtility:ExtractStackTrace ()
UnityEngine.DebugLogHandler:Internal_Log (UnityEngine.LogType,UnityEngine.LogOption,string,UnityEngine.Object)
UnityEngine.DebugLogHandler:LogFormat (UnityEngine.LogType,UnityEngine.Object,string,object[])
UnityEngine.Logger:Log (UnityEngine.LogType,object)
UnityEngine.Debug:Log (object)
RISController:Start () (at Assets/Scripts/RISController.cs:33)

(Filename: Assets/Scripts/RISController.cs Line: 33)

Element 1 Phase = 0°
UnityEngine.Debug:ExtractStackTraceNoAlloc (byte*,int,string)
UnityEngine.StackTraceUtility:ExtractStackTrace ()
UnityEngine.DebugLogHandler:Internal_Log (UnityEngine.LogType,UnityEngine.LogOption,string,UnityEngine.Object)
UnityEngine.DebugLogHandler:LogFormat (UnityEngine.LogType,UnityEngine.Object,string,object[])
UnityEngine.Logger:Log (UnityEngine.LogType,object)
UnityEngine.Debug:Log (object)
RISController:SetPhase (int,single) (at Assets/Scripts/RISController.cs:74)
RISController:SetAllPhases (single[]) (at Assets/Scripts/RISController.cs:91)
RISController:Start () (at Assets/Scripts/RISController.cs:50)

(Filename: Assets/Scripts/RISController.cs Line: 74)

Element 2 Phase = 30°
UnityEngine.Debug:ExtractStackTraceNoAlloc (byte*,int,string)
UnityEngine.StackTraceUtility:ExtractStackTrace ()
UnityEngine.DebugLogHandler:Internal_Log (UnityEngine.LogType,UnityEngine.LogOption,string,UnityEngine.Object)
UnityEngine.DebugLogHandler:LogFormat (UnityEngine.LogType,UnityEngine.Object,string,object[])
UnityEngine.Logger:Log (UnityEngine.LogType,object)
UnityEngine.Debug:Log (object)
RISController:SetPhase (int,single) (at Assets/Scripts/RISController.cs:74)
RISController:SetAllPhases (single[]) (at Assets/Scripts/RISController.cs:91)
RISController:Start () (at Assets/Scripts/RISController.cs:50)

(Filename: Assets/Scripts/RISController.cs Line: 74)

Element 3 Phase = 60°
UnityEngine.Debug:ExtractStackTraceNoAlloc (byte*,int,string)
UnityEngine.StackTraceUtility:ExtractStackTrace ()
UnityEngine.DebugLogHandler:Internal_Log (UnityEngine.LogType,UnityEngine.LogOption,string,UnityEngine.Object)
UnityEngine.DebugLogHandler:LogFormat (UnityEngine.LogType,UnityEngine.Object,string,object[])
UnityEngine.Logger:Log (UnityEngine.LogType,object)
UnityEngine.Debug:Log (object)
RISController:SetPhase (int,single) (at Assets/Scripts/RISController.cs:74)
RISController:SetAllPhases (single[]) (at Assets/Scripts/RISController.cs:91)
RISController:Start () (at Assets/Scripts/RISController.cs:50)

(Filename: Assets/Scripts/RISController.cs Line: 74)

Element 4 Phase = 90°
UnityEngine.Debug:ExtractStackTraceNoAlloc (byte*,int,string)
UnityEngine.StackTraceUtility:ExtractStackTrace ()
UnityEngine.DebugLogHandler:Internal_Log (UnityEngine.LogType,UnityEngine.LogOption,string,UnityEngine.Object)
UnityEngine.DebugLogHandler:LogFormat (UnityEngine.LogType,UnityEngine.Object,string,object[])
UnityEngine.Logger:Log (UnityEngine.LogType,object)
UnityEngine.Debug:Log (object)
RISController:SetPhase (int,single) (at Assets/Scripts/RISController.cs:74)
RISController:SetAllPhases (single[]) (at Assets/Scripts/RISController.cs:91)
RISController:Start () (at Assets/Scripts/RISController.cs:50)

(Filename: Assets/Scripts/RISController.cs Line: 74)

Element 5 Phase = 30°
UnityEngine.Debug:ExtractStackTraceNoAlloc (byte*,int,string)
UnityEngine.StackTraceUtility:ExtractStackTrace ()
UnityEngine.DebugLogHandler:Internal_Log (UnityEngine.LogType,UnityEngine.LogOption,string,UnityEngine.Object)
UnityEngine.DebugLogHandler:LogFormat (UnityEngine.LogType,UnityEngine.Object,string,object[])
UnityEngine.Logger:Log (UnityEngine.LogType,object)
UnityEngine.Debug:Log (object)
RISController:SetPhase (int,single) (at Assets/Scripts/RISController.cs:74)
RISController:SetAllPhases (single[]) (at Assets/Scripts/RISController.cs:91)
RISController:Start () (at Assets/Scripts/RISController.cs:50)

(Filename: Assets/Scripts/RISController.cs Line: 74)

Element 6 Phase = 60°
UnityEngine.Debug:ExtractStackTraceNoAlloc (byte*,int,string)
UnityEngine.StackTraceUtility:ExtractStackTrace ()
UnityEngine.DebugLogHandler:Internal_Log (UnityEngine.LogType,UnityEngine.LogOption,string,UnityEngine.Object)
UnityEngine.DebugLogHandler:LogFormat (UnityEngine.LogType,UnityEngine.Object,string,object[])
UnityEngine.Logger:Log (UnityEngine.LogType,object)
UnityEngine.Debug:Log (object)
RISController:SetPhase (int,single) (at Assets/Scripts/RISController.cs:74)
RISController:SetAllPhases (single[]) (at Assets/Scripts/RISController.cs:91)
RISController:Start () (at Assets/Scripts/RISController.cs:50)

(Filename: Assets/Scripts/RISController.cs Line: 74)

Element 7 Phase = 90°
UnityEngine.Debug:ExtractStackTraceNoAlloc (byte*,int,string)
UnityEngine.StackTraceUtility:ExtractStackTrace ()
UnityEngine.DebugLogHandler:Internal_Log (UnityEngine.LogType,UnityEngine.LogOption,string,UnityEngine.Object)
UnityEngine.DebugLogHandler:LogFormat (UnityEngine.LogType,UnityEngine.Object,string,object[])
UnityEngine.Logger:Log (UnityEngine.LogType,object)
UnityEngine.Debug:Log (object)
RISController:SetPhase (int,single) (at Assets/Scripts/RISController.cs:74)
RISController:SetAllPhases (single[]) (at Assets/Scripts/RISController.cs:91)
RISController:Start () (at Assets/Scripts/RISController.cs:50)

(Filename: Assets/Scripts/RISController.cs Line: 74)

Element 8 Phase = 120°
UnityEngine.Debug:ExtractStackTraceNoAlloc (byte*,int,string)
UnityEngine.StackTraceUtility:ExtractStackTrace ()
UnityEngine.DebugLogHandler:Internal_Log (UnityEngine.LogType,UnityEngine.LogOption,string,UnityEngine.Object)
UnityEngine.DebugLogHandler:LogFormat (UnityEngine.LogType,UnityEngine.Object,string,object[])
UnityEngine.Logger:Log (UnityEngine.LogType,object)
UnityEngine.Debug:Log (object)
RISController:SetPhase (int,single) (at Assets/Scripts/RISController.cs:74)
RISController:SetAllPhases (single[]) (at Assets/Scripts/RISController.cs:91)
RISController:Start () (at Assets/Scripts/RISController.cs:50)

(Filename: Assets/Scripts/RISController.cs Line: 74)

Element 9 Phase = 60°
UnityEngine.Debug:ExtractStackTraceNoAlloc (byte*,int,string)
UnityEngine.StackTraceUtility:ExtractStackTrace ()
UnityEngine.DebugLogHandler:Internal_Log (UnityEngine.LogType,UnityEngine.LogOption,string,UnityEngine.Object)
UnityEngine.DebugLogHandler:LogFormat (UnityEngine.LogType,UnityEngine.Object,string,object[])
UnityEngine.Logger:Log (UnityEngine.LogType,object)
UnityEngine.Debug:Log (object)
RISController:SetPhase (int,single) (at Assets/Scripts/RISController.cs:74)
RISController:SetAllPhases (single[]) (at Assets/Scripts/RISController.cs:91)
RISController:Start () (at Assets/Scripts/RISController.cs:50)

(Filename: Assets/Scripts/RISController.cs Line: 74)

Element 10 Phase = 90°
UnityEngine.Debug:ExtractStackTraceNoAlloc (byte*,int,string)
UnityEngine.StackTraceUtility:ExtractStackTrace ()
UnityEngine.DebugLogHandler:Internal_Log (UnityEngine.LogType,UnityEngine.LogOption,string,UnityEngine.Object)
UnityEngine.DebugLogHandler:LogFormat (UnityEngine.LogType,UnityEngine.Object,string,object[])
UnityEngine.Logger:Log (UnityEngine.LogType,object)
UnityEngine.Debug:Log (object)
RISController:SetPhase (int,single) (at Assets/Scripts/RISController.cs:74)
RISController:SetAllPhases (single[]) (at Assets/Scripts/RISController.cs:91)
RISController:Start () (at Assets/Scripts/RISController.cs:50)

(Filename: Assets/Scripts/RISController.cs Line: 74)

Element 11 Phase = 120°
UnityEngine.Debug:ExtractStackTraceNoAlloc (byte*,int,string)
UnityEngine.StackTraceUtility:ExtractStackTrace ()
UnityEngine.DebugLogHandler:Internal_Log (UnityEngine.LogType,UnityEngine.LogOption,string,UnityEngine.Object)
UnityEngine.DebugLogHandler:LogFormat (UnityEngine.LogType,UnityEngine.Object,string,object[])
UnityEngine.Logger:Log (UnityEngine.LogType,object)
UnityEngine.Debug:Log (object)
RISController:SetPhase (int,single) (at Assets/Scripts/RISController.cs:74)
RISController:SetAllPhases (single[]) (at Assets/Scripts/RISController.cs:91)
RISController:Start () (at Assets/Scripts/RISController.cs:50)

(Filename: Assets/Scripts/RISController.cs Line: 74)

Element 12 Phase = 150°
UnityEngine.Debug:ExtractStackTraceNoAlloc (byte*,int,string)
UnityEngine.StackTraceUtility:ExtractStackTrace ()
UnityEngine.DebugLogHandler:Internal_Log (UnityEngine.LogType,UnityEngine.LogOption,string,UnityEngine.Object)
UnityEngine.DebugLogHandler:LogFormat (UnityEngine.LogType,UnityEngine.Object,string,object[])
UnityEngine.Logger:Log (UnityEngine.LogType,object)
UnityEngine.Debug:Log (object)
RISController:SetPhase (int,single) (at Assets/Scripts/RISController.cs:74)
RISController:SetAllPhases (single[]) (at Assets/Scripts/RISController.cs:91)
RISController:Start () (at Assets/Scripts/RISController.cs:50)

(Filename: Assets/Scripts/RISController.cs Line: 74)

Element 13 Phase = 90°
UnityEngine.Debug:ExtractStackTraceNoAlloc (byte*,int,string)
UnityEngine.StackTraceUtility:ExtractStackTrace ()
UnityEngine.DebugLogHandler:Internal_Log (UnityEngine.LogType,UnityEngine.LogOption,string,UnityEngine.Object)
UnityEngine.DebugLogHandler:LogFormat (UnityEngine.LogType,UnityEngine.Object,string,object[])
UnityEngine.Logger:Log (UnityEngine.LogType,object)
UnityEngine.Debug:Log (object)
RISController:SetPhase (int,single) (at Assets/Scripts/RISController.cs:74)
RISController:SetAllPhases (single[]) (at Assets/Scripts/RISController.cs:91)
RISController:Start () (at Assets/Scripts/RISController.cs:50)

(Filename: Assets/Scripts/RISController.cs Line: 74)

Element 14 Phase = 120°
UnityEngine.Debug:ExtractStackTraceNoAlloc (byte*,int,string)
UnityEngine.StackTraceUtility:ExtractStackTrace ()
UnityEngine.DebugLogHandler:Internal_Log (UnityEngine.LogType,UnityEngine.LogOption,string,UnityEngine.Object)
UnityEngine.DebugLogHandler:LogFormat (UnityEngine.LogType,UnityEngine.Object,string,object[])
UnityEngine.Logger:Log (UnityEngine.LogType,object)
UnityEngine.Debug:Log (object)
RISController:SetPhase (int,single) (at Assets/Scripts/RISController.cs:74)
RISController:SetAllPhases (single[]) (at Assets/Scripts/RISController.cs:91)
RISController:Start () (at Assets/Scripts/RISController.cs:50)

(Filename: Assets/Scripts/RISController.cs Line: 74)

Element 15 Phase = 150°
UnityEngine.Debug:ExtractStackTraceNoAlloc (byte*,int,string)
UnityEngine.StackTraceUtility:ExtractStackTrace ()
UnityEngine.DebugLogHandler:Internal_Log (UnityEngine.LogType,UnityEngine.LogOption,string,UnityEngine.Object)
UnityEngine.DebugLogHandler:LogFormat (UnityEngine.LogType,UnityEngine.Object,string,object[])
UnityEngine.Logger:Log (UnityEngine.LogType,object)
UnityEngine.Debug:Log (object)
RISController:SetPhase (int,single) (at Assets/Scripts/RISController.cs:74)
RISController:SetAllPhases (single[]) (at Assets/Scripts/RISController.cs:91)
RISController:Start () (at Assets/Scripts/RISController.cs:50)

(Filename: Assets/Scripts/RISController.cs Line: 74)

Element 16 Phase = 180°
UnityEngine.Debug:ExtractStackTraceNoAlloc (byte*,int,string)
UnityEngine.StackTraceUtility:ExtractStackTrace ()
UnityEngine.DebugLogHandler:Internal_Log (UnityEngine.LogType,UnityEngine.LogOption,string,UnityEngine.Object)
UnityEngine.DebugLogHandler:LogFormat (UnityEngine.LogType,UnityEngine.Object,string,object[])
UnityEngine.Logger:Log (UnityEngine.LogType,object)
UnityEngine.Debug:Log (object)
RISController:SetPhase (int,single) (at Assets/Scripts/RISController.cs:74)
RISController:SetAllPhases (single[]) (at Assets/Scripts/RISController.cs:91)
RISController:Start () (at Assets/Scripts/RISController.cs:50)

(Filename: Assets/Scripts/RISController.cs Line: 74)

RIS configuration updated successfully.
UnityEngine.Debug:ExtractStackTraceNoAlloc (byte*,int,string)
UnityEngine.StackTraceUtility:ExtractStackTrace ()
UnityEngine.DebugLogHandler:Internal_Log (UnityEngine.LogType,UnityEngine.LogOption,string,UnityEngine.Object)
UnityEngine.DebugLogHandler:LogFormat (UnityEngine.LogType,UnityEngine.Object,string,object[])
UnityEngine.Logger:Log (UnityEngine.LogType,object)
UnityEngine.Debug:Log (object)
RISController:SetAllPhases (single[]) (at Assets/Scripts/RISController.cs:94)
RISController:Start () (at Assets/Scripts/RISController.cs:50)

(Filename: Assets/Scripts/RISController.cs Line: 94)

[Licensing::Client] Successfully resolved entitlement details
[Licensing::Client] Successfully resolved entitlement details
[Licensing::Client] Successfully resolved entitlement details
Unloading 0 Unused Serialized files (Serialized files now loaded: 0)
Loaded scene 'Temp/__Backupscenes/0.backup'
	Deserialize:            1.563 ms
	Integration:            269.348 ms
	Integration of assets:  0.002 ms
	Thread Wait Time:       0.006 ms
	Total Operation Time:   270.918 ms
Unloading 13 unused Assets / (260.1 KB). Loaded Objects now: 8975.
Memory consumption went from 0.77 GB to 0.77 GB.
Total: 18.285500 ms (FindLiveObjects: 0.599900 ms CreateObjectMapping: 0.915600 ms MarkObjects: 16.711200 ms  DeleteObjects: 0.057300 ms)

[Licensing::Client] Successfully resolved entitlement details
Asset Pipeline Refresh (id=96f3642535ad8634c88ba9171b883ea8): Total: 0.018 seconds - Initiated by RefreshV2(AllowForceSynchronousImport)
[ScriptCompilation] Requested script compilation because: AssetDatabase observed changes in script compilation related files
Asset Pipeline Refresh (id=892620033e85e09489884c75cba87d59): Total: 0.113 seconds - Initiated by RefreshV2(NoUpdateAssetOptions)
[Licensing::Client] Successfully resolved entitlement details
info: Microsoft.AspNetCore.Hosting.Diagnostics[1]
      Request starting HTTP/2 POST http://ilpp/UnityILPP.PostProcessing/Ping - application/grpc -
info: Microsoft.AspNetCore.Routing.EndpointMiddleware[0]
      Executing endpoint 'gRPC - /UnityILPP.PostProcessing/Ping'
info: Microsoft.AspNetCore.Routing.EndpointMiddleware[1]
      Executed endpoint 'gRPC - /UnityILPP.PostProcessing/Ping'
info: Microsoft.AspNetCore.Hosting.Diagnostics[2]
      Request finished HTTP/2 POST http://ilpp/UnityILPP.PostProcessing/Ping - 200 - application/grpc 0.2190ms
Starting: C:\Program Files\Unity\Hub\Editor\6000.5.6f1\Editor\Data\Tools\BuildPipeline\bee_backend.exe --ipc --defer-dag-verification --dagfile="Library/Bee/1900b0aE.dag" --continue-on-failure --profile="Library/Bee/backend1.traceevents" ScriptAssemblies
WorkingDir: D:/Private/unity projects/graduation project
info: Microsoft.AspNetCore.Hosting.Diagnostics[1]
      Request starting HTTP/2 POST http://ilpp/UnityILPP.PostProcessing/ConfigurePostProcessors - application/grpc -
info: Microsoft.AspNetCore.Routing.EndpointMiddleware[0]
      Executing endpoint 'gRPC - /UnityILPP.PostProcessing/ConfigurePostProcessors'
info: Unity.ILPP.Runner.PostProcessingAssemblyLoadContext[0]
      Current configuration matches the requested one, skipping
info: Microsoft.AspNetCore.Routing.EndpointMiddleware[1]
      Executed endpoint 'gRPC - /UnityILPP.PostProcessing/ConfigurePostProcessors'
info: Microsoft.AspNetCore.Hosting.Diagnostics[2]
      Request finished HTTP/2 POST http://ilpp/UnityILPP.PostProcessing/ConfigurePostProcessors - 200 - application/grpc 0.7542ms
info: Microsoft.AspNetCore.Hosting.Diagnostics[1]
      Request starting HTTP/2 POST http://ilpp/UnityILPP.PostProcessing/PostProcessAssembly - application/grpc -
info: Microsoft.AspNetCore.Routing.EndpointMiddleware[0]
      Executing endpoint 'gRPC - /UnityILPP.PostProcessing/PostProcessAssembly'
info: Unity.ILPP.Runner.PostProcessingPipeline[0]
      Processing assembly Library/Bee/artifacts/1900b0aE.dag/Assembly-CSharp.dll, with 142 defines and 339 references
info: Unity.ILPP.Runner.PostProcessingPipeline[0]
      processors: Unity.Jobs.CodeGen.JobsILPostProcessor, zzzUnity.Burst.CodeGen.BurstILPostProcessor
info: Unity.ILPP.Runner.PostProcessingPipeline[0]
      running Unity.Jobs.CodeGen.JobsILPostProcessor
info: Unity.ILPP.Runner.PostProcessingPipeline[0]
      running zzzUnity.Burst.CodeGen.BurstILPostProcessor
info: Microsoft.AspNetCore.Routing.EndpointMiddleware[1]
      Executed endpoint 'gRPC - /UnityILPP.PostProcessing/PostProcessAssembly'
info: Microsoft.AspNetCore.Hosting.Diagnostics[2]
      Request finished HTTP/2 POST http://ilpp/UnityILPP.PostProcessing/PostProcessAssembly - 200 - application/grpc 18.1521ms
info: Microsoft.AspNetCore.Hosting.Diagnostics[1]
      Request starting HTTP/2 POST http://ilpp/UnityILPP.PostProcessing/PostProcessAssembly - application/grpc -
info: Microsoft.AspNetCore.Routing.EndpointMiddleware[0]
      Executing endpoint 'gRPC - /UnityILPP.PostProcessing/PostProcessAssembly'
info: Unity.ILPP.Runner.PostProcessingPipeline[0]
      Processing assembly Library/Bee/artifacts/1900b0aE.dag/Assembly-CSharp-Editor.dll, with 140 defines and 362 references
info: Unity.ILPP.Runner.PostProcessingPipeline[0]
      processors: Unity.Jobs.CodeGen.JobsILPostProcessor, zzzUnity.Burst.CodeGen.BurstILPostProcessor
info: Unity.ILPP.Runner.PostProcessingPipeline[0]
      running Unity.Jobs.CodeGen.JobsILPostProcessor
info: Unity.ILPP.Runner.PostProcessingPipeline[0]
      running zzzUnity.Burst.CodeGen.BurstILPostProcessor
info: Microsoft.AspNetCore.Routing.EndpointMiddleware[1]
      Executed endpoint 'gRPC - /UnityILPP.PostProcessing/PostProcessAssembly'
info: Microsoft.AspNetCore.Hosting.Diagnostics[2]
      Request finished HTTP/2 POST http://ilpp/UnityILPP.PostProcessing/PostProcessAssembly - 200 - application/grpc 14.6517ms
ExitCode: 0 Duration: 0s639ms
[736/937    0s] ILPP-Configuration Library/ilpp-configuration.nevergeneratedoutput
[929/937    0s] Csc Library/Bee/artifacts/1900b0aE.dag/Assembly-CSharp.dll (+2 others)
[930/937    0s] ILPostProcess Library/Bee/artifacts/1900b0aE.dag/post-processed/Assembly-CSharp.dll (+pdb)
Processing assembly Library/Bee/artifacts/1900b0aE.dag/Assembly-CSharp.dll, with 142 defines and 339 references

processors: Unity.Jobs.CodeGen.JobsILPostProcessor, zzzUnity.Burst.CodeGen.BurstILPostProcessor

running Unity.Jobs.CodeGen.JobsILPostProcessor

running zzzUnity.Burst.CodeGen.BurstILPostProcessor
[931/937    0s] CopyFiles Library/ScriptAssemblies/Assembly-CSharp.dll
[932/937    0s] CopyFiles Library/ScriptAssemblies/Assembly-CSharp.pdb
[933/937    0s] Csc Library/Bee/artifacts/1900b0aE.dag/Assembly-CSharp-Editor.dll (+2 others)
[934/937    0s] ILPostProcess Library/Bee/artifacts/1900b0aE.dag/post-processed/Assembly-CSharp-Editor.dll (+pdb)
Processing assembly Library/Bee/artifacts/1900b0aE.dag/Assembly-CSharp-Editor.dll, with 140 defines and 362 references

processors: Unity.Jobs.CodeGen.JobsILPostProcessor, zzzUnity.Burst.CodeGen.BurstILPostProcessor

running Unity.Jobs.CodeGen.JobsILPostProcessor

running zzzUnity.Burst.CodeGen.BurstILPostProcessor
[935/937    0s] CopyFiles Library/ScriptAssemblies/Assembly-CSharp-Editor.pdb
[936/937    0s] CopyFiles Library/ScriptAssemblies/Assembly-CSharp-Editor.dll
*** Tundra build success (0.61 seconds), 9 items updated, 937 evaluated
Reloading assemblies after finishing script compilation.
Reloading assemblies after forced synchronous recompile.
Begin MonoManager ReloadAssembly
Total cache size 267245200
Total cache size after purge 267245200, took 00:00:00.5464366
Native extension for WindowsStandalone target not found
Native extension for WebGL target not found
[MODES] ModeService[none].Initialize
[MODES] ModeService[none].LoadModes
ScheduleIndexationOnStartup MainProcess:True IndexOnStartup:True
Mono: successfully reloaded assembly
- Finished resetting the current domain, in  2.542 seconds
Domain Reload Profiling: 4328ms
	BeginReloadAssembly (1228ms)
		DisableScriptedObjects (180ms)
		CreateAndSetChildDomain (582ms)
	RebuildCommonClasses (14ms)
	RebuildNativeTypeToScriptingClass (21ms)
	initialDomainReloadingComplete (71ms)
	LoadAllAssembliesAndSetupDomain (450ms)
		LoadAssemblies (166ms)
		AnalyzeDomain (275ms)
			TypeCache.Refresh (11ms)
			BuildScriptInfoCaches (231ms)
			ResolveRequiredComponents (31ms)
	FinalizeReload (2543ms)
		SetupLoadedEditorAssemblies (0ms)
			InitializePlatformSupportModulesInManaged (3ms)
			BeforeProcessingInitializeOnLoad (238ms)
			ProcessInitializeOnLoadAttributes (548ms)
			ProcessInitializeOnLoadMethodAttributes (191ms)
			AfterProcessingInitializeOnLoad (7ms)
		AwakeInstancesAfterBackupRestoration (836ms)

Asset Pipeline Refresh (id=2e2bf730e5b8f0747b5c89af36392292): Total: 4.617 seconds - Initiated by StopAssetImportingV2(ForceSynchronousImport | ForceDomainReload)
	(Values over 0.05ms)
	Summary:
		Imports: total=0 (actual=0, local cache=0, cache server=0)
		Asset DB Process Time: managed=0 ms, native=2698 ms
		Asset DB Callback time: managed=47 ms, native=0 ms
		Scripting: domain reloads=1, domain reload time=1869 ms, compile time=2 ms, other=0 ms
		Project Asset Count: scripts=1362, non-scripts=2318
		Asset File Changes: new=0, changed=0, moved=0, deleted=0
		Scan Filter Count: 0
	InvokePackagesCallback: 1.956ms
	ApplyChangesToAssetFolders: 0.408ms
	Collect global state as custom dependencies: 3.664ms
	ProcessAssetsWithTransientArtifactChanges: 9.126ms
	CategorizeAssets: 53.195ms
	CompileScripts: 1.542ms
	ImportOutOfDateAssets: 2592.318ms (2556.268ms without children)
		CollectScriptTypesHashes: 1.422ms
		ReloadNativeAssets: 1.229ms
		UnloadImportedAssets: 0.372ms
		EnsureUptoDateAssetsAreRegisteredWithGuidPM: 0.854ms
		ImportSchedulerStart: 33.565ms
	PostProcessAllAssets: 47.452ms
		MonoPostProcessAllAssets: 47.445ms
			UniversalRenderPipelineGlobalSettingsPostprocessor.OnPostprocessAllAssets 17.208ms
			AssetChangedListener.OnPostprocessAllAssets 7.682ms
			BuilderAssetPostprocessor.OnPostprocessAllAssets 6.973ms
			AssetPostprocessor.OnPostprocessAllAssets 5.126ms
			SyncVS.PostprocessSyncProject 4.130ms
			WindowAssetPostprocessingWatcher.OnPostprocessAllAssets 3.064ms
			SpeedTree9Postprocessor.OnPostprocessAllAssets 2.275ms
			ShaderGraphAssetPostProcessor.OnPostprocessAllAssets 2.013ms
			EditModeScopePostprocessor.OnPostprocessAllAssets 1.389ms
			RetainedModeAssetPostprocessor.OnPostprocessAllAssets 1.389ms
			RenderPipelineGlobalSettingsPostprocessor.OnPostprocessAllAssets 1.035ms
			ProjectSettingsPostprocessor.OnPostprocessAllAssets 0.866ms
			ArtifactBrowserPostProcessor.OnPostprocessAllAssets 0.816ms
			TMPro_TexturePostProcessor.OnPostprocessAllAssets 0.683ms
			MaterialPostprocessor.OnPostprocessAllAssets 0.618ms
			TextAssetPostProcessor.OnPostprocessAllAssets 0.454ms
			AudioMixerPostprocessor.OnPostprocessAllAssets 0.441ms
			ShaderReflectionAssetPostProcessor.OnPostprocessAllAssets 0.433ms
			ReferencedClipsPostProcessor.OnPostprocessAllAssets 0.419ms
			PostProcessor.OnPostprocessAllAssets 0.397ms
			UVCSAssetPostprocessor.OnPostprocessAllAssets 0.391ms
			SpeedTreePostProcessor.OnPostprocessAllAssets 0.337ms
			InputActionAssetPostprocessor.OnPostprocessAllAssets 0.321ms
			InputActionJsonNameModifierAssetProcessor.OnPostprocessAllAssets 0.321ms
			SampleDependencyImporterPostProcessor.OnPostprocessAllAssets 0.320ms
			AssetEvents.OnPostprocessAllAssets 0.275ms
			StyleCatalogPostProcessor.OnPostprocessAllAssets 0.251ms
			AssetDatabaseCallbacks.OnPostprocessAllAssets 0.236ms
			SamplePostprocessor.OnPostprocessAllAssets 0.180ms
			TerrainToolbarOverlayPostProcessor.OnPostprocessAllAssets 0.174ms
			ConfigAssetsTracker.OnPostprocessAllAssets 0.160ms
			AssetReloadNotifier.OnPostprocessAllAssets 0.159ms
			ScenarioDriftAssetsTracker.OnPostprocessAllAssets 0.156ms
			AudioContainerPostProcessor.OnPostprocessAllAssets 0.089ms
	GatherAllCurrentPrimaryImportResultRevisions: 0.159ms
	PersistCurrentRevisions: 0.105ms
	GenerateScriptTypeHashes: 2.624ms
	GenerateScriptTypeSerializationHashes: 4.421ms
	Untracked: 1902.674ms

[Licensing::Client] Successfully resolved entitlement details
[Licensing::Client] Successfully resolved entitlement details
Asset Pipeline Refresh (id=a53dd722c3654554ead90ab964cf3433): Total: 0.011 seconds - Initiated by RefreshV2(AllowForceSynchronousImport)
[Licensing::Client] Successfully resolved entitlement details
[ScriptCompilation] Requested script compilation because: AssetDatabase observed changes in script compilation related files
Refreshing native plugins compatible for Editor in 2.58 ms, found 4 plugins.
Asset Pipeline Refresh (id=72e96b6cb2d4acf419eac47bcf5ccd72): Total: 0.122 seconds - Initiated by RefreshV2(NoUpdateAssetOptions)
[Licensing::Client] Successfully resolved entitlement details
info: Microsoft.AspNetCore.Hosting.Diagnostics[1]
      Request starting HTTP/2 POST http://ilpp/UnityILPP.PostProcessing/Ping - application/grpc -
info: Microsoft.AspNetCore.Routing.EndpointMiddleware[0]
      Executing endpoint 'gRPC - /UnityILPP.PostProcessing/Ping'
info: Microsoft.AspNetCore.Routing.EndpointMiddleware[1]
      Executed endpoint 'gRPC - /UnityILPP.PostProcessing/Ping'
info: Microsoft.AspNetCore.Hosting.Diagnostics[2]
      Request finished HTTP/2 POST http://ilpp/UnityILPP.PostProcessing/Ping - 200 - application/grpc 0.1721ms
Starting: C:\Program Files\Unity\Hub\Editor\6000.5.6f1\Editor\Data\Tools\BuildPipeline\bee_backend.exe --ipc --defer-dag-verification --dagfile="Library/Bee/1900b0aE.dag" --continue-on-failure --profile="Library/Bee/backend1.traceevents" ScriptAssemblies
WorkingDir: D:/Private/unity projects/graduation project
info: Microsoft.AspNetCore.Hosting.Diagnostics[1]
      Request starting HTTP/2 POST http://ilpp/UnityILPP.PostProcessing/ConfigurePostProcessors - application/grpc -
info: Microsoft.AspNetCore.Routing.EndpointMiddleware[0]
      Executing endpoint 'gRPC - /UnityILPP.PostProcessing/ConfigurePostProcessors'
info: Unity.ILPP.Runner.PostProcessingAssemblyLoadContext[0]
      Current configuration matches the requested one, skipping
info: Microsoft.AspNetCore.Routing.EndpointMiddleware[1]
      Executed endpoint 'gRPC - /UnityILPP.PostProcessing/ConfigurePostProcessors'
info: Microsoft.AspNetCore.Hosting.Diagnostics[2]
      Request finished HTTP/2 POST http://ilpp/UnityILPP.PostProcessing/ConfigurePostProcessors - 200 - application/grpc 0.5895ms
info: Microsoft.AspNetCore.Hosting.Diagnostics[1]
      Request starting HTTP/2 POST http://ilpp/UnityILPP.PostProcessing/PostProcessAssembly - application/grpc -
info: Microsoft.AspNetCore.Hosting.Diagnostics[1]
      Request starting HTTP/2 POST http://ilpp/UnityILPP.PostProcessing/PostProcessAssembly - application/grpc -
info: Microsoft.AspNetCore.Routing.EndpointMiddleware[0]
      Executing endpoint 'gRPC - /UnityILPP.PostProcessing/PostProcessAssembly'
info: Microsoft.AspNetCore.Routing.EndpointMiddleware[0]
      Executing endpoint 'gRPC - /UnityILPP.PostProcessing/PostProcessAssembly'
info: Unity.ILPP.Runner.PostProcessingPipeline[0]
      Processing assembly Library/Bee/artifacts/1900b0aE.dag/Assembly-CSharp.dll, with 142 defines and 339 references
info: Unity.ILPP.Runner.PostProcessingPipeline[0]
      processors: Unity.Jobs.CodeGen.JobsILPostProcessor, zzzUnity.Burst.CodeGen.BurstILPostProcessor
info: Unity.ILPP.Runner.PostProcessingPipeline[0]
      Processing assembly Library/Bee/artifacts/1900b0aE.dag/Assembly-CSharp-Editor.dll, with 140 defines and 362 references
info: Unity.ILPP.Runner.PostProcessingPipeline[0]
      processors: Unity.Jobs.CodeGen.JobsILPostProcessor, zzzUnity.Burst.CodeGen.BurstILPostProcessor
info: Unity.ILPP.Runner.PostProcessingPipeline[0]
      running Unity.Jobs.CodeGen.JobsILPostProcessor
info: Unity.ILPP.Runner.PostProcessingPipeline[0]
      running Unity.Jobs.CodeGen.JobsILPostProcessor
info: Unity.ILPP.Runner.PostProcessingPipeline[0]
      running zzzUnity.Burst.CodeGen.BurstILPostProcessor
info: Unity.ILPP.Runner.PostProcessingPipeline[0]
      running zzzUnity.Burst.CodeGen.BurstILPostProcessor
info: Microsoft.AspNetCore.Routing.EndpointMiddleware[1]
      Executed endpoint 'gRPC - /UnityILPP.PostProcessing/PostProcessAssembly'
info: Microsoft.AspNetCore.Hosting.Diagnostics[2]
      Request finished HTTP/2 POST http://ilpp/UnityILPP.PostProcessing/PostProcessAssembly - 200 - application/grpc 23.5834ms
info: Microsoft.AspNetCore.Routing.EndpointMiddleware[1]
      Executed endpoint 'gRPC - /UnityILPP.PostProcessing/PostProcessAssembly'
info: Microsoft.AspNetCore.Hosting.Diagnostics[2]
      Request finished HTTP/2 POST http://ilpp/UnityILPP.PostProcessing/PostProcessAssembly - 200 - application/grpc 27.9709ms
ExitCode: 0 Duration: 0s456ms
[736/937    0s] ILPP-Configuration Library/ilpp-configuration.nevergeneratedoutput
[929/937    0s] Csc Library/Bee/artifacts/1900b0aE.dag/Assembly-CSharp.dll (+2 others)
[931/937    0s] ILPostProcess Library/Bee/artifacts/1900b0aE.dag/post-processed/Assembly-CSharp-Editor.dll (+pdb)
Processing assembly Library/Bee/artifacts/1900b0aE.dag/Assembly-CSharp-Editor.dll, with 140 defines and 362 references

processors: Unity.Jobs.CodeGen.JobsILPostProcessor, zzzUnity.Burst.CodeGen.BurstILPostProcessor

running Unity.Jobs.CodeGen.JobsILPostProcessor

running zzzUnity.Burst.CodeGen.BurstILPostProcessor
[932/937    0s] ILPostProcess Library/Bee/artifacts/1900b0aE.dag/post-processed/Assembly-CSharp.dll (+pdb)
Processing assembly Library/Bee/artifacts/1900b0aE.dag/Assembly-CSharp.dll, with 142 defines and 339 references

processors: Unity.Jobs.CodeGen.JobsILPostProcessor, zzzUnity.Burst.CodeGen.BurstILPostProcessor

running Unity.Jobs.CodeGen.JobsILPostProcessor

running zzzUnity.Burst.CodeGen.BurstILPostProcessor
[935/937    0s] CopyFiles Library/ScriptAssemblies/Assembly-CSharp.dll
[936/937    0s] CopyFiles Library/ScriptAssemblies/Assembly-CSharp.pdb
*** Tundra build success (0.42 seconds), 6 items updated, 937 evaluated
Reloading assemblies after finishing script compilation.
Reloading assemblies after forced synchronous recompile.
Begin MonoManager ReloadAssembly
Total cache size 267245200
Total cache size after purge 267245200, took 00:00:00.6896726
Native extension for WindowsStandalone target not found
Native extension for WebGL target not found
[MODES] ModeService[none].Initialize
[MODES] ModeService[none].LoadModes
ScheduleIndexationOnStartup MainProcess:True IndexOnStartup:True
Mono: successfully reloaded assembly
- Finished resetting the current domain, in  2.615 seconds
Domain Reload Profiling: 4717ms
	BeginReloadAssembly (1485ms)
		DisableScriptedObjects (296ms)
		CreateAndSetChildDomain (750ms)
	RebuildCommonClasses (15ms)
	RebuildNativeTypeToScriptingClass (22ms)
	initialDomainReloadingComplete (72ms)
	LoadAllAssembliesAndSetupDomain (506ms)
		LoadAssemblies (186ms)
		AnalyzeDomain (289ms)
			TypeCache.Refresh (13ms)
			BuildScriptInfoCaches (240ms)
			ResolveRequiredComponents (34ms)
	FinalizeReload (2616ms)
		SetupLoadedEditorAssemblies (0ms)
			InitializePlatformSupportModulesInManaged (3ms)
			BeforeProcessingInitializeOnLoad (245ms)
			ProcessInitializeOnLoadAttributes (545ms)
			ProcessInitializeOnLoadMethodAttributes (192ms)
			AfterProcessingInitializeOnLoad (8ms)
		AwakeInstancesAfterBackupRestoration (839ms)

Asset Pipeline Refresh (id=95ab3ac1868b82f4384cf25d002cd852): Total: 5.012 seconds - Initiated by StopAssetImportingV2(ForceSynchronousImport | ForceDomainReload)
	(Values over 0.05ms)
	Summary:
		Imports: total=0 (actual=0, local cache=0, cache server=0)
		Asset DB Process Time: managed=0 ms, native=2776 ms
		Asset DB Callback time: managed=44 ms, native=0 ms
		Scripting: domain reloads=1, domain reload time=2188 ms, compile time=2 ms, other=0 ms
		Project Asset Count: scripts=1362, non-scripts=2318
		Asset File Changes: new=0, changed=0, moved=0, deleted=0
		Scan Filter Count: 0
	InvokePackagesCallback: 2.141ms
	ApplyChangesToAssetFolders: 0.423ms
	Collect global state as custom dependencies: 3.283ms
	ProcessAssetsWithTransientArtifactChanges: 7.442ms
	CategorizeAssets: 55.101ms
	CompileScripts: 1.655ms
	ImportOutOfDateAssets: 2666.552ms (2631.113ms without children)
		CollectScriptTypesHashes: 1.348ms
		ReloadNativeAssets: 1.266ms
		UnloadImportedAssets: 0.273ms
		EnsureUptoDateAssetsAreRegisteredWithGuidPM: 0.687ms
		ImportSchedulerStart: 33.184ms
	PostProcessAllAssets: 44.922ms
		MonoPostProcessAllAssets: 44.916ms
			UniversalRenderPipelineGlobalSettingsPostprocessor.OnPostprocessAllAssets 15.237ms
			BuilderAssetPostprocessor.OnPostprocessAllAssets 6.994ms
			AssetChangedListener.OnPostprocessAllAssets 6.296ms
			AssetPostprocessor.OnPostprocessAllAssets 4.856ms
			SyncVS.PostprocessSyncProject 3.946ms
			WindowAssetPostprocessingWatcher.OnPostprocessAllAssets 2.920ms
			ShaderGraphAssetPostProcessor.OnPostprocessAllAssets 2.534ms
			SpeedTree9Postprocessor.OnPostprocessAllAssets 2.196ms
			RenderPipelineGlobalSettingsPostprocessor.OnPostprocessAllAssets 1.490ms
			EditModeScopePostprocessor.OnPostprocessAllAssets 1.372ms
			RetainedModeAssetPostprocessor.OnPostprocessAllAssets 1.304ms
			ProjectSettingsPostprocessor.OnPostprocessAllAssets 0.970ms
			ArtifactBrowserPostProcessor.OnPostprocessAllAssets 0.842ms
			MaterialPostprocessor.OnPostprocessAllAssets 0.649ms
			TMPro_TexturePostProcessor.OnPostprocessAllAssets 0.633ms
			PostProcessor.OnPostprocessAllAssets 0.542ms
			ReferencedClipsPostProcessor.OnPostprocessAllAssets 0.460ms
			TextAssetPostProcessor.OnPostprocessAllAssets 0.447ms
			ShaderReflectionAssetPostProcessor.OnPostprocessAllAssets 0.411ms
			UVCSAssetPostprocessor.OnPostprocessAllAssets 0.397ms
			AudioMixerPostprocessor.OnPostprocessAllAssets 0.394ms
			SampleDependencyImporterPostProcessor.OnPostprocessAllAssets 0.375ms
			InputActionJsonNameModifierAssetProcessor.OnPostprocessAllAssets 0.364ms
			AssetEvents.OnPostprocessAllAssets 0.346ms
			InputActionAssetPostprocessor.OnPostprocessAllAssets 0.329ms
			AssetDatabaseCallbacks.OnPostprocessAllAssets 0.238ms
			StyleCatalogPostProcessor.OnPostprocessAllAssets 0.238ms
			SpeedTreePostProcessor.OnPostprocessAllAssets 0.200ms
			SamplePostprocessor.OnPostprocessAllAssets 0.198ms
			ConfigAssetsTracker.OnPostprocessAllAssets 0.180ms
			TerrainToolbarOverlayPostProcessor.OnPostprocessAllAssets 0.170ms
			ScenarioDriftAssetsTracker.OnPostprocessAllAssets 0.160ms
			AssetReloadNotifier.OnPostprocessAllAssets 0.146ms
			AudioContainerPostProcessor.OnPostprocessAllAssets 0.089ms
	GatherAllCurrentPrimaryImportResultRevisions: 0.175ms
	PersistCurrentRevisions: 0.149ms
	GenerateScriptTypeHashes: 2.679ms
	GenerateScriptTypeSerializationHashes: 4.475ms
	Untracked: 2225.747ms

[Licensing::Client] Successfully resolved entitlement details
[Licensing::Client] Successfully resolved entitlement details
Asset Pipeline Refresh (id=e30fb1a723c17fc42a3d98265092219c): Total: 0.012 seconds - Initiated by RefreshV2(AllowForceSynchronousImport)
[Licensing::Client] Successfully resolved entitlement details
Reloading assemblies for play mode.
Reloading assemblies after forced synchronous recompile.
Begin MonoManager ReloadAssembly
Native extension for WindowsStandalone target not found
Native extension for WebGL target not found
ScheduleIndexationOnStartup MainProcess:True IndexOnStartup:True
[MODES] ModeService[none].Initialize
[MODES] ModeService[none].LoadModes
Mono: successfully reloaded assembly
- Finished resetting the current domain, in  2.589 seconds
Domain Reload Profiling: 3825ms
	BeginReloadAssembly (908ms)
		DisableScriptedObjects (123ms)
		CreateAndSetChildDomain (564ms)
	RebuildCommonClasses (14ms)
	RebuildNativeTypeToScriptingClass (22ms)
	initialDomainReloadingComplete (69ms)
	LoadAllAssembliesAndSetupDomain (221ms)
		LoadAssemblies (160ms)
		AnalyzeDomain (44ms)
			TypeCache.Refresh (7ms)
			ResolveRequiredComponents (30ms)
	FinalizeReload (2590ms)
		SetupLoadedEditorAssemblies (0ms)
			InitializePlatformSupportModulesInManaged (3ms)
			BeforeProcessingInitializeOnLoad (116ms)
			ProcessInitializeOnLoadAttributes (544ms)
			ProcessInitializeOnLoadMethodAttributes (192ms)
			AfterProcessingInitializeOnLoad (7ms)
		AwakeInstancesAfterBackupRestoration (928ms)

Asset Pipeline Refresh (id=b454c3b50c1ad5c4f83e4991a0ddecb2): Total: 4.066 seconds - Initiated by StopAssetImportingV2(ForceSynchronousImport | ForceDomainReload)
	(Values over 0.05ms)
	Summary:
		Imports: total=0 (actual=0, local cache=0, cache server=0)
		Asset DB Process Time: managed=0 ms, native=2738 ms
		Asset DB Callback time: managed=36 ms, native=0 ms
		Scripting: domain reloads=1, domain reload time=1287 ms, compile time=3 ms, other=0 ms
		Project Asset Count: scripts=1362, non-scripts=2318
		Asset File Changes: new=0, changed=0, moved=0, deleted=0
		Scan Filter Count: 0
	InvokePackagesCallback: 1.785ms
	ApplyChangesToAssetFolders: 0.394ms
	Collect global state as custom dependencies: 3.319ms
	ProcessAssetsWithTransientArtifactChanges: 0.245ms
	CategorizeAssets: 55.455ms
	CompileScripts: 2.579ms
	ImportOutOfDateAssets: 2638.405ms (2604.314ms without children)
		CollectScriptTypesHashes: 0.988ms
		ReloadNativeAssets: 1.265ms
		UnloadImportedAssets: 0.268ms
		EnsureUptoDateAssetsAreRegisteredWithGuidPM: 0.845ms
		ImportSchedulerStart: 31.682ms
	PostProcessAllAssets: 36.215ms
		MonoPostProcessAllAssets: 36.209ms
			UniversalRenderPipelineGlobalSettingsPostprocessor.OnPostprocessAllAssets 12.084ms
			BuilderAssetPostprocessor.OnPostprocessAllAssets 6.994ms
			AssetChangedListener.OnPostprocessAllAssets 6.296ms
			AssetPostprocessor.OnPostprocessAllAssets 4.856ms
			SyncVS.PostprocessSyncProject 3.878ms
			ShaderGraphAssetPostProcessor.OnPostprocessAllAssets 2.534ms
			SpeedTree9Postprocessor.OnPostprocessAllAssets 2.417ms
			WindowAssetPostprocessingWatcher.OnPostprocessAllAssets 2.284ms
			RetainedModeAssetPostprocessor.OnPostprocessAllAssets 1.304ms
			ProjectSettingsPostprocessor.OnPostprocessAllAssets 0.981ms
			RenderPipelineGlobalSettingsPostprocessor.OnPostprocessAllAssets 0.845ms
			ArtifactBrowserPostProcessor.OnPostprocessAllAssets 0.842ms
			MaterialPostprocessor.OnPostprocessAllAssets 0.649ms
			TMPro_TexturePostProcessor.OnPostprocessAllAssets 0.633ms
			PostProcessor.OnPostprocessAllAssets 0.542ms
			ShaderReflectionAssetPostProcessor.OnPostprocessAllAssets 0.483ms
			TextAssetPostProcessor.OnPostprocessAllAssets 0.447ms
			InputActionAssetPostprocessor.OnPostprocessAllAssets 0.436ms
			UVCSAssetPostprocessor.OnPostprocessAllAssets 0.397ms
			AudioMixerPostprocessor.OnPostprocessAllAssets 0.394ms
			SampleDependencyImporterPostProcessor.OnPostprocessAllAssets 0.375ms
			InputActionJsonNameModifierAssetProcessor.OnPostprocessAllAssets 0.364ms
			AssetEvents.OnPostprocessAllAssets 0.346ms
			EditModeScopePostprocessor.OnPostprocessAllAssets 0.332ms
			ReferencedClipsPostProcessor.OnPostprocessAllAssets 0.319ms
			StyleCatalogPostProcessor.OnPostprocessAllAssets 0.238ms
			SpeedTreePostProcessor.OnPostprocessAllAssets 0.200ms
			SamplePostprocessor.OnPostprocessAllAssets 0.198ms
			TerrainToolbarOverlayPostProcessor.OnPostprocessAllAssets 0.192ms
			ConfigAssetsTracker.OnPostprocessAllAssets 0.180ms
			AssetDatabaseCallbacks.OnPostprocessAllAssets 0.169ms
			ScenarioDriftAssetsTracker.OnPostprocessAllAssets 0.160ms
			AssetReloadNotifier.OnPostprocessAllAssets 0.146ms
			AudioContainerPostProcessor.OnPostprocessAllAssets 0.089ms
	GatherAllCurrentPrimaryImportResultRevisions: 0.139ms
	PersistCurrentRevisions: 0.116ms
	GenerateScriptTypeHashes: 4.394ms
	GenerateScriptTypeSerializationHashes: 7.931ms
	Untracked: 1321.756ms

Loaded scene 'Temp/__Backupscenes/0.backup'
	Deserialize:            2.022 ms
	Integration:            387.136 ms
	Integration of assets:  0.006 ms
	Thread Wait Time:       0.009 ms
	Total Operation Time:   389.173 ms
RIS Signal Model Started
UnityEngine.Debug:ExtractStackTraceNoAlloc (byte*,int,string)
UnityEngine.StackTraceUtility:ExtractStackTrace ()
UnityEngine.DebugLogHandler:Internal_Log (UnityEngine.LogType,UnityEngine.LogOption,string,UnityEngine.Object)
UnityEngine.DebugLogHandler:LogFormat (UnityEngine.LogType,UnityEngine.Object,string,object[])
UnityEngine.Logger:Log (UnityEngine.LogType,object)
UnityEngine.Debug:Log (object)
RISSignalModel:Start () (at Assets/Scripts/RISSignalModel.cs:15)

(Filename: Assets/Scripts/RISSignalModel.cs Line: 15)

RIS Controller connected successfully.
UnityEngine.Debug:ExtractStackTraceNoAlloc (byte*,int,string)
UnityEngine.StackTraceUtility:ExtractStackTrace ()
UnityEngine.DebugLogHandler:Internal_Log (UnityEngine.LogType,UnityEngine.LogOption,string,UnityEngine.Object)
UnityEngine.DebugLogHandler:LogFormat (UnityEngine.LogType,UnityEngine.Object,string,object[])
UnityEngine.Logger:Log (UnityEngine.LogType,object)
UnityEngine.Debug:Log (object)
RISSignalModel:Start () (at Assets/Scripts/RISSignalModel.cs:23)

(Filename: Assets/Scripts/RISSignalModel.cs Line: 23)

Number of RIS Elements: 16
UnityEngine.Debug:ExtractStackTraceNoAlloc (byte*,int,string)
UnityEngine.StackTraceUtility:ExtractStackTrace ()
UnityEngine.DebugLogHandler:Internal_Log (UnityEngine.LogType,UnityEngine.LogOption,string,UnityEngine.Object)
UnityEngine.DebugLogHandler:LogFormat (UnityEngine.LogType,UnityEngine.Object,string,object[])
UnityEngine.Logger:Log (UnityEngine.LogType,object)
UnityEngine.Debug:Log (object)
RISSignalModel:Start () (at Assets/Scripts/RISSignalModel.cs:24)

(Filename: Assets/Scripts/RISSignalModel.cs Line: 24)

BS → RIS Distance = 18.70829 m
UnityEngine.Debug:ExtractStackTraceNoAlloc (byte*,int,string)
UnityEngine.StackTraceUtility:ExtractStackTrace ()
UnityEngine.DebugLogHandler:Internal_Log (UnityEngine.LogType,UnityEngine.LogOption,string,UnityEngine.Object)
UnityEngine.DebugLogHandler:LogFormat (UnityEngine.LogType,UnityEngine.Object,string,object[])
UnityEngine.Logger:Log (UnityEngine.LogType,object)
UnityEngine.Debug:Log (object)
RISSignalModel:CalculateRISSignal () (at Assets/Scripts/RISSignalModel.cs:44)
RISSignalModel:Start () (at Assets/Scripts/RISSignalModel.cs:26)

(Filename: Assets/Scripts/RISSignalModel.cs Line: 44)

RIS → UE Distance = 18.46618 m
UnityEngine.Debug:ExtractStackTraceNoAlloc (byte*,int,string)
UnityEngine.StackTraceUtility:ExtractStackTrace ()
UnityEngine.DebugLogHandler:Internal_Log (UnityEngine.LogType,UnityEngine.LogOption,string,UnityEngine.Object)
UnityEngine.DebugLogHandler:LogFormat (UnityEngine.LogType,UnityEngine.Object,string,object[])
UnityEngine.Logger:Log (UnityEngine.LogType,object)
UnityEngine.Debug:Log (object)
RISSignalModel:CalculateRISSignal () (at Assets/Scripts/RISSignalModel.cs:45)
RISSignalModel:Start () (at Assets/Scripts/RISSignalModel.cs:26)

(Filename: Assets/Scripts/RISSignalModel.cs Line: 45)

RIS Controller Started
UnityEngine.Debug:ExtractStackTraceNoAlloc (byte*,int,string)
UnityEngine.StackTraceUtility:ExtractStackTrace ()
UnityEngine.DebugLogHandler:Internal_Log (UnityEngine.LogType,UnityEngine.LogOption,string,UnityEngine.Object)
UnityEngine.DebugLogHandler:LogFormat (UnityEngine.LogType,UnityEngine.Object,string,object[])
UnityEngine.Logger:Log (UnityEngine.LogType,object)
UnityEngine.Debug:Log (object)
RISController:Start () (at Assets/Scripts/RISController.cs:18)

(Filename: Assets/Scripts/RISController.cs Line: 18)

Number of RIS Elements: 16
UnityEngine.Debug:ExtractStackTraceNoAlloc (byte*,int,string)
UnityEngine.StackTraceUtility:ExtractStackTrace ()
UnityEngine.DebugLogHandler:Internal_Log (UnityEngine.LogType,UnityEngine.LogOption,string,UnityEngine.Object)
UnityEngine.DebugLogHandler:LogFormat (UnityEngine.LogType,UnityEngine.Object,string,object[])
UnityEngine.Logger:Log (UnityEngine.LogType,object)
UnityEngine.Debug:Log (object)
RISController:Start () (at Assets/Scripts/RISController.cs:19)

(Filename: Assets/Scripts/RISController.cs Line: 19)

RIS Phase System Ready
UnityEngine.Debug:ExtractStackTraceNoAlloc (byte*,int,string)
UnityEngine.StackTraceUtility:ExtractStackTrace ()
UnityEngine.DebugLogHandler:Internal_Log (UnityEngine.LogType,UnityEngine.LogOption,string,UnityEngine.Object)
UnityEngine.DebugLogHandler:LogFormat (UnityEngine.LogType,UnityEngine.Object,string,object[])
UnityEngine.Logger:Log (UnityEngine.LogType,object)
UnityEngine.Debug:Log (object)
RISController:Start () (at Assets/Scripts/RISController.cs:33)

(Filename: Assets/Scripts/RISController.cs Line: 33)

Element 1 Phase = 0°
UnityEngine.Debug:ExtractStackTraceNoAlloc (byte*,int,string)
UnityEngine.StackTraceUtility:ExtractStackTrace ()
UnityEngine.DebugLogHandler:Internal_Log (UnityEngine.LogType,UnityEngine.LogOption,string,UnityEngine.Object)
UnityEngine.DebugLogHandler:LogFormat (UnityEngine.LogType,UnityEngine.Object,string,object[])
UnityEngine.Logger:Log (UnityEngine.LogType,object)
UnityEngine.Debug:Log (object)
RISController:SetPhase (int,single) (at Assets/Scripts/RISController.cs:74)
RISController:SetAllPhases (single[]) (at Assets/Scripts/RISController.cs:91)
RISController:Start () (at Assets/Scripts/RISController.cs:50)

(Filename: Assets/Scripts/RISController.cs Line: 74)

Element 2 Phase = 30°
UnityEngine.Debug:ExtractStackTraceNoAlloc (byte*,int,string)
UnityEngine.StackTraceUtility:ExtractStackTrace ()
UnityEngine.DebugLogHandler:Internal_Log (UnityEngine.LogType,UnityEngine.LogOption,string,UnityEngine.Object)
UnityEngine.DebugLogHandler:LogFormat (UnityEngine.LogType,UnityEngine.Object,string,object[])
UnityEngine.Logger:Log (UnityEngine.LogType,object)
UnityEngine.Debug:Log (object)
RISController:SetPhase (int,single) (at Assets/Scripts/RISController.cs:74)
RISController:SetAllPhases (single[]) (at Assets/Scripts/RISController.cs:91)
RISController:Start () (at Assets/Scripts/RISController.cs:50)

(Filename: Assets/Scripts/RISController.cs Line: 74)

Element 3 Phase = 60°
UnityEngine.Debug:ExtractStackTraceNoAlloc (byte*,int,string)
UnityEngine.StackTraceUtility:ExtractStackTrace ()
UnityEngine.DebugLogHandler:Internal_Log (UnityEngine.LogType,UnityEngine.LogOption,string,UnityEngine.Object)
UnityEngine.DebugLogHandler:LogFormat (UnityEngine.LogType,UnityEngine.Object,string,object[])
UnityEngine.Logger:Log (UnityEngine.LogType,object)
UnityEngine.Debug:Log (object)
RISController:SetPhase (int,single) (at Assets/Scripts/RISController.cs:74)
RISController:SetAllPhases (single[]) (at Assets/Scripts/RISController.cs:91)
RISController:Start () (at Assets/Scripts/RISController.cs:50)

(Filename: Assets/Scripts/RISController.cs Line: 74)

Element 4 Phase = 90°
UnityEngine.Debug:ExtractStackTraceNoAlloc (byte*,int,string)
UnityEngine.StackTraceUtility:ExtractStackTrace ()
UnityEngine.DebugLogHandler:Internal_Log (UnityEngine.LogType,UnityEngine.LogOption,string,UnityEngine.Object)
UnityEngine.DebugLogHandler:LogFormat (UnityEngine.LogType,UnityEngine.Object,string,object[])
UnityEngine.Logger:Log (UnityEngine.LogType,object)
UnityEngine.Debug:Log (object)
RISController:SetPhase (int,single) (at Assets/Scripts/RISController.cs:74)
RISController:SetAllPhases (single[]) (at Assets/Scripts/RISController.cs:91)
RISController:Start () (at Assets/Scripts/RISController.cs:50)

(Filename: Assets/Scripts/RISController.cs Line: 74)

Element 5 Phase = 30°
UnityEngine.Debug:ExtractStackTraceNoAlloc (byte*,int,string)
UnityEngine.StackTraceUtility:ExtractStackTrace ()
UnityEngine.DebugLogHandler:Internal_Log (UnityEngine.LogType,UnityEngine.LogOption,string,UnityEngine.Object)
UnityEngine.DebugLogHandler:LogFormat (UnityEngine.LogType,UnityEngine.Object,string,object[])
UnityEngine.Logger:Log (UnityEngine.LogType,object)
UnityEngine.Debug:Log (object)
RISController:SetPhase (int,single) (at Assets/Scripts/RISController.cs:74)
RISController:SetAllPhases (single[]) (at Assets/Scripts/RISController.cs:91)
RISController:Start () (at Assets/Scripts/RISController.cs:50)

(Filename: Assets/Scripts/RISController.cs Line: 74)

Element 6 Phase = 60°
UnityEngine.Debug:ExtractStackTraceNoAlloc (byte*,int,string)
UnityEngine.StackTraceUtility:ExtractStackTrace ()
UnityEngine.DebugLogHandler:Internal_Log (UnityEngine.LogType,UnityEngine.LogOption,string,UnityEngine.Object)
UnityEngine.DebugLogHandler:LogFormat (UnityEngine.LogType,UnityEngine.Object,string,object[])
UnityEngine.Logger:Log (UnityEngine.LogType,object)
UnityEngine.Debug:Log (object)
RISController:SetPhase (int,single) (at Assets/Scripts/RISController.cs:74)
RISController:SetAllPhases (single[]) (at Assets/Scripts/RISController.cs:91)
RISController:Start () (at Assets/Scripts/RISController.cs:50)

(Filename: Assets/Scripts/RISController.cs Line: 74)

Element 7 Phase = 90°
UnityEngine.Debug:ExtractStackTraceNoAlloc (byte*,int,string)
UnityEngine.StackTraceUtility:ExtractStackTrace ()
UnityEngine.DebugLogHandler:Internal_Log (UnityEngine.LogType,UnityEngine.LogOption,string,UnityEngine.Object)
UnityEngine.DebugLogHandler:LogFormat (UnityEngine.LogType,UnityEngine.Object,string,object[])
UnityEngine.Logger:Log (UnityEngine.LogType,object)
UnityEngine.Debug:Log (object)
RISController:SetPhase (int,single) (at Assets/Scripts/RISController.cs:74)
RISController:SetAllPhases (single[]) (at Assets/Scripts/RISController.cs:91)
RISController:Start () (at Assets/Scripts/RISController.cs:50)

(Filename: Assets/Scripts/RISController.cs Line: 74)

Element 8 Phase = 120°
UnityEngine.Debug:ExtractStackTraceNoAlloc (byte*,int,string)
UnityEngine.StackTraceUtility:ExtractStackTrace ()
UnityEngine.DebugLogHandler:Internal_Log (UnityEngine.LogType,UnityEngine.LogOption,string,UnityEngine.Object)
UnityEngine.DebugLogHandler:LogFormat (UnityEngine.LogType,UnityEngine.Object,string,object[])
UnityEngine.Logger:Log (UnityEngine.LogType,object)
UnityEngine.Debug:Log (object)
RISController:SetPhase (int,single) (at Assets/Scripts/RISController.cs:74)
RISController:SetAllPhases (single[]) (at Assets/Scripts/RISController.cs:91)
RISController:Start () (at Assets/Scripts/RISController.cs:50)

(Filename: Assets/Scripts/RISController.cs Line: 74)

Element 9 Phase = 60°
UnityEngine.Debug:ExtractStackTraceNoAlloc (byte*,int,string)
UnityEngine.StackTraceUtility:ExtractStackTrace ()
UnityEngine.DebugLogHandler:Internal_Log (UnityEngine.LogType,UnityEngine.LogOption,string,UnityEngine.Object)
UnityEngine.DebugLogHandler:LogFormat (UnityEngine.LogType,UnityEngine.Object,string,object[])
UnityEngine.Logger:Log (UnityEngine.LogType,object)
UnityEngine.Debug:Log (object)
RISController:SetPhase (int,single) (at Assets/Scripts/RISController.cs:74)
RISController:SetAllPhases (single[]) (at Assets/Scripts/RISController.cs:91)
RISController:Start () (at Assets/Scripts/RISController.cs:50)

(Filename: Assets/Scripts/RISController.cs Line: 74)

Element 10 Phase = 90°
UnityEngine.Debug:ExtractStackTraceNoAlloc (byte*,int,string)
UnityEngine.StackTraceUtility:ExtractStackTrace ()
UnityEngine.DebugLogHandler:Internal_Log (UnityEngine.LogType,UnityEngine.LogOption,string,UnityEngine.Object)
UnityEngine.DebugLogHandler:LogFormat (UnityEngine.LogType,UnityEngine.Object,string,object[])
UnityEngine.Logger:Log (UnityEngine.LogType,object)
UnityEngine.Debug:Log (object)
RISController:SetPhase (int,single) (at Assets/Scripts/RISController.cs:74)
RISController:SetAllPhases (single[]) (at Assets/Scripts/RISController.cs:91)
RISController:Start () (at Assets/Scripts/RISController.cs:50)

(Filename: Assets/Scripts/RISController.cs Line: 74)

Element 11 Phase = 120°
UnityEngine.Debug:ExtractStackTraceNoAlloc (byte*,int,string)
UnityEngine.StackTraceUtility:ExtractStackTrace ()
UnityEngine.DebugLogHandler:Internal_Log (UnityEngine.LogType,UnityEngine.LogOption,string,UnityEngine.Object)
UnityEngine.DebugLogHandler:LogFormat (UnityEngine.LogType,UnityEngine.Object,string,object[])
UnityEngine.Logger:Log (UnityEngine.LogType,object)
UnityEngine.Debug:Log (object)
RISController:SetPhase (int,single) (at Assets/Scripts/RISController.cs:74)
RISController:SetAllPhases (single[]) (at Assets/Scripts/RISController.cs:91)
RISController:Start () (at Assets/Scripts/RISController.cs:50)

(Filename: Assets/Scripts/RISController.cs Line: 74)

Element 12 Phase = 150°
UnityEngine.Debug:ExtractStackTraceNoAlloc (byte*,int,string)
UnityEngine.StackTraceUtility:ExtractStackTrace ()
UnityEngine.DebugLogHandler:Internal_Log (UnityEngine.LogType,UnityEngine.LogOption,string,UnityEngine.Object)
UnityEngine.DebugLogHandler:LogFormat (UnityEngine.LogType,UnityEngine.Object,string,object[])
UnityEngine.Logger:Log (UnityEngine.LogType,object)
UnityEngine.Debug:Log (object)
RISController:SetPhase (int,single) (at Assets/Scripts/RISController.cs:74)
RISController:SetAllPhases (single[]) (at Assets/Scripts/RISController.cs:91)
RISController:Start () (at Assets/Scripts/RISController.cs:50)

(Filename: Assets/Scripts/RISController.cs Line: 74)

Element 13 Phase = 90°
UnityEngine.Debug:ExtractStackTraceNoAlloc (byte*,int,string)
UnityEngine.StackTraceUtility:ExtractStackTrace ()
UnityEngine.DebugLogHandler:Internal_Log (UnityEngine.LogType,UnityEngine.LogOption,string,UnityEngine.Object)
UnityEngine.DebugLogHandler:LogFormat (UnityEngine.LogType,UnityEngine.Object,string,object[])
UnityEngine.Logger:Log (UnityEngine.LogType,object)
UnityEngine.Debug:Log (object)
RISController:SetPhase (int,single) (at Assets/Scripts/RISController.cs:74)
RISController:SetAllPhases (single[]) (at Assets/Scripts/RISController.cs:91)
RISController:Start () (at Assets/Scripts/RISController.cs:50)

(Filename: Assets/Scripts/RISController.cs Line: 74)

Element 14 Phase = 120°
UnityEngine.Debug:ExtractStackTraceNoAlloc (byte*,int,string)
UnityEngine.StackTraceUtility:ExtractStackTrace ()
UnityEngine.DebugLogHandler:Internal_Log (UnityEngine.LogType,UnityEngine.LogOption,string,UnityEngine.Object)
UnityEngine.DebugLogHandler:LogFormat (UnityEngine.LogType,UnityEngine.Object,string,object[])
UnityEngine.Logger:Log (UnityEngine.LogType,object)
UnityEngine.Debug:Log (object)
RISController:SetPhase (int,single) (at Assets/Scripts/RISController.cs:74)
RISController:SetAllPhases (single[]) (at Assets/Scripts/RISController.cs:91)
RISController:Start () (at Assets/Scripts/RISController.cs:50)

(Filename: Assets/Scripts/RISController.cs Line: 74)

Element 15 Phase = 150°
UnityEngine.Debug:ExtractStackTraceNoAlloc (byte*,int,string)
UnityEngine.StackTraceUtility:ExtractStackTrace ()
UnityEngine.DebugLogHandler:Internal_Log (UnityEngine.LogType,UnityEngine.LogOption,string,UnityEngine.Object)
UnityEngine.DebugLogHandler:LogFormat (UnityEngine.LogType,UnityEngine.Object,string,object[])
UnityEngine.Logger:Log (UnityEngine.LogType,object)
UnityEngine.Debug:Log (object)
RISController:SetPhase (int,single) (at Assets/Scripts/RISController.cs:74)
RISController:SetAllPhases (single[]) (at Assets/Scripts/RISController.cs:91)
RISController:Start () (at Assets/Scripts/RISController.cs:50)

(Filename: Assets/Scripts/RISController.cs Line: 74)

Element 16 Phase = 180°
UnityEngine.Debug:ExtractStackTraceNoAlloc (byte*,int,string)
UnityEngine.StackTraceUtility:ExtractStackTrace ()
UnityEngine.DebugLogHandler:Internal_Log (UnityEngine.LogType,UnityEngine.LogOption,string,UnityEngine.Object)
UnityEngine.DebugLogHandler:LogFormat (UnityEngine.LogType,UnityEngine.Object,string,object[])
UnityEngine.Logger:Log (UnityEngine.LogType,object)
UnityEngine.Debug:Log (object)
RISController:SetPhase (int,single) (at Assets/Scripts/RISController.cs:74)
RISController:SetAllPhases (single[]) (at Assets/Scripts/RISController.cs:91)
RISController:Start () (at Assets/Scripts/RISController.cs:50)

(Filename: Assets/Scripts/RISController.cs Line: 74)

RIS configuration updated successfully.
UnityEngine.Debug:ExtractStackTraceNoAlloc (byte*,int,string)
UnityEngine.StackTraceUtility:ExtractStackTrace ()
UnityEngine.DebugLogHandler:Internal_Log (UnityEngine.LogType,UnityEngine.LogOption,string,UnityEngine.Object)
UnityEngine.DebugLogHandler:LogFormat (UnityEngine.LogType,UnityEngine.Object,string,object[])
UnityEngine.Logger:Log (UnityEngine.LogType,object)
UnityEngine.Debug:Log (object)
RISController:SetAllPhases (single[]) (at Assets/Scripts/RISController.cs:94)
RISController:Start () (at Assets/Scripts/RISController.cs:50)

(Filename: Assets/Scripts/RISController.cs Line: 94)

[Licensing::Client] Successfully resolved entitlement details
[Licensing::Client] Successfully resolved entitlement details
[Licensing::Client] Successfully resolved entitlement details
Asset Pipeline Refresh (id=4ffa7f44f81ec684fb1bfc1cb4cb2faf): Total: 0.016 seconds - Initiated by RefreshV2(NoUpdateAssetOptions)
Asset Pipeline Refresh (id=ede9a6a0c63dd364681907cfc8240e0a): Total: 0.005 seconds - Initiated by RefreshV2(NoUpdateAssetOptions)
Unloading 0 Unused Serialized files (Serialized files now loaded: 0)
Loaded scene 'Temp/__Backupscenes/0.backup'
	Deserialize:            1.839 ms
	Integration:            263.628 ms
	Integration of assets:  0.002 ms
	Thread Wait Time:       0.041 ms
	Total Operation Time:   265.510 ms
Unloading 13 unused Assets / (245.7 KB). Loaded Objects now: 8981.
Memory consumption went from 0.79 GB to 0.79 GB.
Total: 20.206700 ms (FindLiveObjects: 0.815800 ms CreateObjectMapping: 1.162400 ms MarkObjects: 18.150800 ms  DeleteObjects: 0.075600 ms)

[Licensing::Client] Successfully resolved entitlement details
Asset Pipeline Refresh (id=8b21d97d1ac92484cadcd5ced3a97c93): Total: 0.009 seconds - Initiated by RefreshV2(AllowForceSynchronousImport)
[ScriptCompilation] Requested script compilation because: AssetDatabase observed changes in script compilation related files
Refreshing native plugins compatible for Editor in 2.20 ms, found 4 plugins.
Asset Pipeline Refresh (id=22a0970f378b7f34e92bf0812cf739af): Total: 0.123 seconds - Initiated by RefreshV2(NoUpdateAssetOptions)
[Licensing::Client] Successfully resolved entitlement details
info: Microsoft.AspNetCore.Hosting.Diagnostics[1]
      Request starting HTTP/2 POST http://ilpp/UnityILPP.PostProcessing/Ping - application/grpc -
info: Microsoft.AspNetCore.Routing.EndpointMiddleware[0]
      Executing endpoint 'gRPC - /UnityILPP.PostProcessing/Ping'
info: Microsoft.AspNetCore.Routing.EndpointMiddleware[1]
      Executed endpoint 'gRPC - /UnityILPP.PostProcessing/Ping'
info: Microsoft.AspNetCore.Hosting.Diagnostics[2]
      Request finished HTTP/2 POST http://ilpp/UnityILPP.PostProcessing/Ping - 200 - application/grpc 0.1891ms
Starting: C:\Program Files\Unity\Hub\Editor\6000.5.6f1\Editor\Data\Tools\BuildPipeline\bee_backend.exe --ipc --defer-dag-verification --dagfile="Library/Bee/1900b0aE.dag" --continue-on-failure --profile="Library/Bee/backend1.traceevents" ScriptAssemblies
WorkingDir: D:/Private/unity projects/graduation project
info: Microsoft.AspNetCore.Hosting.Diagnostics[1]
      Request starting HTTP/2 POST http://ilpp/UnityILPP.PostProcessing/ConfigurePostProcessors - application/grpc -
info: Microsoft.AspNetCore.Routing.EndpointMiddleware[0]
      Executing endpoint 'gRPC - /UnityILPP.PostProcessing/ConfigurePostProcessors'
info: Unity.ILPP.Runner.PostProcessingAssemblyLoadContext[0]
      Current configuration matches the requested one, skipping
info: Microsoft.AspNetCore.Routing.EndpointMiddleware[1]
      Executed endpoint 'gRPC - /UnityILPP.PostProcessing/ConfigurePostProcessors'
info: Microsoft.AspNetCore.Hosting.Diagnostics[2]
      Request finished HTTP/2 POST http://ilpp/UnityILPP.PostProcessing/ConfigurePostProcessors - 200 - application/grpc 0.6676ms
ExitCode: 3 Duration: 0s335ms
[736/937    0s] ILPP-Configuration Library/ilpp-configuration.nevergeneratedoutput
[929/937    0s] Csc Library/Bee/artifacts/1900b0aE.dag/Assembly-CSharp.dll (+2 others)
##### CommandLine
"C:\Program Files\Unity\Hub\Editor\6000.5.6f1\Editor\Data\DotNetSdk\dotnet.exe" exec "C:/Program Files/Unity/Hub/Editor/6000.5.6f1/Editor/Data/DotNetSdk/sdk/8.0.318/Roslyn/bincore/csc.dll" /nostdlib /noconfig /shared "@Library/Bee/artifacts/1900b0aE.dag/Assembly-CSharp.rsp" "@Library/Bee/artifacts/1900b0aE.dag/Assembly-CSharp.rsp2"
##### Contents of Library\Bee\artifacts\1900b0aE.dag\Assembly-CSharp.rsp
-target:library
-out:"Library/Bee/artifacts/1900b0aE.dag/Assembly-CSharp.dll"
-refout:"Library/Bee/artifacts/1900b0aE.dag/Assembly-CSharp.ref.dll"
-define:UNITY_6000_5_6
-define:UNITY_6000_5
-define:UNITY_6000
-define:UNITY_5_3_OR_NEWER
-define:UNITY_5_4_OR_NEWER
-define:UNITY_5_5_OR_NEWER
-define:UNITY_5_6_OR_NEWER
-define:UNITY_2017_1_OR_NEWER
-define:UNITY_2017_2_OR_NEWER
-define:UNITY_2017_3_OR_NEWER
-define:UNITY_2017_4_OR_NEWER
-define:UNITY_2018_1_OR_NEWER
-define:UNITY_2018_2_OR_NEWER
-define:UNITY_2018_3_OR_NEWER
-define:UNITY_2018_4_OR_NEWER
-define:UNITY_2019_1_OR_NEWER
-define:UNITY_2019_2_OR_NEWER
-define:UNITY_2019_3_OR_NEWER
-define:UNITY_2019_4_OR_NEWER
-define:UNITY_2020_1_OR_NEWER
-define:UNITY_2020_2_OR_NEWER
-define:UNITY_2020_3_OR_NEWER
-define:UNITY_2021_1_OR_NEWER
-define:UNITY_2021_2_OR_NEWER
-define:UNITY_2021_3_OR_NEWER
-define:UNITY_2022_1_OR_NEWER
-define:UNITY_2022_2_OR_NEWER
-define:UNITY_2022_3_OR_NEWER
-define:UNITY_2023_1_OR_NEWER
-define:UNITY_2023_2_OR_NEWER
-define:UNITY_2023_3_OR_NEWER
-define:UNITY_6000_0_OR_NEWER
-define:UNITY_6000_1_OR_NEWER
-define:UNITY_6000_2_OR_NEWER
-define:UNITY_6000_3_OR_NEWER
-define:UNITY_6000_4_OR_NEWER
-define:UNITY_6000_5_OR_NEWER
-define:PLATFORM_ARCH_64
-define:UNITY_64
-define:UNITY_INCLUDE_TESTS
-define:UNITY_ENABLE_CLOUD_SERVICES_ENGINE_DIAGNOSTICS_MANAGED
-define:ENABLE_AR
-define:ENABLE_AUDIO
-define:ENABLE_AUDIO_SCRIPTABLE_PIPELINE
-define:ENABLE_CACHING
-define:ENABLE_CLOTH
-define:ENABLE_EVENT_QUEUE
-define:ENABLE_MICROPHONE
-define:ENABLE_MULTIPLE_DISPLAYS
-define:ENABLE_PHYSICS
-define:ENABLE_TEXTURE_STREAMING
-define:ENABLE_VIRTUALTEXTURING
-define:ENABLE_LZMA
-define:ENABLE_UNITYEVENTS
-define:ENABLE_VR
-define:ENABLE_WEBCAM
-define:ENABLE_UNITYWEBREQUEST
-define:ENABLE_WWW
-define:ENABLE_CLOUD_SERVICES
-define:ENABLE_CLOUD_SERVICES_ADS
-define:ENABLE_CLOUD_SERVICES_USE_WEBREQUEST
-define:ENABLE_UNITY_CONSENT
-define:ENABLE_UNITY_CLOUD_IDENTIFIERS
-define:ENABLE_CLOUD_SERVICES_CRASH_REPORTING
-define:ENABLE_CLOUD_SERVICES_NATIVE_CRASH_REPORTING
-define:ENABLE_CLOUD_SERVICES_PURCHASING
-define:ENABLE_CLOUD_SERVICES_ANALYTICS
-define:ENABLE_CLOUD_SERVICES_BUILD
-define:ENABLE_EDITOR_GAME_SERVICES
-define:ENABLE_UNITY_GAME_SERVICES_ANALYTICS_SUPPORT
-define:ENABLE_CLOUD_LICENSE
-define:ENABLE_EDITOR_HUB_LICENSE
-define:ENABLE_WEBSOCKET_CLIENT
-define:ENABLE_GENERATE_NATIVE_PLUGINS_FOR_ASSEMBLIES_API
-define:ENABLE_DIRECTOR_AUDIO
-define:ENABLE_DIRECTOR_TEXTURE
-define:ENABLE_MANAGED_JOBS
-define:ENABLE_MANAGED_TRANSFORM_JOBS
-define:ENABLE_MANAGED_ANIMATION_JOBS
-define:ENABLE_MANAGED_AUDIO_JOBS
-define:ENABLE_MANAGED_UNITYTLS
-define:INCLUDE_DYNAMIC_GI
-define:ENABLE_SCRIPTING_GC_WBARRIERS
-define:PLATFORM_SUPPORTS_MONO
-define:RENDER_SOFTWARE_CURSOR
-define:ENABLE_MARSHALLING_TESTS
-define:ENABLE_VIDEO
-define:ENABLE_NAVIGATION_OFFMESHLINK_TO_NAVMESHLINK
-define:ENABLE_ACCELERATOR_CLIENT_DEBUGGING
-define:ENABLE_ACCESSIBILITY_SCREEN_READER
-define:TEXTCORE_1_0_OR_NEWER
-define:EDITOR_ONLY_NAVMESH_BUILDER_DEPRECATED
-define:PLATFORM_STANDALONE_WIN
-define:PLATFORM_STANDALONE
-define:UNITY_STANDALONE_WIN
-define:UNITY_STANDALONE
-define:ENABLE_RUNTIME_GI
-define:ENABLE_MOVIES
-define:ENABLE_NETWORK
-define:ENABLE_NVIDIA
-define:ENABLE_AMD
-define:ENABLE_CRUNCH_TEXTURE_COMPRESSION
-define:ENABLE_CLOUD_SERVICES_ENGINE_DIAGNOSTICS
-define:ENABLE_OUT_OF_PROCESS_CRASH_HANDLER
-define:ENABLE_CLUSTER_SYNC
-define:ENABLE_CLUSTERINPUT
-define:PLATFORM_UPDATES_TIME_OUTSIDE_OF_PLAYER_LOOP
-define:GFXDEVICE_WAITFOREVENT_MESSAGEPUMP
-define:PLATFORM_USES_EXPLICIT_MEMORY_MANAGER_INITIALIZER
-define:PLATFORM_SUPPORTS_WAIT_FOR_PRESENTATION
-define:PLATFORM_SUPPORTS_SPLIT_GRAPHICS_JOBS
-define:PLATFORM_USES_VULKAN_OLD_SWAPCHAIN
-define:USE_READ_ASYNC_MANAGED_API
-define:ENABLE_MONO
-define:NET_STANDARD_2_0
-define:NET_STANDARD
-define:NET_STANDARD_2_1
-define:NETSTANDARD
-define:NETSTANDARD2_1
-define:ENABLE_PROFILER
-define:DEBUG
-define:TRACE
-define:UNITY_ASSERTIONS
-define:UNITY_EDITOR
-define:UNITY_EDITOR_64
-define:UNITY_EDITOR_WIN
-define:ENABLE_UNITY_COLLECTIONS_CHECKS
-define:ENABLE_BURST_AOT
-define:UNITY_TEAM_LICENSE
-define:ENABLE_CUSTOM_RENDER_TEXTURE
-define:ENABLE_DIRECTOR
-define:ENABLE_LOCALIZATION
-define:ENABLE_SPRITES
-define:ENABLE_TERRAIN
-define:ENABLE_TILEMAP
-define:ENABLE_TIMELINE
-define:ENABLE_INPUT_SYSTEM
-define:TEXTCORE_FONT_ENGINE_1_5_OR_NEWER
-define:TEXTCORE_TEXT_ENGINE_1_5_OR_NEWER
-define:TEXTCORE_FONT_ENGINE_1_6_OR_NEWER
-define:CSHARP_7_OR_LATER
-define:CSHARP_7_3_OR_NEWER
-r:"C:/Program Files/Unity/Hub/Editor/6000.5.6f1/Editor/Data/BCLExtensions/TargetingPacks/netstandard2.1/ref/Microsoft.Bcl.AsyncInterfaces.dll"
-r:"C:/Program Files/Unity/Hub/Editor/6000.5.6f1/Editor/Data/BCLExtensions/TargetingPacks/netstandard2.1/ref/Microsoft.Extensions.DependencyInjection.Abstractions.dll"
-r:"C:/Program Files/Unity/Hub/Editor/6000.5.6f1/Editor/Data/BCLExtensions/TargetingPacks/netstandard2.1/ref/Microsoft.Extensions.Logging.Abstractions.dll"
-r:"C:/Program Files/Unity/Hub/Editor/6000.5.6f1/Editor/Data/BCLExtensions/TargetingPacks/netstandard2.1/ref/System.Collections.Immutable.dll"
-r:"C:/Program Files/Unity/Hub/Editor/6000.5.6f1/Editor/Data/BCLExtensions/TargetingPacks/netstandard2.1/ref/System.Diagnostics.DiagnosticSource.dll"
-r:"C:/Program Files/Unity/Hub/Editor/6000.5.6f1/Editor/Data/BCLExtensions/TargetingPacks/netstandard2.1/ref/System.IO.Hashing.dll"
-r:"C:/Program Files/Unity/Hub/Editor/6000.5.6f1/Editor/Data/BCLExtensions/TargetingPacks/netstandard2.1/ref/System.Reflection.Metadata.dll"
-r:"C:/Program Files/Unity/Hub/Editor/6000.5.6f1/Editor/Data/BCLExtensions/TargetingPacks/netstandard2.1/ref/System.Runtime.CompilerServices.Unsafe.dll"
-r:"C:/Program Files/Unity/Hub/Editor/6000.5.6f1/Editor/Data/BCLExtensions/TargetingPacks/netstandard2.1/ref/System.Text.Encodings.Web.dll"
-r:"C:/Program Files/Unity/Hub/Editor/6000.5.6f1/Editor/Data/BCLExtensions/TargetingPacks/netstandard2.1/ref/System.Text.Json.dll"
-r:"C:/Program Files/Unity/Hub/Editor/6000.5.6f1/Editor/Data/Managed/UnityEngine/Unity.Scripting.dll"
-r:"C:/Program Files/Unity/Hub/Editor/6000.5.6f1/Editor/Data/Managed/UnityEngine/UnityEditor.AIModule.dll"
-r:"C:/Program Files/Unity/Hub/Editor/6000.5.6f1/Editor/Data/Managed/UnityEngine/UnityEditor.AccessibilityModule.dll"
-r:"C:/Program Files/Unity/Hub/Editor/6000.5.6f1/Editor/Data/Managed/UnityEngine/UnityEditor.AdaptivePerformanceModule.dll"
-r:"C:/Program Files/Unity/Hub/Editor/6000.5.6f1/Editor/Data/Managed/UnityEngine/UnityEditor.AssetComplianceModule.dll"
-r:"C:/Program Files/Unity/Hub/Editor/6000.5.6f1/Editor/Data/Managed/UnityEngine/UnityEditor.BuildProfileModule.dll"
-r:"C:/Program Files/Unity/Hub/Editor/6000.5.6f1/Editor/Data/Managed/UnityEngine/UnityEditor.ClothModule.dll"
-r:"C:/Program Files/Unity/Hub/Editor/6000.5.6f1/Editor/Data/Managed/UnityEngine/UnityEditor.ContentLoadModule.dll"
-r:"C:/Program Files/Unity/Hub/Editor/6000.5.6f1/Editor/Data/Managed/UnityEngine/UnityEditor.CoreBusinessMetricsModule.dll"
-r:"C:/Program Files/Unity/Hub/Editor/6000.5.6f1/Editor/Data/Managed/UnityEngine/UnityEditor.CoreModule.dll"
-r:"C:/Program Files/Unity/Hub/Editor/6000.5.6f1/Editor/Data/Managed/UnityEngine/UnityEditor.DeviceSimulatorModule.dll"
-r:"C:/Program Files/Unity/Hub/Editor/6000.5.6f1/Editor/Data/Managed/UnityEngine/UnityEditor.DiagnosticsModule.dll"
-r:"C:/Program Files/Unity/Hub/Editor/6000.5.6f1/Editor/Data/Managed/UnityEngine/UnityEditor.EditorToolbarModule.dll"
-r:"C:/Program Files/Unity/Hub/Editor/6000.5.6f1/Editor/Data/Managed/UnityEngine/UnityEditor.EmbreeModule.dll"
-r:"C:/Program Files/Unity/Hub/Editor/6000.5.6f1/Editor/Data/Managed/UnityEngine/UnityEditor.GIModule.dll"
-r:"C:/Program Files/Unity/Hub/Editor/6000.5.6f1/Editor/Data/Managed/UnityEngine/UnityEditor.GenericRemoteModule.dll"
-r:"C:/Program Files/Unity/Hub/Editor/6000.5.6f1/Editor/Data/Managed/UnityEngine/UnityEditor.GraphToolkitModule.dll"
-r:"C:/Program Files/Unity/Hub/Editor/6000.5.6f1/Editor/Data/Managed/UnityEngine/UnityEditor.GraphViewModule.dll"
-r:"C:/Program Files/Unity/Hub/Editor/6000.5.6f1/Editor/Data/Managed/UnityEngine/UnityEditor.GraphicsStateCollectionSerializerModule.dll"
-r:"C:/Program Files/Unity/Hub/Editor/6000.5.6f1/Editor/Data/Managed/UnityEngine/UnityEditor.GridAndSnapModule.dll"
-r:"C:/Program Files/Unity/Hub/Editor/6000.5.6f1/Editor/Data/Managed/UnityEngine/UnityEditor.GridModule.dll"
-r:"C:/Program Files/Unity/Hub/Editor/6000.5.6f1/Editor/Data/Managed/UnityEngine/UnityEditor.HierarchyModule.dll"
-r:"C:/Program Files/Unity/Hub/Editor/6000.5.6f1/Editor/Data/Managed/UnityEngine/UnityEditor.LightingModule.dll"
-r:"C:/Program Files/Unity/Hub/Editor/6000.5.6f1/Editor/Data/Managed/UnityEngine/UnityEditor.MathematicsModule.dll"
-r:"C:/Program Files/Unity/Hub/Editor/6000.5.6f1/Editor/Data/Managed/UnityEngine/UnityEditor.MediaModule.dll"
-r:"C:/Program Files/Unity/Hub/Editor/6000.5.6f1/Editor/Data/Managed/UnityEngine/UnityEditor.MultiplayerModule.dll"
-r:"C:/Program Files/Unity/Hub/Editor/6000.5.6f1/Editor/Data/Managed/UnityEngine/UnityEditor.Physics2DModule.dll"
-r:"C:/Program Files/Unity/Hub/Editor/6000.5.6f1/Editor/Data/Managed/UnityEngine/UnityEditor.PhysicsCore2DModule.dll"
-r:"C:/Program Files/Unity/Hub/Editor/6000.5.6f1/Editor/Data/Managed/UnityEngine/UnityEditor.PhysicsModule.dll"
-r:"C:/Program Files/Unity/Hub/Editor/6000.5.6f1/Editor/Data/Managed/UnityEngine/UnityEditor.PlayModeModule.dll"
-r:"C:/Program Files/Unity/Hub/Editor/6000.5.6f1/Editor/Data/Managed/UnityEngine/UnityEditor.PresetsUIModule.dll"
-r:"C:/Program Files/Unity/Hub/Editor/6000.5.6f1/Editor/Data/Managed/UnityEngine/UnityEditor.ProjectAuditorModule.dll"
-r:"C:/Program Files/Unity/Hub/Editor/6000.5.6f1/Editor/Data/Managed/UnityEngine/UnityEditor.PropertiesModule.dll"
-r:"C:/Program Files/Unity/Hub/Editor/6000.5.6f1/Editor/Data/Managed/UnityEngine/UnityEditor.QuickInstallModule.dll"
-r:"C:/Program Files/Unity/Hub/Editor/6000.5.6f1/Editor/Data/Managed/UnityEngine/UnityEditor.QuickSearchModule.dll"
-r:"C:/Program Files/Unity/Hub/Editor/6000.5.6f1/Editor/Data/Managed/UnityEngine/UnityEditor.SafeModeModule.dll"
-r:"C:/Program Files/Unity/Hub/Editor/6000.5.6f1/Editor/Data/Managed/UnityEngine/UnityEditor.SceneTemplateModule.dll"
-r:"C:/Program Files/Unity/Hub/Editor/6000.5.6f1/Editor/Data/Managed/UnityEngine/UnityEditor.SceneViewModule.dll"
-r:"C:/Program Files/Unity/Hub/Editor/6000.5.6f1/Editor/Data/Managed/UnityEngine/UnityEditor.ShaderBuildSettingsModule.dll"
-r:"C:/Program Files/Unity/Hub/Editor/6000.5.6f1/Editor/Data/Managed/UnityEngine/UnityEditor.ShaderCompilationModule.dll"
-r:"C:/Program Files/Unity/Hub/Editor/6000.5.6f1/Editor/Data/Managed/UnityEngine/UnityEditor.ShaderFoundryModule.dll"
-r:"C:/Program Files/Unity/Hub/Editor/6000.5.6f1/Editor/Data/Managed/UnityEngine/UnityEditor.SketchUpModule.dll"
-r:"C:/Program Files/Unity/Hub/Editor/6000.5.6f1/Editor/Data/Managed/UnityEngine/UnityEditor.SpriteMaskModule.dll"
-r:"C:/Program Files/Unity/Hub/Editor/6000.5.6f1/Editor/Data/Managed/UnityEngine/UnityEditor.SpriteShapeModule.dll"
-r:"C:/Program Files/Unity/Hub/Editor/6000.5.6f1/Editor/Data/Managed/UnityEngine/UnityEditor.SubstanceModule.dll"
-r:"C:/Program Files/Unity/Hub/Editor/6000.5.6f1/Editor/Data/Managed/UnityEngine/UnityEditor.TerrainModule.dll"
-r:"C:/Program Files/Unity/Hub/Editor/6000.5.6f1/Editor/Data/Managed/UnityEngine/UnityEditor.TextCoreFontEngineModule.dll"
-r:"C:/Program Files/Unity/Hub/Editor/6000.5.6f1/Editor/Data/Managed/UnityEngine/UnityEditor.TextCoreTextEngineModule.dll"
-r:"C:/Program Files/Unity/Hub/Editor/6000.5.6f1/Editor/Data/Managed/UnityEngine/UnityEditor.TextRenderingModule.dll"
-r:"C:/Program Files/Unity/Hub/Editor/6000.5.6f1/Editor/Data/Managed/UnityEngine/UnityEditor.TilemapModule.dll"
-r:"C:/Program Files/Unity/Hub/Editor/6000.5.6f1/Editor/Data/Managed/UnityEngine/UnityEditor.TreeModule.dll"
-r:"C:/Program Files/Unity/Hub/Editor/6000.5.6f1/Editor/Data/Managed/UnityEngine/UnityEditor.U2DModule.dll"
-r:"C:/Program Files/Unity/Hub/Editor/6000.5.6f1/Editor/Data/Managed/UnityEngine/UnityEditor.UIAutomationModule.dll"
-r:"C:/Program Files/Unity/Hub/Editor/6000.5.6f1/Editor/Data/Managed/UnityEngine/UnityEditor.UIBuilderModule.dll"
-r:"C:/Program Files/Unity/Hub/Editor/6000.5.6f1/Editor/Data/Managed/UnityEngine/UnityEditor.UIElementsModule.dll"
-r:"C:/Program Files/Unity/Hub/Editor/6000.5.6f1/Editor/Data/Managed/UnityEngine/UnityEditor.UIElementsSamplesModule.dll"
-r:"C:/Program Files/Unity/Hub/Editor/6000.5.6f1/Editor/Data/Managed/UnityEngine/UnityEditor.UIToolkitAuthoringModule.dll"
-r:"C:/Program Files/Unity/Hub/Editor/6000.5.6f1/Editor/Data/Managed/UnityEngine/UnityEditor.UmbraModule.dll"
-r:"C:/Program Files/Unity/Hub/Editor/6000.5.6f1/Editor/Data/Managed/UnityEngine/UnityEditor.UnityConnectModule.dll"
-r:"C:/Program Files/Unity/Hub/Editor/6000.5.6f1/Editor/Data/Managed/UnityEngine/UnityEditor.VFXModule.dll"
-r:"C:/Program Files/Unity/Hub/Editor/6000.5.6f1/Editor/Data/Managed/UnityEngine/UnityEditor.VectorGraphicsModule.dll"
-r:"C:/Program Files/Unity/Hub/Editor/6000.5.6f1/Editor/Data/Managed/UnityEngine/UnityEditor.VideoModule.dll"
-r:"C:/Program Files/Unity/Hub/Editor/6000.5.6f1/Editor/Data/Managed/UnityEngine/UnityEditor.XRModule.dll"
-r:"C:/Program Files/Unity/Hub/Editor/6000.5.6f1/Editor/Data/Managed/UnityEngine/UnityEditor.dll"
-r:"C:/Program Files/Unity/Hub/Editor/6000.5.6f1/Editor/Data/Managed/UnityEngine/UnityEngine.AIModule.dll"
-r:"C:/Program Files/Unity/Hub/Editor/6000.5.6f1/Editor/Data/Managed/UnityEngine/UnityEngine.ARModule.dll"
-r:"C:/Program Files/Unity/Hub/Editor/6000.5.6f1/Editor/Data/Managed/UnityEngine/UnityEngine.AccessibilityModule.dll"
-r:"C:/Program Files/Unity/Hub/Editor/6000.5.6f1/Editor/Data/Managed/UnityEngine/UnityEngine.AdaptivePerformanceModule.dll"
-r:"C:/Program Files/Unity/Hub/Editor/6000.5.6f1/Editor/Data/Managed/UnityEngine/UnityEngine.AndroidJNIModule.dll"
-r:"C:/Program Files/Unity/Hub/Editor/6000.5.6f1/Editor/Data/Managed/UnityEngine/UnityEngine.AnimationModule.dll"
-r:"C:/Program Files/Unity/Hub/Editor/6000.5.6f1/Editor/Data/Managed/UnityEngine/UnityEngine.AssetBundleModule.dll"
-r:"C:/Program Files/Unity/Hub/Editor/6000.5.6f1/Editor/Data/Managed/UnityEngine/UnityEngine.AudioModule.dll"
-r:"C:/Program Files/Unity/Hub/Editor/6000.5.6f1/Editor/Data/Managed/UnityEngine/UnityEngine.ClothModule.dll"
-r:"C:/Program Files/Unity/Hub/Editor/6000.5.6f1/Editor/Data/Managed/UnityEngine/UnityEngine.ClusterInputModule.dll"
-r:"C:/Program Files/Unity/Hub/Editor/6000.5.6f1/Editor/Data/Managed/UnityEngine/UnityEngine.ClusterRendererModule.dll"
-r:"C:/Program Files/Unity/Hub/Editor/6000.5.6f1/Editor/Data/Managed/UnityEngine/UnityEngine.ContentLoadModule.dll"
-r:"C:/Program Files/Unity/Hub/Editor/6000.5.6f1/Editor/Data/Managed/UnityEngine/UnityEngine.CoreModule.dll"
-r:"C:/Program Files/Unity/Hub/Editor/6000.5.6f1/Editor/Data/Managed/UnityEngine/UnityEngine.CrashReportingModule.dll"
-r:"C:/Program Files/Unity/Hub/Editor/6000.5.6f1/Editor/Data/Managed/UnityEngine/UnityEngine.DSPGraphModule.dll"
-r:"C:/Program Files/Unity/Hub/Editor/6000.5.6f1/Editor/Data/Managed/UnityEngine/UnityEngine.DirectorModule.dll"
-r:"C:/Program Files/Unity/Hub/Editor/6000.5.6f1/Editor/Data/Managed/UnityEngine/UnityEngine.GIModule.dll"
-r:"C:/Program Files/Unity/Hub/Editor/6000.5.6f1/Editor/Data/Managed/UnityEngine/UnityEngine.GameCenterModule.dll"
-r:"C:/Program Files/Unity/Hub/Editor/6000.5.6f1/Editor/Data/Managed/UnityEngine/UnityEngine.GraphicsStateCollectionSerializerModule.dll"
-r:"C:/Program Files/Unity/Hub/Editor/6000.5.6f1/Editor/Data/Managed/UnityEngine/UnityEngine.GridModule.dll"
-r:"C:/Program Files/Unity/Hub/Editor/6000.5.6f1/Editor/Data/Managed/UnityEngine/UnityEngine.HierarchyCoreModule.dll"
-r:"C:/Program Files/Unity/Hub/Editor/6000.5.6f1/Editor/Data/Managed/UnityEngine/UnityEngine.HotReloadModule.dll"
-r:"C:/Program Files/Unity/Hub/Editor/6000.5.6f1/Editor/Data/Managed/UnityEngine/UnityEngine.IMGUIModule.dll"
-r:"C:/Program Files/Unity/Hub/Editor/6000.5.6f1/Editor/Data/Managed/UnityEngine/UnityEngine.IdentifiersModule.dll"
-r:"C:/Program Files/Unity/Hub/Editor/6000.5.6f1/Editor/Data/Managed/UnityEngine/UnityEngine.ImageConversionModule.dll"
-r:"C:/Program Files/Unity/Hub/Editor/6000.5.6f1/Editor/Data/Managed/UnityEngine/UnityEngine.InputForUIModule.dll"
-r:"C:/Program Files/Unity/Hub/Editor/6000.5.6f1/Editor/Data/Managed/UnityEngine/UnityEngine.InputLegacyModule.dll"
-r:"C:/Program Files/Unity/Hub/Editor/6000.5.6f1/Editor/Data/Managed/UnityEngine/UnityEngine.InputModule.dll"
-r:"C:/Program Files/Unity/Hub/Editor/6000.5.6f1/Editor/Data/Managed/UnityEngine/UnityEngine.InsightsModule.dll"
-r:"C:/Program Files/Unity/Hub/Editor/6000.5.6f1/Editor/Data/Managed/UnityEngine/UnityEngine.JSONSerializeModule.dll"
-r:"C:/Program Files/Unity/Hub/Editor/6000.5.6f1/Editor/Data/Managed/UnityEngine/UnityEngine.LocalizationModule.dll"
-r:"C:/Program Files/Unity/Hub/Editor/6000.5.6f1/Editor/Data/Managed/UnityEngine/UnityEngine.MarshallingModule.dll"
-r:"C:/Program Files/Unity/Hub/Editor/6000.5.6f1/Editor/Data/Managed/UnityEngine/UnityEngine.MathematicsModule.dll"
-r:"C:/Program Files/Unity/Hub/Editor/6000.5.6f1/Editor/Data/Managed/UnityEngine/UnityEngine.MultiplayerModule.dll"
-r:"C:/Program Files/Unity/Hub/Editor/6000.5.6f1/Editor/Data/Managed/UnityEngine/UnityEngine.ParticleSystemModule.dll"
-r:"C:/Program Files/Unity/Hub/Editor/6000.5.6f1/Editor/Data/Managed/UnityEngine/UnityEngine.PerformanceReportingModule.dll"
-r:"C:/Program Files/Unity/Hub/Editor/6000.5.6f1/Editor/Data/Managed/UnityEngine/UnityEngine.Physics2DModule.dll"
-r:"C:/Program Files/Unity/Hub/Editor/6000.5.6f1/Editor/Data/Managed/UnityEngine/UnityEngine.PhysicsBackendPhysXModule.dll"
-r:"C:/Program Files/Unity/Hub/Editor/6000.5.6f1/Editor/Data/Managed/UnityEngine/UnityEngine.PhysicsCore2DModule.dll"
-r:"C:/Program Files/Unity/Hub/Editor/6000.5.6f1/Editor/Data/Managed/UnityEngine/UnityEngine.PhysicsModule.dll"
-r:"C:/Program Files/Unity/Hub/Editor/6000.5.6f1/Editor/Data/Managed/UnityEngine/UnityEngine.PropertiesModule.dll"
-r:"C:/Program Files/Unity/Hub/Editor/6000.5.6f1/Editor/Data/Managed/UnityEngine/UnityEngine.RenderAs2DModule.dll"
-r:"C:/Program Files/Unity/Hub/Editor/6000.5.6f1/Editor/Data/Managed/UnityEngine/UnityEngine.RuntimeInitializeOnLoadManagerInitializerModule.dll"
-r:"C:/Program Files/Unity/Hub/Editor/6000.5.6f1/Editor/Data/Managed/UnityEngine/UnityEngine.ScreenCaptureModule.dll"
-r:"C:/Program Files/Unity/Hub/Editor/6000.5.6f1/Editor/Data/Managed/UnityEngine/UnityEngine.ScriptingModule.dll"
-r:"C:/Program Files/Unity/Hub/Editor/6000.5.6f1/Editor/Data/Managed/UnityEngine/UnityEngine.ShaderVariantAnalyticsModule.dll"
-r:"C:/Program Files/Unity/Hub/Editor/6000.5.6f1/Editor/Data/Managed/UnityEngine/UnityEngine.SharedInternalsModule.dll"
-r:"C:/Program Files/Unity/Hub/Editor/6000.5.6f1/Editor/Data/Managed/UnityEngine/UnityEngine.SpriteMaskModule.dll"
-r:"C:/Program Files/Unity/Hub/Editor/6000.5.6f1/Editor/Data/Managed/UnityEngine/UnityEngine.SpriteShapeModule.dll"
-r:"C:/Program Files/Unity/Hub/Editor/6000.5.6f1/Editor/Data/Managed/UnityEngine/UnityEngine.StreamingModule.dll"
-r:"C:/Program Files/Unity/Hub/Editor/6000.5.6f1/Editor/Data/Managed/UnityEngine/UnityEngine.SubstanceModule.dll"
-r:"C:/Program Files/Unity/Hub/Editor/6000.5.6f1/Editor/Data/Managed/UnityEngine/UnityEngine.SubsystemsModule.dll"
-r:"C:/Program Files/Unity/Hub/Editor/6000.5.6f1/Editor/Data/Managed/UnityEngine/UnityEngine.TLSModule.dll"
-r:"C:/Program Files/Unity/Hub/Editor/6000.5.6f1/Editor/Data/Managed/UnityEngine/UnityEngine.TerrainModule.dll"
-r:"C:/Program Files/Unity/Hub/Editor/6000.5.6f1/Editor/Data/Managed/UnityEngine/UnityEngine.TerrainPhysicsModule.dll"
-r:"C:/Program Files/Unity/Hub/Editor/6000.5.6f1/Editor/Data/Managed/UnityEngine/UnityEngine.TextCoreFontEngineModule.dll"
-r:"C:/Program Files/Unity/Hub/Editor/6000.5.6f1/Editor/Data/Managed/UnityEngine/UnityEngine.TextCoreTextEngineModule.dll"
-r:"C:/Program Files/Unity/Hub/Editor/6000.5.6f1/Editor/Data/Managed/UnityEngine/UnityEngine.TextRenderingModule.dll"
-r:"C:/Program Files/Unity/Hub/Editor/6000.5.6f1/Editor/Data/Managed/UnityEngine/UnityEngine.TilemapModule.dll"
-r:"C:/Program Files/Unity/Hub/Editor/6000.5.6f1/Editor/Data/Managed/UnityEngine/UnityEngine.U2DRuntimeModule.dll"
-r:"C:/Program Files/Unity/Hub/Editor/6000.5.6f1/Editor/Data/Managed/UnityEngine/UnityEngine.UIElementsModule.dll"
-r:"C:/Program Files/Unity/Hub/Editor/6000.5.6f1/Editor/Data/Managed/UnityEngine/UnityEngine.UIModule.dll"
-r:"C:/Program Files/Unity/Hub/Editor/6000.5.6f1/Editor/Data/Managed/UnityEngine/UnityEngine.UmbraModule.dll"
-r:"C:/Program Files/Unity/Hub/Editor/6000.5.6f1/Editor/Data/Managed/UnityEngine/UnityEngine.UnityAnalyticsCommonModule.dll"
-r:"C:/Program Files/Unity/Hub/Editor/6000.5.6f1/Editor/Data/Managed/UnityEngine/UnityEngine.UnityAnalyticsModule.dll"
-r:"C:/Program Files/Unity/Hub/Editor/6000.5.6f1/Editor/Data/Managed/UnityEngine/UnityEngine.UnityConnectModule.dll"
-r:"C:/Program Files/Unity/Hub/Editor/6000.5.6f1/Editor/Data/Managed/UnityEngine/UnityEngine.UnityConsentModule.dll"
-r:"C:/Program Files/Unity/Hub/Editor/6000.5.6f1/Editor/Data/Managed/UnityEngine/UnityEngine.UnityCurlModule.dll"
-r:"C:/Program Files/Unity/Hub/Editor/6000.5.6f1/Editor/Data/Managed/UnityEngine/UnityEngine.UnityWebRequestAssetBundleModule.dll"
-r:"C:/Program Files/Unity/Hub/Editor/6000.5.6f1/Editor/Data/Managed/UnityEngine/UnityEngine.UnityWebRequestAudioModule.dll"
-r:"C:/Program Files/Unity/Hub/Editor/6000.5.6f1/Editor/Data/Managed/UnityEngine/UnityEngine.UnityWebRequestModule.dll"
-r:"C:/Program Files/Unity/Hub/Editor/6000.5.6f1/Editor/Data/Managed/UnityEngine/UnityEngine.UnityWebRequestTextureModule.dll"
-r:"C:/Program Files/Unity/Hub/Editor/6000.5.6f1/Editor/Data/Managed/UnityEngine/UnityEngine.UnityWebRequestWWWModule.dll"
-r:"C:/Program Files/Unity/Hub/Editor/6000.5.6f1/Editor/Data/Managed/UnityEngine/UnityEngine.VFXModule.dll"
-r:"C:/Program Files/Unity/Hub/Editor/6000.5.6f1/Editor/Data/Managed/UnityEngine/UnityEngine.VectorGraphicsModule.dll"
-r:"C:/Program Files/Unity/Hub/Editor/6000.5.6f1/Editor/Data/Managed/UnityEngine/UnityEngine.VehiclesModule.dll"
-r:"C:/Program Files/Unity/Hub/Editor/6000.5.6f1/Editor/Data/Managed/UnityEngine/UnityEngine.VideoModule.dll"
-r:"C:/Program Files/Unity/Hub/Editor/6000.5.6f1/Editor/Data/Managed/UnityEngine/UnityEngine.VirtualTexturingModule.dll"
-r:"C:/Program Files/Unity/Hub/Editor/6000.5.6f1/Editor/Data/Managed/UnityEngine/UnityEngine.WindModule.dll"
-r:"C:/Program Files/Unity/Hub/Editor/6000.5.6f1/Editor/Data/Managed/UnityEngine/UnityEngine.XRModule.dll"
-r:"C:/Program Files/Unity/Hub/Editor/6000.5.6f1/Editor/Data/Managed/UnityEngine/UnityEngine.dll"
-r:"C:/Program Files/Unity/Hub/Editor/6000.5.6f1/Editor/Data/NetStandard/Extensions/2.0.0/System.Runtime.InteropServices.WindowsRuntime.dll"
-r:"C:/Program Files/Unity/Hub/Editor/6000.5.6f1/Editor/Data/NetStandard/compat/2.1.0/shims/netfx/System.ComponentModel.Composition.dll"
-r:"C:/Program Files/Unity/Hub/Editor/6000.5.6f1/Editor/Data/NetStandard/compat/2.1.0/shims/netfx/System.Core.dll"
-r:"C:/Program Files/Unity/Hub/Editor/6000.5.6f1/Editor/Data/NetStandard/compat/2.1.0/shims/netfx/System.Data.dll"
-r:"C:/Program Files/Unity/Hub/Editor/6000.5.6f1/Editor/Data/NetStandard/compat/2.1.0/shims/netfx/System.Drawing.dll"
-r:"C:/Program Files/Unity/Hub/Editor/6000.5.6f1/Editor/Data/NetStandard/compat/2.1.0/shims/netfx/System.IO.Compression.FileSystem.dll"
-r:"C:/Program Files/Unity/Hub/Editor/6000.5.6f1/Editor/Data/NetStandard/compat/2.1.0/shims/netfx/System.Net.dll"
-r:"C:/Program Files/Unity/Hub/Editor/6000.5.6f1/Editor/Data/NetStandard/compat/2.1.0/shims/netfx/System.Numerics.dll"
-r:"C:/Program Files/Unity/Hub/Editor/6000.5.6f1/Editor/Data/NetStandard/compat/2.1.0/shims/netfx/System.Runtime.Serialization.dll"
-r:"C:/Program Files/Unity/Hub/Editor/6000.5.6f1/Editor/Data/NetStandard/compat/2.1.0/shims/netfx/System.ServiceModel.Web.dll"
-r:"C:/Program Files/Unity/Hub/Editor/6000.5.6f1/Editor/Data/NetStandard/compat/2.1.0/shims/netfx/System.Transactions.dll"
-r:"C:/Program Files/Unity/Hub/Editor/6000.5.6f1/Editor/Data/NetStandard/compat/2.1.0/shims/netfx/System.Web.dll"
-r:"C:/Program Files/Unity/Hub/Editor/6000.5.6f1/Editor/Data/NetStandard/compat/2.1.0/shims/netfx/System.Windows.dll"
-r:"C:/Program Files/Unity/Hub/Editor/6000.5.6f1/Editor/Data/NetStandard/compat/2.1.0/shims/netfx/System.Xml.Linq.dll"
-r:"C:/Program Files/Unity/Hub/Editor/6000.5.6f1/Editor/Data/NetStandard/compat/2.1.0/shims/netfx/System.Xml.Serialization.dll"
-r:"C:/Program Files/Unity/Hub/Editor/6000.5.6f1/Editor/Data/NetStandard/compat/2.1.0/shims/netfx/System.Xml.dll"
-r:"C:/Program Files/Unity/Hub/Editor/6000.5.6f1/Editor/Data/NetStandard/compat/2.1.0/shims/netfx/System.dll"
-r:"C:/Program Files/Unity/Hub/Editor/6000.5.6f1/Editor/Data/NetStandard/compat/2.1.0/shims/netfx/mscorlib.dll"
-r:"C:/Program Files/Unity/Hub/Editor/6000.5.6f1/Editor/Data/NetStandard/compat/2.1.0/shims/netstandard/Microsoft.Win32.Primitives.dll"
-r:"C:/Program Files/Unity/Hub/Editor/6000.5.6f1/Editor/Data/NetStandard/compat/2.1.0/shims/netstandard/System.AppContext.dll"
-r:"C:/Program Files/Unity/Hub/Editor/6000.5.6f1/Editor/Data/NetStandard/compat/2.1.0/shims/netstandard/System.Buffers.dll"
-r:"C:/Program Files/Unity/Hub/Editor/6000.5.6f1/Editor/Data/NetStandard/compat/2.1.0/shims/netstandard/System.Collections.Concurrent.dll"
-r:"C:/Program Files/Unity/Hub/Editor/6000.5.6f1/Editor/Data/NetStandard/compat/2.1.0/shims/netstandard/System.Collections.NonGeneric.dll"
-r:"C:/Program Files/Unity/Hub/Editor/6000.5.6f1/Editor/Data/NetStandard/compat/2.1.0/shims/netstandard/System.Collections.Specialized.dll"
-r:"C:/Program Files/Unity/Hub/Editor/6000.5.6f1/Editor/Data/NetStandard/compat/2.1.0/shims/netstandard/System.Collections.dll"
-r:"C:/Program Files/Unity/Hub/Editor/6000.5.6f1/Editor/Data/NetStandard/compat/2.1.0/shims/netstandard/System.ComponentModel.EventBasedAsync.dll"
-r:"C:/Program Files/Unity/Hub/Editor/6000.5.6f1/Editor/Data/NetStandard/compat/2.1.0/shims/netstandard/System.ComponentModel.Primitives.dll"
-r:"C:/Program Files/Unity/Hub/Editor/6000.5.6f1/Editor/Data/NetStandard/compat/2.1.0/shims/netstandard/System.ComponentModel.TypeConverter.dll"
-r:"C:/Program Files/Unity/Hub/Editor/6000.5.6f1/Editor/Data/NetStandard/compat/2.1.0/shims/netstandard/System.ComponentModel.dll"
-r:"C:/Program Files/Unity/Hub/Editor/6000.5.6f1/Editor/Data/NetStandard/compat/2.1.0/shims/netstandard/System.Console.dll"
-r:"C:/Program Files/Unity/Hub/Editor/6000.5.6f1/Editor/Data/NetStandard/compat/2.1.0/shims/netstandard/System.Data.Common.dll"
-r:"C:/Program Files/Unity/Hub/Editor/6000.5.6f1/Editor/Data/NetStandard/compat/2.1.0/shims/netstandard/System.Diagnostics.Contracts.dll"
-r:"C:/Program Files/Unity/Hub/Editor/6000.5.6f1/Editor/Data/NetStandard/compat/2.1.0/shims/netstandard/System.Diagnostics.Debug.dll"
-r:"C:/Program Files/Unity/Hub/Editor/6000.5.6f1/Editor/Data/NetStandard/compat/2.1.0/shims/netstandard/System.Diagnostics.FileVersionInfo.dll"
-r:"C:/Program Files/Unity/Hub/Editor/6000.5.6f1/Editor/Data/NetStandard/compat/2.1.0/shims/netstandard/System.Diagnostics.Process.dll"
-r:"C:/Program Files/Unity/Hub/Editor/6000.5.6f1/Editor/Data/NetStandard/compat/2.1.0/shims/netstandard/System.Diagnostics.StackTrace.dll"
-r:"C:/Program Files/Unity/Hub/Editor/6000.5.6f1/Editor/Data/NetStandard/compat/2.1.0/shims/netstandard/System.Diagnostics.TextWriterTraceListener.dll"
-r:"C:/Program Files/Unity/Hub/Editor/6000.5.6f1/Editor/Data/NetStandard/compat/2.1.0/shims/netstandard/System.Diagnostics.Tools.dll"
-r:"C:/Program Files/Unity/Hub/Editor/6000.5.6f1/Editor/Data/NetStandard/compat/2.1.0/shims/netstandard/System.Diagnostics.TraceSource.dll"
-r:"C:/Program Files/Unity/Hub/Editor/6000.5.6f1/Editor/Data/NetStandard/compat/2.1.0/shims/netstandard/System.Diagnostics.Tracing.dll"
-r:"C:/Program Files/Unity/Hub/Editor/6000.5.6f1/Editor/Data/NetStandard/compat/2.1.0/shims/netstandard/System.Drawing.Primitives.dll"
-r:"C:/Program Files/Unity/Hub/Editor/6000.5.6f1/Editor/Data/NetStandard/compat/2.1.0/shims/netstandard/System.Dynamic.Runtime.dll"
-r:"C:/Program Files/Unity/Hub/Editor/6000.5.6f1/Editor/Data/NetStandard/compat/2.1.0/shims/netstandard/System.Globalization.Calendars.dll"
-r:"C:/Program Files/Unity/Hub/Editor/6000.5.6f1/Editor/Data/NetStandard/compat/2.1.0/shims/netstandard/System.Globalization.Extensions.dll"
-r:"C:/Program Files/Unity/Hub/Editor/6000.5.6f1/Editor/Data/NetStandard/compat/2.1.0/shims/netstandard/System.Globalization.dll"
-r:"C:/Program Files/Unity/Hub/Editor/6000.5.6f1/Editor/Data/NetStandard/compat/2.1.0/shims/netstandard/System.IO.Compression.ZipFile.dll"
-r:"C:/Program Files/Unity/Hub/Editor/6000.5.6f1/Editor/Data/NetStandard/compat/2.1.0/shims/netstandard/System.IO.Compression.dll"
-r:"C:/Program Files/Unity/Hub/Editor/6000.5.6f1/Editor/Data/NetStandard/compat/2.1.0/shims/netstandard/System.IO.FileSystem.DriveInfo.dll"
-r:"C:/Program Files/Unity/Hub/Editor/6000.5.6f1/Editor/Data/NetStandard/compat/2.1.0/shims/netstandard/System.IO.FileSystem.Primitives.dll"
-r:"C:/Program Files/Unity/Hub/Editor/6000.5.6f1/Editor/Data/NetStandard/compat/2.1.0/shims/netstandard/System.IO.FileSystem.Watcher.dll"
-r:"C:/Program Files/Unity/Hub/Editor/6000.5.6f1/Editor/Data/NetStandard/compat/2.1.0/shims/netstandard/System.IO.FileSystem.dll"
-r:"C:/Program Files/Unity/Hub/Editor/6000.5.6f1/Editor/Data/NetStandard/compat/2.1.0/shims/netstandard/System.IO.IsolatedStorage.dll"
-r:"C:/Program Files/Unity/Hub/Editor/6000.5.6f1/Editor/Data/NetStandard/compat/2.1.0/shims/netstandard/System.IO.MemoryMappedFiles.dll"
-r:"C:/Program Files/Unity/Hub/Editor/6000.5.6f1/Editor/Data/NetStandard/compat/2.1.0/shims/netstandard/System.IO.Pipes.dll"
-r:"C:/Program Files/Unity/Hub/Editor/6000.5.6f1/Editor/Data/NetStandard/compat/2.1.0/shims/netstandard/System.IO.UnmanagedMemoryStream.dll"
-r:"C:/Program Files/Unity/Hub/Editor/6000.5.6f1/Editor/Data/NetStandard/compat/2.1.0/shims/netstandard/System.IO.dll"
-r:"C:/Program Files/Unity/Hub/Editor/6000.5.6f1/Editor/Data/NetStandard/compat/2.1.0/shims/netstandard/System.Linq.Expressions.dll"
-r:"C:/Program Files/Unity/Hub/Editor/6000.5.6f1/Editor/Data/NetStandard/compat/2.1.0/shims/netstandard/System.Linq.Parallel.dll"
-r:"C:/Program Files/Unity/Hub/Editor/6000.5.6f1/Editor/Data/NetStandard/compat/2.1.0/shims/netstandard/System.Linq.Queryable.dll"
-r:"C:/Program Files/Unity/Hub/Editor/6000.5.6f1/Editor/Data/NetStandard/compat/2.1.0/shims/netstandard/System.Linq.dll"
-r:"C:/Program Files/Unity/Hub/Editor/6000.5.6f1/Editor/Data/NetStandard/compat/2.1.0/shims/netstandard/System.Memory.dll"
-r:"C:/Program Files/Unity/Hub/Editor/6000.5.6f1/Editor/Data/NetStandard/compat/2.1.0/shims/netstandard/System.Net.Http.dll"
-r:"C:/Program Files/Unity/Hub/Editor/6000.5.6f1/Editor/Data/NetStandard/compat/2.1.0/shims/netstandard/System.Net.NameResolution.dll"
-r:"C:/Program Files/Unity/Hub/Editor/6000.5.6f1/Editor/Data/NetStandard/compat/2.1.0/shims/netstandard/System.Net.NetworkInformation.dll"
-r:"C:/Program Files/Unity/Hub/Editor/6000.5.6f1/Editor/Data/NetStandard/compat/2.1.0/shims/netstandard/System.Net.Ping.dll"
-r:"C:/Program Files/Unity/Hub/Editor/6000.5.6f1/Editor/Data/NetStandard/compat/2.1.0/shims/netstandard/System.Net.Primitives.dll"
-r:"C:/Program Files/Unity/Hub/Editor/6000.5.6f1/Editor/Data/NetStandard/compat/2.1.0/shims/netstandard/System.Net.Requests.dll"
-r:"C:/Program Files/Unity/Hub/Editor/6000.5.6f1/Editor/Data/NetStandard/compat/2.1.0/shims/netstandard/System.Net.Security.dll"
-r:"C:/Program Files/Unity/Hub/Editor/6000.5.6f1/Editor/Data/NetStandard/compat/2.1.0/shims/netstandard/System.Net.Sockets.dll"
-r:"C:/Program Files/Unity/Hub/Editor/6000.5.6f1/Editor/Data/NetStandard/compat/2.1.0/shims/netstandard/System.Net.WebHeaderCollection.dll"
-r:"C:/Program Files/Unity/Hub/Editor/6000.5.6f1/Editor/Data/NetStandard/compat/2.1.0/shims/netstandard/System.Net.WebSockets.Client.dll"
-r:"C:/Program Files/Unity/Hub/Editor/6000.5.6f1/Editor/Data/NetStandard/compat/2.1.0/shims/netstandard/System.Net.WebSockets.dll"
-r:"C:/Program Files/Unity/Hub/Editor/6000.5.6f1/Editor/Data/NetStandard/compat/2.1.0/shims/netstandard/System.Numerics.Vectors.dll"
-r:"C:/Program Files/Unity/Hub/Editor/6000.5.6f1/Editor/Data/NetStandard/compat/2.1.0/shims/netstandard/System.ObjectModel.dll"
-r:"C:/Program Files/Unity/Hub/Editor/6000.5.6f1/Editor/Data/NetStandard/compat/2.1.0/shims/netstandard/System.Reflection.DispatchProxy.dll"
-r:"C:/Program Files/Unity/Hub/Editor/6000.5.6f1/Editor/Data/NetStandard/compat/2.1.0/shims/netstandard/System.Reflection.Emit.ILGeneration.dll"
-r:"C:/Program Files/Unity/Hub/Editor/6000.5.6f1/Editor/Data/NetStandard/compat/2.1.0/shims/netstandard/System.Reflection.Emit.Lightweight.dll"
-r:"C:/Program Files/Unity/Hub/Editor/6000.5.6f1/Editor/Data/NetStandard/compat/2.1.0/shims/netstandard/System.Reflection.Emit.dll"
-r:"C:/Program Files/Unity/Hub/Editor/6000.5.6f1/Editor/Data/NetStandard/compat/2.1.0/shims/netstandard/System.Reflection.Extensions.dll"
-r:"C:/Program Files/Unity/Hub/Editor/6000.5.6f1/Editor/Data/NetStandard/compat/2.1.0/shims/netstandard/System.Reflection.Primitives.dll"
-r:"C:/Program Files/Unity/Hub/Editor/6000.5.6f1/Editor/Data/NetStandard/compat/2.1.0/shims/netstandard/System.Reflection.dll"
-r:"C:/Program Files/Unity/Hub/Editor/6000.5.6f1/Editor/Data/NetStandard/compat/2.1.0/shims/netstandard/System.Resources.Reader.dll"
-r:"C:/Program Files/Unity/Hub/Editor/6000.5.6f1/Editor/Data/NetStandard/compat/2.1.0/shims/netstandard/System.Resources.ResourceManager.dll"
-r:"C:/Program Files/Unity/Hub/Editor/6000.5.6f1/Editor/Data/NetStandard/compat/2.1.0/shims/netstandard/System.Resources.Writer.dll"
-r:"C:/Program Files/Unity/Hub/Editor/6000.5.6f1/Editor/Data/NetStandard/compat/2.1.0/shims/netstandard/System.Runtime.CompilerServices.VisualC.dll"
-r:"C:/Program Files/Unity/Hub/Editor/6000.5.6f1/Editor/Data/NetStandard/compat/2.1.0/shims/netstandard/System.Runtime.Extensions.dll"
-r:"C:/Program Files/Unity/Hub/Editor/6000.5.6f1/Editor/Data/NetStandard/compat/2.1.0/shims/netstandard/System.Runtime.Handles.dll"
-r:"C:/Program Files/Unity/Hub/Editor/6000.5.6f1/Editor/Data/NetStandard/compat/2.1.0/shims/netstandard/System.Runtime.InteropServices.RuntimeInformation.dll"
-r:"C:/Program Files/Unity/Hub/Editor/6000.5.6f1/Editor/Data/NetStandard/compat/2.1.0/shims/netstandard/System.Runtime.InteropServices.dll"
-r:"C:/Program Files/Unity/Hub/Editor/6000.5.6f1/Editor/Data/NetStandard/compat/2.1.0/shims/netstandard/System.Runtime.Numerics.dll"
-r:"C:/Program Files/Unity/Hub/Editor/6000.5.6f1/Editor/Data/NetStandard/compat/2.1.0/shims/netstandard/System.Runtime.Serialization.Formatters.dll"
-r:"C:/Program Files/Unity/Hub/Editor/6000.5.6f1/Editor/Data/NetStandard/compat/2.1.0/shims/netstandard/System.Runtime.Serialization.Json.dll"
-r:"C:/Program Files/Unity/Hub/Editor/6000.5.6f1/Editor/Data/NetStandard/compat/2.1.0/shims/netstandard/System.Runtime.Serialization.Primitives.dll"
-r:"C:/Program Files/Unity/Hub/Editor/6000.5.6f1/Editor/Data/NetStandard/compat/2.1.0/shims/netstandard/System.Runtime.Serialization.Xml.dll"
-r:"C:/Program Files/Unity/Hub/Editor/6000.5.6f1/Editor/Data/NetStandard/compat/2.1.0/shims/netstandard/System.Runtime.dll"
-r:"C:/Program Files/Unity/Hub/Editor/6000.5.6f1/Editor/Data/NetStandard/compat/2.1.0/shims/netstandard/System.Security.Claims.dll"
-r:"C:/Program Files/Unity/Hub/Editor/6000.5.6f1/Editor/Data/NetStandard/compat/2.1.0/shims/netstandard/System.Security.Cryptography.Algorithms.dll"
-r:"C:/Program Files/Unity/Hub/Editor/6000.5.6f1/Editor/Data/NetStandard/compat/2.1.0/shims/netstandard/System.Security.Cryptography.Csp.dll"
-r:"C:/Program Files/Unity/Hub/Editor/6000.5.6f1/Editor/Data/NetStandard/compat/2.1.0/shims/netstandard/System.Security.Cryptography.Encoding.dll"
-r:"C:/Program Files/Unity/Hub/Editor/6000.5.6f1/Editor/Data/NetStandard/compat/2.1.0/shims/netstandard/System.Security.Cryptography.Primitives.dll"
-r:"C:/Program Files/Unity/Hub/Editor/6000.5.6f1/Editor/Data/NetStandard/compat/2.1.0/shims/netstandard/System.Security.Cryptography.X509Certificates.dll"
-r:"C:/Program Files/Unity/Hub/Editor/6000.5.6f1/Editor/Data/NetStandard/compat/2.1.0/shims/netstandard/System.Security.Principal.dll"
-r:"C:/Program Files/Unity/Hub/Editor/6000.5.6f1/Editor/Data/NetStandard/compat/2.1.0/shims/netstandard/System.Security.SecureString.dll"
-r:"C:/Program Files/Unity/Hub/Editor/6000.5.6f1/Editor/Data/NetStandard/compat/2.1.0/shims/netstandard/System.Text.Encoding.Extensions.dll"
-r:"C:/Program Files/Unity/Hub/Editor/6000.5.6f1/Editor/Data/NetStandard/compat/2.1.0/shims/netstandard/System.Text.Encoding.dll"
-r:"C:/Program Files/Unity/Hub/Editor/6000.5.6f1/Editor/Data/NetStandard/compat/2.1.0/shims/netstandard/System.Text.RegularExpressions.dll"
-r:"C:/Program Files/Unity/Hub/Editor/6000.5.6f1/Editor/Data/NetStandard/compat/2.1.0/shims/netstandard/System.Threading.Overlapped.dll"
-r:"C:/Program Files/Unity/Hub/Editor/6000.5.6f1/Editor/Data/NetStandard/compat/2.1.0/shims/netstandard/System.Threading.Tasks.Extensions.dll"
-r:"C:/Program Files/Unity/Hub/Editor/6000.5.6f1/Editor/Data/NetStandard/compat/2.1.0/shims/netstandard/System.Threading.Tasks.Parallel.dll"
-r:"C:/Program Files/Unity/Hub/Editor/6000.5.6f1/Editor/Data/NetStandard/compat/2.1.0/shims/netstandard/System.Threading.Tasks.dll"
-r:"C:/Program Files/Unity/Hub/Editor/6000.5.6f1/Editor/Data/NetStandard/compat/2.1.0/shims/netstandard/System.Threading.Thread.dll"
-r:"C:/Program Files/Unity/Hub/Editor/6000.5.6f1/Editor/Data/NetStandard/compat/2.1.0/shims/netstandard/System.Threading.ThreadPool.dll"
-r:"C:/Program Files/Unity/Hub/Editor/6000.5.6f1/Editor/Data/NetStandard/compat/2.1.0/shims/netstandard/System.Threading.Timer.dll"
-r:"C:/Program Files/Unity/Hub/Editor/6000.5.6f1/Editor/Data/NetStandard/compat/2.1.0/shims/netstandard/System.Threading.dll"
-r:"C:/Program Files/Unity/Hub/Editor/6000.5.6f1/Editor/Data/NetStandard/compat/2.1.0/shims/netstandard/System.ValueTuple.dll"
-r:"C:/Program Files/Unity/Hub/Editor/6000.5.6f1/Editor/Data/NetStandard/compat/2.1.0/shims/netstandard/System.Xml.ReaderWriter.dll"
-r:"C:/Program Files/Unity/Hub/Editor/6000.5.6f1/Editor/Data/NetStandard/compat/2.1.0/shims/netstandard/System.Xml.XDocument.dll"
-r:"C:/Program Files/Unity/Hub/Editor/6000.5.6f1/Editor/Data/NetStandard/compat/2.1.0/shims/netstandard/System.Xml.XPath.XDocument.dll"
-r:"C:/Program Files/Unity/Hub/Editor/6000.5.6f1/Editor/Data/NetStandard/compat/2.1.0/shims/netstandard/System.Xml.XPath.dll"
-r:"C:/Program Files/Unity/Hub/Editor/6000.5.6f1/Editor/Data/NetStandard/compat/2.1.0/shims/netstandard/System.Xml.XmlDocument.dll"
-r:"C:/Program Files/Unity/Hub/Editor/6000.5.6f1/Editor/Data/NetStandard/compat/2.1.0/shims/netstandard/System.Xml.XmlSerializer.dll"
-r:"C:/Program Files/Unity/Hub/Editor/6000.5.6f1/Editor/Data/NetStandard/ref/2.1.0/netstandard.dll"
-r:"Library/PackageCache/com.unity.collections@a43cabe808ca/Unity.Collections.LowLevel.ILSupport/Unity.Collections.LowLevel.ILSupport.dll"
-r:"Library/PackageCache/com.unity.ext.nunit@44f7d31723bd/net472/unity-custom/nunit.framework.dll"
-r:"Library/PackageCache/com.unity.nuget.mono-cecil@ecb9724e46ff/Mono.Cecil.dll"
-r:"Library/PackageCache/com.unity.visualscripting@8bed5ad90189/Runtime/VisualScripting.Flow/Dependencies/NCalc/Unity.VisualScripting.Antlr3.Runtime.dll"
-r:"Library/Bee/artifacts/1900b0aE.dag/Unity.AI.Navigation.Editor.ConversionSystem.ref.dll"
-r:"Library/Bee/artifacts/1900b0aE.dag/Unity.AI.Navigation.Editor.ref.dll"
-r:"Library/Bee/artifacts/1900b0aE.dag/Unity.AI.Navigation.ref.dll"
-r:"Library/Bee/artifacts/1900b0aE.dag/Unity.AI.Navigation.Updater.ref.dll"
-r:"Library/Bee/artifacts/1900b0aE.dag/Unity.Burst.Editor.ref.dll"
-r:"Library/Bee/artifacts/1900b0aE.dag/Unity.Burst.ref.dll"
-r:"Library/Bee/artifacts/1900b0aE.dag/Unity.Collections.Editor.ref.dll"
-r:"Library/Bee/artifacts/1900b0aE.dag/Unity.Collections.ref.dll"
-r:"Library/Bee/artifacts/1900b0aE.dag/Unity.InputSystem.ForUI.Editor.ref.dll"
-r:"Library/Bee/artifacts/1900b0aE.dag/Unity.InputSystem.ForUI.ref.dll"
-r:"Library/Bee/artifacts/1900b0aE.dag/Unity.InputSystem.ref.dll"
-r:"Library/Bee/artifacts/1900b0aE.dag/Unity.InternalAPIEditorBridge.ShaderGraph.Editor.ref.dll"
-r:"Library/Bee/artifacts/1900b0aE.dag/Unity.InternalAPIEngineBridge.004.ref.dll"
-r:"Library/Bee/artifacts/1900b0aE.dag/Unity.InternalAPIEngineBridge.RenderPipelines.Core.Editor.ref.dll"
-r:"Library/Bee/artifacts/1900b0aE.dag/Unity.InternalAPIEngineBridge.RenderPipelines.Core.Runtime.Shared.ref.dll"
-r:"Library/Bee/artifacts/1900b0aE.dag/Unity.Mathematics.ref.dll"
-r:"Library/Bee/artifacts/1900b0aE.dag/Unity.Multiplayer.Center.Common.ref.dll"
-r:"Library/Bee/artifacts/1900b0aE.dag/Unity.Multiplayer.Center.Editor.ref.dll"
-r:"Library/Bee/artifacts/1900b0aE.dag/Unity.PathTracing.Editor.ref.dll"
-r:"Library/Bee/artifacts/1900b0aE.dag/Unity.PathTracing.Runtime.ref.dll"
-r:"Library/Bee/artifacts/1900b0aE.dag/Unity.PlasticSCM.Editor.Assistant.ref.dll"
-r:"Library/Bee/artifacts/1900b0aE.dag/Unity.PlasticSCM.Editor.ref.dll"
-r:"Library/Bee/artifacts/1900b0aE.dag/Unity.Rendering.LightTransport.Editor.ref.dll"
-r:"Library/Bee/artifacts/1900b0aE.dag/Unity.RenderPipeline.Universal.ShaderLibrary.ref.dll"
-r:"Library/Bee/artifacts/1900b0aE.dag/Unity.RenderPipelines.Core.Editor.ref.dll"
-r:"Library/Bee/artifacts/1900b0aE.dag/Unity.RenderPipelines.Core.Editor.Shared.ref.dll"
-r:"Library/Bee/artifacts/1900b0aE.dag/Unity.RenderPipelines.Core.Runtime.ref.dll"
-r:"Library/Bee/artifacts/1900b0aE.dag/Unity.RenderPipelines.Core.Runtime.Shared.ref.dll"
-r:"Library/Bee/artifacts/1900b0aE.dag/Unity.RenderPipelines.Core.ShaderLibrary.ref.dll"
-r:"Library/Bee/artifacts/1900b0aE.dag/Unity.RenderPipelines.GPUDriven.Runtime.ref.dll"
-r:"Library/Bee/artifacts/1900b0aE.dag/Unity.RenderPipelines.ShaderGraph.ShaderGraphLibrary.ref.dll"
-r:"Library/Bee/artifacts/1900b0aE.dag/Unity.RenderPipelines.Universal.2D.Editor.Overrides.ref.dll"
-r:"Library/Bee/artifacts/1900b0aE.dag/Unity.RenderPipelines.Universal.2D.Runtime.ref.dll"
-r:"Library/Bee/artifacts/1900b0aE.dag/Unity.RenderPipelines.Universal.Config.Runtime.ref.dll"
-r:"Library/Bee/artifacts/1900b0aE.dag/Unity.RenderPipelines.Universal.Editor.ref.dll"
-r:"Library/Bee/artifacts/1900b0aE.dag/Unity.RenderPipelines.Universal.Runtime.ref.dll"
-r:"Library/Bee/artifacts/1900b0aE.dag/Unity.RenderPipelines.Universal.Shaders.ref.dll"
-r:"Library/Bee/artifacts/1900b0aE.dag/Unity.Rider.Editor.ref.dll"
-r:"Library/Bee/artifacts/1900b0aE.dag/Unity.Searcher.Editor.ref.dll"
-r:"Library/Bee/artifacts/1900b0aE.dag/Unity.ShaderGraph.Editor.ref.dll"
-r:"Library/Bee/artifacts/1900b0aE.dag/Unity.SurfaceCache.Runtime.ref.dll"
-r:"Library/Bee/artifacts/1900b0aE.dag/Unity.TextMeshPro.Editor.ref.dll"
-r:"Library/Bee/artifacts/1900b0aE.dag/Unity.TextMeshPro.ref.dll"
-r:"Library/Bee/artifacts/1900b0aE.dag/Unity.Timeline.Editor.ref.dll"
-r:"Library/Bee/artifacts/1900b0aE.dag/Unity.Timeline.ref.dll"
-r:"Library/Bee/artifacts/1900b0aE.dag/Unity.UnifiedRayTracing.Runtime.ref.dll"
-r:"Library/Bee/artifacts/1900b0aE.dag/Unity.VisualScripting.Core.Editor.ref.dll"
-r:"Library/Bee/artifacts/1900b0aE.dag/Unity.VisualScripting.Core.ref.dll"
-r:"Library/Bee/artifacts/1900b0aE.dag/Unity.VisualScripting.Flow.Editor.ref.dll"
-r:"Library/Bee/artifacts/1900b0aE.dag/Unity.VisualScripting.Flow.ref.dll"
-r:"Library/Bee/artifacts/1900b0aE.dag/Unity.VisualScripting.SettingsProvider.Editor.ref.dll"
-r:"Library/Bee/artifacts/1900b0aE.dag/Unity.VisualScripting.Shared.Editor.ref.dll"
-r:"Library/Bee/artifacts/1900b0aE.dag/Unity.VisualScripting.State.Editor.ref.dll"
-r:"Library/Bee/artifacts/1900b0aE.dag/Unity.VisualScripting.State.ref.dll"
-r:"Library/Bee/artifacts/1900b0aE.dag/Unity.VisualStudio.Editor.ref.dll"
-r:"Library/Bee/artifacts/1900b0aE.dag/UnityEditor.UI.Analytics.ref.dll"
-r:"Library/Bee/artifacts/1900b0aE.dag/UnityEditor.UI.ref.dll"
-r:"Library/Bee/artifacts/1900b0aE.dag/UnityEngine.UI.ref.dll"
-analyzer:"C:/Program Files/Unity/Hub/Editor/6000.5.6f1/Editor/Data/BCLExtensions/TargetingPacks/netstandard2.1/analyzers/dotnet/roslyn4.0/cs/Microsoft.Extensions.Logging.Generators.dll"
-analyzer:"C:/Program Files/Unity/Hub/Editor/6000.5.6f1/Editor/Data/BCLExtensions/TargetingPacks/netstandard2.1/analyzers/dotnet/roslyn4.0/cs/System.Text.Json.SourceGeneration.dll"
-analyzer:"C:/Program Files/Unity/Hub/Editor/6000.5.6f1/Editor/Data/Tools/BuildPipeline/Unity.Analyzers.Common/Unity.Analyzers.Common.dll"
-analyzer:"C:/Program Files/Unity/Hub/Editor/6000.5.6f1/Editor/Data/Tools/BuildPipeline/Unity.Analyzers.LongLiving/Unity.Analyzers.LongLiving.dll"
-analyzer:"C:/Program Files/Unity/Hub/Editor/6000.5.6f1/Editor/Data/Tools/BuildPipeline/Unity.SourceGenerators/Unity.Properties.SourceGenerator.dll"
-analyzer:"C:/Program Files/Unity/Hub/Editor/6000.5.6f1/Editor/Data/Tools/BuildPipeline/Unity.SourceGenerators/Unity.SourceGenerators.dll"
-analyzer:"C:/Program Files/Unity/Hub/Editor/6000.5.6f1/Editor/Data/Tools/BuildPipeline/Unity.SourceGenerators/Unity.UIToolkit.SourceGenerator.dll"
"Assets/Scripts/RISController.cs"
"Assets/Scripts/RISSignalModel.cs"
"Assets/TutorialInfo/Scripts/Readme.cs"
-langversion:9.0
/deterministic
/optimize+
/debug:portable
/nologo
/RuntimeMetadataVersion:v4.0.30319
/nowarn:0169
/nowarn:0649
/nowarn:0282
/nowarn:1701
/nowarn:1702
/utf8output
/preferreduilang:en-US
/additionalfile:"Library/Bee/artifacts/1900b0aE.dag/Assembly-CSharp.UnityAdditionalFile.txt"
##### Custom Environment Variables
DOTNET_HOST_PATH=C:\Program Files\Unity\Hub\Editor\6000.5.6f1\Editor\Data\DotNetSdk\dotnet.exe
DOTNET_MULTILEVEL_LOOKUP=0
##### ExitCode
1
##### Output
Assets\Scripts\RISSignalModel.cs(28,15): warning CS8321: The local function 'CalculateFreeSpacePathLoss' is declared but never used

Assets\Scripts\RISSignalModel.cs(63,33): error CS0103: The name 'CalculateFreeSpacePathLoss' does not exist in the current context

Assets\Scripts\RISSignalModel.cs(64,33): error CS0103: The name 'CalculateFreeSpacePathLoss' does not exist in the current context
*** Tundra build failed (0.30 seconds), 2 items updated, 937 evaluated
## Script Compilation Error for: Csc Library/Bee/artifacts/1900b0aE.dag/Assembly-CSharp.dll (+2 others)
## CmdLine: "C:\Program Files\Unity\Hub\Editor\6000.5.6f1\Editor\Data\DotNetSdk\dotnet.exe" exec "C:/Program Files/Unity/Hub/Editor/6000.5.6f1/Editor/Data/DotNetSdk/sdk/8.0.318/Roslyn/bincore/csc.dll" /nostdlib /noconfig /shared "@Library/Bee/artifacts/1900b0aE.dag/Assembly-CSharp.rsp" "@Library/Bee/artifacts/1900b0aE.dag/Assembly-CSharp.rsp2"
## Output:
Assets\Scripts\RISSignalModel.cs(28,15): warning CS8321: The local function 'CalculateFreeSpacePathLoss' is declared but never used
Assets\Scripts\RISSignalModel.cs(63,33): error CS0103: The name 'CalculateFreeSpacePathLoss' does not exist in the current context
Assets\Scripts\RISSignalModel.cs(64,33): error CS0103: The name 'CalculateFreeSpacePathLoss' does not exist in the current context

Assets\Scripts\RISSignalModel.cs(28,15): warning CS8321: The local function 'CalculateFreeSpacePathLoss' is declared but never used
Assets\Scripts\RISSignalModel.cs(63,33): error CS0103: The name 'CalculateFreeSpacePathLoss' does not exist in the current context
Assets\Scripts\RISSignalModel.cs(64,33): error CS0103: The name 'CalculateFreeSpacePathLoss' does not exist in the current context
Total cache size 267245200
Total cache size after purge 267245200, took 00:00:00.5018484
Asset Pipeline Refresh (id=9a7c7720a8ba66941b61e01c76f41445): Total: 0.005 seconds - Initiated by RefreshV2(AllowForceSynchronousImport)
Importing 'GUID: 99c9720ab356a0642a771bea13969a05 - Path: Assets/Scenes/SampleScene.unity' with importer (DefaultImporter)
Imported 'GUID: 99c9720ab356a0642a771bea13969a05' -> (Import Result ID: 'c09e276528934c9117287cb405cd67f3') in 0.006 seconds [static dependencies only]. Details - ImportResultOutputID=378ca25c6c95e370f41ed482e616ed68 DependenciesID=a5cb2322aa7e59bfad0d8fd10868e750 StaticDependenciesID=98130a171bda8248984e2e5d256060a3 
Refreshing native plugins compatible for Editor in 2.18 ms, found 4 plugins.
Asset Pipeline Refresh (id=8553ae7c162999c44b215c4f00fc9440): Total: 0.080 seconds - Initiated by StopAssetImportingV2(NoUpdateAssetOptions)
MonoPathRemapper: Attempts to remap: 217031; Successful remaps: 37832
Serialized file version minimum: 22, current 23
[LAYOUT] About to save layout D:\Private\unity projects\graduation project\UserSettings\Layouts\default-6000.dwlt
[LAYOUT] About to save layout C:/Users/moham/AppData/Roaming/Unity/Editor-5.x/Preferences\Layouts\current\default-6000.dwlt
Input System module state changed to: ShutdownInProgress.
Input Polling Thread exited.
Input System module state changed to: Shutdown.
[Physics::Module] Cleanup current backend.
[Physics::Module] Id: 0xf2b8ea05
[Licensing::IpcConnector] LicenseClient-moham-6000.5.6-notifications channel disconnected successfully.
[Licensing::IpcConnector] LicenseClient-moham-6000.5.6 channel disconnected successfully.
Shut down.
AcceleratorClientConnectionCallback - disconnected - :0
Cleanup mono
CodeReloadManager destroyed
abort_threads: Failed aborting id: 00000000000074F0, mono_thread_manage will ignore it

abort_threads: Failed aborting id: 0000000000005CD4, mono_thread_manage will ignore it

abort_threads: Failed aborting id: 00000000000074F0, mono_thread_manage will ignore it

abort_threads: Failed aborting id: 0000000000005CD4, mono_thread_manage will ignore it

debugger-agent: Unable to listen on 4628
Checking for leaked weakptr:
  Found no leaked weakptrs.
[Package Manager] Server process was shutdown
##utp:{"type":"MemoryLeaks","version":2,"phase":"Immediate","time":1790508201040,"processId":14392,"allocatedMemory":56018421,"memoryLabels":[{"Default":238378},{"Permanent":15516},{"NewDelete":85093},{"Thread":4210552},{"Manager":821800},{"VertexData":8},{"Geometry":816},{"Texture":24},{"Shader":867313},{"Material":24},{"GfxDevice":70136},{"GfxThread":16128},{"Animation":952},{"Audio":1168},{"FreeType":8},{"FontEngine":736},{"Physics":2146},{"Physics2D":16},{"Serialization":1283008},{"Input":45280},{"JobScheduler":256},{"TextLib":23254},{"Mono":48},{"MonoCode":128},{"ScriptingNativeRuntime":1948836},{"BaseObject":2344394},{"Resource":1208},{"Renderer":3080},{"Transform":4685},{"File":15881},{"WebCam":616},{"Culling":32},{"Terrain":11442},{"Wind":24},{"STL":40},{"String":9757},{"StaticString":3808},{"Utility":2674005},{"Curl":48},{"PoolAlloc":2360},{"AI":80},{"TypeTree":1548380},{"CodeReload":448},{"RuntimeInitializeOnLoadManager":64},{"Sprites":102},{"SpriteAtlas":120},{"GI":7816},{"Director":8296},{"CloudService":6920},{"WebRequest":12775},{"VR":47114},{"SceneManager":608},{"Video":208},{"LazyScriptCache":32},{"NativeArray":33071224},{"Camera":17},{"Secure":2729},{"SerializationCache":1576},{"APIUpdating":10320},{"Subsystems":336},{"VirtualTexturing":57888},{"StaticSafetyDebugInfo":278528},{"Analytics":552},{"Hierarchy":1176},{"UIElements":1001568},{"CoreStats":13688},{"Identifiers":6768},{"Gui":268086},{"EditorUtility":287888},{"VersionControl":8},{"Undo":931},{"AssetDatabase":4602651},{"AssetImporter":40},{"EditorGi":328},{"UnityConnect":35346},{"Upm":1988},{"UpmDiagnostics":8},{"AssetCompliance":64},{"DrivenProperties":72},{"LocalIPC":211},{"ProfilerEditor":9746},{"CoreBusinessMetrics":3480},{"Windowing":456},{"TLS":24157},{"Licensing":664},{"AssetReference":32},{"IPCStream":32}]}
